1,DISHONOURED NOTICE,600001,VARMA S,"W/O M S MANJUNATHA                       5/E,  I CROSS                         RAGHAVENDRA NAGAR,  ",575007,SURESH V NAIK ,"SOWBHAGYA NILAYA ,TOCHILA (PO)          POST , JEPPINAMOGARU,                   MANGALORE           ",00941140061100 ,575240002,SURESH V NAIK ,,SAVINGS ,726038886,3500,2125379754,Insufficient Balance   ,20140808,,,M,G
2,DISHONOURED NOTICE,600001,VARMA S,"W/O M S MANJUNATHA                       5/E,  I CROSS                         RAGHAVENDRA NAGAR,  ",575007,SURESH V NAIK ,"SOWBHAGYA NILAYA ,TOCHILA (PO)          POST , JEPPINAMOGARU,                   MANGALORE           ",00941140061100 ,575240002,SURESH V NAIK ,,SAVINGS ,726038886,3500,2125379754,Insufficient Balance   ,20140808,,,M,G
3,DISHONOURED NOTICE,600001,VARMA S,"W/O M S MANJUNATHA                       5/E,  I CROSS                         RAGHAVENDRA NAGAR,  ",575007,SURESH V NAIK ,"SOWBHAGYA NILAYA ,TOCHILA (PO)          POST , JEPPINAMOGARU,                   MANGALORE           ",00941140061100 ,575240002,SURESH V NAIK ,,SAVINGS ,726038886,3500,2125379754,Insufficient Balance   ,20140808,,,M,G
4,DISHONOURED NOTICE,600001,VARMA S,"W/O M S MANJUNATHA                       5/E,  I CROSS                         RAGHAVENDRA NAGAR,  ",575007,SURESH V NAIK ,"SOWBHAGYA NILAYA ,TOCHILA (PO)          POST , JEPPINAMOGARU,                   MANGALORE           ",00941140061100 ,575240002,SURESH V NAIK ,,SAVINGS ,726038886,3500,2125379754,Insufficient Balance   ,20140808,,,M,G
5,DISHONOURED NOTICE,600001,VARMA S,"W/O M S MANJUNATHA                       5/E,  I CROSS                         RAGHAVENDRA NAGAR,  ",575007,SURESH V NAIK ,"SOWBHAGYA NILAYA ,TOCHILA (PO)          POST , JEPPINAMOGARU,                   MANGALORE           ",00941140061100 ,575240002,SURESH V NAIK ,,SAVINGS ,726038886,3500,2125379754,Insufficient Balance   ,20140808,,,M,G
6,DISHONOURED NOTICE,600001,VARMA S,"W/O M S MANJUNATHA                       5/E,  I CROSS                         RAGHAVENDRA NAGAR,  ",575007,SURESH V NAIK ,"SOWBHAGYA NILAYA ,TOCHILA (PO)          POST , JEPPINAMOGARU,                   MANGALORE           ",00941140061100 ,575240002,SURESH V NAIK ,,SAVINGS ,726038886,3500,2125379754,Insufficient Balance   ,20140808,,,M,G
7,DISHONOURED NOTICE,600001,VARMA S,"W/O M S MANJUNATHA                       5/E,  I CROSS                         RAGHAVENDRA NAGAR,  ",575007,SURESH V NAIK ,"SOWBHAGYA NILAYA ,TOCHILA (PO)          POST , JEPPINAMOGARU,                   MANGALORE           ",00941140061100 ,575240002,SURESH V NAIK ,,SAVINGS ,726038886,3500,2125379754,Insufficient Balance   ,20140808,,,M,G
8,DISHONOURED NOTICE,600001,VARMA S,"W/O M S MANJUNATHA                       5/E,  I CROSS                         RAGHAVENDRA NAGAR,  ",575007,SURESH V NAIK ,"SOWBHAGYA NILAYA ,TOCHILA (PO)          POST , JEPPINAMOGARU,                   MANGALORE           ",00941140061100 ,575240002,SURESH V NAIK ,,SAVINGS ,726038886,3500,2125379754,Insufficient Balance   ,20140808,,,M,G
9,DISHONOURED NOTICE,600001,VARMA S,"W/O M S MANJUNATHA                       5/E,  I CROSS                         RAGHAVENDRA NAGAR,  ",575007,SURESH V NAIK ,"SOWBHAGYA NILAYA ,TOCHILA (PO)          POST , JEPPINAMOGARU,                   MANGALORE           ",00941140061100 ,575240002,SURESH V NAIK ,,SAVINGS ,726038886,3500,2125379754,Insufficient Balance   ,20140808,,,M,G
10,DISHONOURED NOTICE,600001,VARMA S,"W/O M S MANJUNATHA                       5/E,  I CROSS                         RAGHAVENDRA NAGAR,  ",575007,SURESH V NAIK ,"SOWBHAGYA NILAYA ,TOCHILA (PO)          POST , JEPPINAMOGARU,                   MANGALORE           ",00941140061100 ,575240002,SURESH V NAIK ,,SAVINGS ,726038886,3500,2125379754,Insufficient Balance   ,20140808,,,M,G
11,DISHONOURED NOTICE,600001,VARMA S,"W/O M S MANJUNATHA                       5/E,  I CROSS                         RAGHAVENDRA NAGAR,  ",575007,SURESH V NAIK ,"SOWBHAGYA NILAYA ,TOCHILA (PO)          POST , JEPPINAMOGARU,                   MANGALORE           ",00941140061100 ,575240002,SURESH V NAIK ,,SAVINGS ,726038886,3500,2125379754,Insufficient Balance   ,20140808,,,M,G
12,DISHONOURED NOTICE,600001,VARMA S,"W/O M S MANJUNATHA                       5/E,  I CROSS                         RAGHAVENDRA NAGAR,  ",575007,SURESH V NAIK ,"SOWBHAGYA NILAYA ,TOCHILA (PO)          POST , JEPPINAMOGARU,                   MANGALORE           ",00941140061100 ,575240002,SURESH V NAIK ,,SAVINGS ,726038886,3500,2125379754,Insufficient Balance   ,20140808,,,M,G
13,DISHONOURED NOTICE,600001,VARMA S,"W/O M S MANJUNATHA                       5/E,  I CROSS                         RAGHAVENDRA NAGAR,  ",575007,SURESH V NAIK ,"SOWBHAGYA NILAYA ,TOCHILA (PO)          POST , JEPPINAMOGARU,                   MANGALORE           ",00941140061100 ,575240002,SURESH V NAIK ,,SAVINGS ,726038886,3500,2125379754,Insufficient Balance   ,20140808,,,M,G
14,DISHONOURED NOTICE,600001,VARMA S,"W/O M S MANJUNATHA                       5/E,  I CROSS                         RAGHAVENDRA NAGAR,  ",575007,SURESH V NAIK ,"SOWBHAGYA NILAYA ,TOCHILA (PO)          POST , JEPPINAMOGARU,                   MANGALORE           ",00941140061100 ,575240002,SURESH V NAIK ,,SAVINGS ,726038886,3500,2125379754,Insufficient Balance   ,20140808,,,M,G
15,DISHONOURED NOTICE,600001,VARMA S,"W/O M S MANJUNATHA                       5/E,  I CROSS                         RAGHAVENDRA NAGAR,  ",575007,SURESH V NAIK ,"SOWBHAGYA NILAYA ,TOCHILA (PO)          POST , JEPPINAMOGARU,                   MANGALORE           ",00941140061100 ,575240002,SURESH V NAIK ,,SAVINGS ,726038886,3500,2125379754,Insufficient Balance   ,20140808,,,M,G
16,DISHONOURED NOTICE,600001,VARMA S,"W/O M S MANJUNATHA                       5/E,  I CROSS                         RAGHAVENDRA NAGAR,  ",575007,SURESH V NAIK ,"SOWBHAGYA NILAYA ,TOCHILA (PO)          POST , JEPPINAMOGARU,                   MANGALORE           ",00941140061100 ,575240002,SURESH V NAIK ,,SAVINGS ,726038886,3500,2125379754,Insufficient Balance   ,20140808,,,M,G
17,DISHONOURED NOTICE,600001,VARMA S,"W/O M S MANJUNATHA                       5/E,  I CROSS                         RAGHAVENDRA NAGAR,  ",575007,SURESH V NAIK ,"SOWBHAGYA NILAYA ,TOCHILA (PO)          POST , JEPPINAMOGARU,                   MANGALORE           ",00941140061100 ,575240002,SURESH V NAIK ,,SAVINGS ,726038886,3500,2125379754,Insufficient Balance   ,20140808,,,M,G
18,DISHONOURED NOTICE,600001,VARMA S,"W/O M S MANJUNATHA                       5/E,  I CROSS                         RAGHAVENDRA NAGAR,  ",575007,SURESH V NAIK ,"SOWBHAGYA NILAYA ,TOCHILA (PO)          POST , JEPPINAMOGARU,                   MANGALORE           ",00941140061100 ,575240002,SURESH V NAIK ,,SAVINGS ,726038886,3500,2125379754,Insufficient Balance   ,20140808,,,M,G
19,DISHONOURED NOTICE,600001,VARMA S,"W/O M S MANJUNATHA                       5/E,  I CROSS                         RAGHAVENDRA NAGAR,  ",575007,SURESH V NAIK ,"SOWBHAGYA NILAYA ,TOCHILA (PO)          POST , JEPPINAMOGARU,                   MANGALORE           ",00941140061100 ,575240002,SURESH V NAIK ,,SAVINGS ,726038886,3500,2125379754,Insufficient Balance   ,20140808,,,M,G
20,DISHONOURED NOTICE,600001,VARMA S,"W/O M S MANJUNATHA                       5/E,  I CROSS                         RAGHAVENDRA NAGAR,  ",575007,SURESH V NAIK ,"SOWBHAGYA NILAYA ,TOCHILA (PO)          POST , JEPPINAMOGARU,                   MANGALORE           ",00941140061100 ,575240002,SURESH V NAIK ,,SAVINGS ,726038886,3500,2125379754,Insufficient Balance   ,20140808,,,M,G
21,DISHONOURED NOTICE,600001,VARMA S,"W/O M S MANJUNATHA                       5/E,  I CROSS                         RAGHAVENDRA NAGAR,  ",575007,SURESH V NAIK ,"SOWBHAGYA NILAYA ,TOCHILA (PO)          POST , JEPPINAMOGARU,                   MANGALORE           ",00941140061100 ,575240002,SURESH V NAIK ,,SAVINGS ,726038886,3500,2125379754,Insufficient Balance   ,20140808,,,M,G
22,DISHONOURED NOTICE,600001,VARMA S,"W/O M S MANJUNATHA                       5/E,  I CROSS                         RAGHAVENDRA NAGAR,  ",575007,SURESH V NAIK ,"SOWBHAGYA NILAYA ,TOCHILA (PO)          POST , JEPPINAMOGARU,                   MANGALORE           ",00941140061100 ,575240002,SURESH V NAIK ,,SAVINGS ,726038886,3500,2125379754,Insufficient Balance   ,20140808,,,M,G
23,DISHONOURED NOTICE,600001,VARMA S,"W/O M S MANJUNATHA                       5/E,  I CROSS                         RAGHAVENDRA NAGAR,  ",575007,SURESH V NAIK ,"SOWBHAGYA NILAYA ,TOCHILA (PO)          POST , JEPPINAMOGARU,                   MANGALORE           ",00941140061100 ,575240002,SURESH V NAIK ,,SAVINGS ,726038886,3500,2125379754,Insufficient Balance   ,20140808,,,M,G
24,DISHONOURED NOTICE,600001,VARMA S,"W/O M S MANJUNATHA                       5/E,  I CROSS                         RAGHAVENDRA NAGAR,  ",575007,SURESH V NAIK ,"SOWBHAGYA NILAYA ,TOCHILA (PO)          POST , JEPPINAMOGARU,                   MANGALORE           ",00941140061100 ,575240002,SURESH V NAIK ,,SAVINGS ,726038886,3500,2125379754,Insufficient Balance   ,20140808,,,M,G
25,DISHONOURED NOTICE,600001,VARMA S,"W/O M S MANJUNATHA                       5/E,  I CROSS                         RAGHAVENDRA NAGAR,  ",575007,SURESH V NAIK ,"SOWBHAGYA NILAYA ,TOCHILA (PO)          POST , JEPPINAMOGARU,                   MANGALORE           ",00941140061100 ,575240002,SURESH V NAIK ,,SAVINGS ,726038886,3500,2125379754,Insufficient Balance   ,20140808,,,M,G
26,DISHONOURED NOTICE,600001,VARMA S,"W/O M S MANJUNATHA                       5/E,  I CROSS                         RAGHAVENDRA NAGAR,  ",575007,SURESH V NAIK ,"SOWBHAGYA NILAYA ,TOCHILA (PO)          POST , JEPPINAMOGARU,                   MANGALORE           ",00941140061100 ,575240002,SURESH V NAIK ,,SAVINGS ,726038886,3500,2125379754,Insufficient Balance   ,20140808,,,M,G
27,DISHONOURED NOTICE,600001,VARMA S,"W/O M S MANJUNATHA                       5/E,  I CROSS                         RAGHAVENDRA NAGAR,  ",575007,SURESH V NAIK ,"SOWBHAGYA NILAYA ,TOCHILA (PO)          POST , JEPPINAMOGARU,                   MANGALORE           ",00941140061100 ,575240002,SURESH V NAIK ,,SAVINGS ,726038886,3500,2125379754,Insufficient Balance   ,20140808,,,M,G
28,DISHONOURED NOTICE,600001,VARMA S,"W/O M S MANJUNATHA                       5/E,  I CROSS                         RAGHAVENDRA NAGAR,  ",575007,SURESH V NAIK ,"SOWBHAGYA NILAYA ,TOCHILA (PO)          POST , JEPPINAMOGARU,                   MANGALORE           ",00941140061100 ,575240002,SURESH V NAIK ,,SAVINGS ,726038886,3500,2125379754,Insufficient Balance   ,20140808,,,M,G
29,DISHONOURED NOTICE,600001,VARMA S,"W/O M S MANJUNATHA                       5/E,  I CROSS                         RAGHAVENDRA NAGAR,  ",575007,SURESH V NAIK ,"SOWBHAGYA NILAYA ,TOCHILA (PO)          POST , JEPPINAMOGARU,                   MANGALORE           ",00941140061100 ,575240002,SURESH V NAIK ,,SAVINGS ,726038886,3500,2125379754,Insufficient Balance   ,20140808,,,M,G
30,DISHONOURED NOTICE,600001,VARMA S,"W/O M S MANJUNATHA                       5/E,  I CROSS                         RAGHAVENDRA NAGAR,  ",575007,SURESH V NAIK ,"SOWBHAGYA NILAYA ,TOCHILA (PO)          POST , JEPPINAMOGARU,                   MANGALORE           ",00941140061100 ,575240002,SURESH V NAIK ,,SAVINGS ,726038886,3500,2125379754,Insufficient Balance   ,20140808,,,M,G
31,DISHONOURED NOTICE,600001,VARMA S,"W/O M S MANJUNATHA                       5/E,  I CROSS                         RAGHAVENDRA NAGAR,  ",575007,SURESH V NAIK ,"SOWBHAGYA NILAYA ,TOCHILA (PO)          POST , JEPPINAMOGARU,                   MANGALORE           ",00941140061100 ,575240002,SURESH V NAIK ,,SAVINGS ,726038886,3500,2125379754,Insufficient Balance   ,20140808,,,M,G
32,DISHONOURED NOTICE,600001,VARMA S,"W/O M S MANJUNATHA                       5/E,  I CROSS                         RAGHAVENDRA NAGAR,  ",575007,SURESH V NAIK ,"SOWBHAGYA NILAYA ,TOCHILA (PO)          POST , JEPPINAMOGARU,                   MANGALORE           ",00941140061100 ,575240002,SURESH V NAIK ,,SAVINGS ,726038886,3500,2125379754,Insufficient Balance   ,20140808,,,M,G
33,DISHONOURED NOTICE,600001,VARMA S,"W/O M S MANJUNATHA                       5/E,  I CROSS                         RAGHAVENDRA NAGAR,  ",575007,SURESH V NAIK ,"SOWBHAGYA NILAYA ,TOCHILA (PO)          POST , JEPPINAMOGARU,                   MANGALORE           ",00941140061100 ,575240002,SURESH V NAIK ,,SAVINGS ,726038886,3500,2125379754,Insufficient Balance   ,20140808,,,M,G
34,DISHONOURED NOTICE,600001,VARMA S,"W/O M S MANJUNATHA                       5/E,  I CROSS                         RAGHAVENDRA NAGAR,  ",575007,SURESH V NAIK ,"SOWBHAGYA NILAYA ,TOCHILA (PO)          POST , JEPPINAMOGARU,                   MANGALORE           ",00941140061100 ,575240002,SURESH V NAIK ,,SAVINGS ,726038886,3500,2125379754,Insufficient Balance   ,20140808,,,M,G
35,DISHONOURED NOTICE,600001,VARMA S,"W/O M S MANJUNATHA                       5/E,  I CROSS                         RAGHAVENDRA NAGAR,  ",575007,SURESH V NAIK ,"SOWBHAGYA NILAYA ,TOCHILA (PO)          POST , JEPPINAMOGARU,                   MANGALORE           ",00941140061100 ,575240002,SURESH V NAIK ,,SAVINGS ,726038886,3500,2125379754,Insufficient Balance   ,20140808,,,M,G
36,DISHONOURED NOTICE,600001,VARMA S,"W/O M S MANJUNATHA                       5/E,  I CROSS                         RAGHAVENDRA NAGAR,  ",575007,SURESH V NAIK ,"SOWBHAGYA NILAYA ,TOCHILA (PO)          POST , JEPPINAMOGARU,                   MANGALORE           ",00941140061100 ,575240002,SURESH V NAIK ,,SAVINGS ,726038886,3500,2125379754,Insufficient Balance   ,20140808,,,M,G
37,DISHONOURED NOTICE,600001,VARMA S,"W/O M S MANJUNATHA                       5/E,  I CROSS                         RAGHAVENDRA NAGAR,  ",575007,SURESH V NAIK ,"SOWBHAGYA NILAYA ,TOCHILA (PO)          POST , JEPPINAMOGARU,                   MANGALORE           ",00941140061100 ,575240002,SURESH V NAIK ,,SAVINGS ,726038886,3500,2125379754,Insufficient Balance   ,20140808,,,M,G
38,DISHONOURED NOTICE,600001,VARMA S,"W/O M S MANJUNATHA                       5/E,  I CROSS                         RAGHAVENDRA NAGAR,  ",575007,SURESH V NAIK ,"SOWBHAGYA NILAYA ,TOCHILA (PO)          POST , JEPPINAMOGARU,                   MANGALORE           ",00941140061100 ,575240002,SURESH V NAIK ,,SAVINGS ,726038886,3500,2125379754,Insufficient Balance   ,20140808,,,M,G
39,DISHONOURED NOTICE,600001,VARMA S,"W/O M S MANJUNATHA                       5/E,  I CROSS                         RAGHAVENDRA NAGAR,  ",575007,SURESH V NAIK ,"SOWBHAGYA NILAYA ,TOCHILA (PO)          POST , JEPPINAMOGARU,                   MANGALORE           ",00941140061100 ,575240002,SURESH V NAIK ,,SAVINGS ,726038886,3500,2125379754,Insufficient Balance   ,20140808,,,M,G
40,DISHONOURED NOTICE,600001,VARMA S,"W/O M S MANJUNATHA                       5/E,  I CROSS                         RAGHAVENDRA NAGAR,  ",575007,SURESH V NAIK ,"SOWBHAGYA NILAYA ,TOCHILA (PO)          POST , JEPPINAMOGARU,                   MANGALORE           ",00941140061100 ,575240002,SURESH V NAIK ,,SAVINGS ,726038886,3500,2125379754,Insufficient Balance   ,20140808,,,M,G
41,DISHONOURED NOTICE,600001,VARMA S,"W/O M S MANJUNATHA                       5/E,  I CROSS                         RAGHAVENDRA NAGAR,  ",575007,SURESH V NAIK ,"SOWBHAGYA NILAYA ,TOCHILA (PO)          POST , JEPPINAMOGARU,                   MANGALORE           ",00941140061100 ,575240002,SURESH V NAIK ,,SAVINGS ,726038886,3500,2125379754,Insufficient Balance   ,20140808,,,M,G
42,DISHONOURED NOTICE,600001,VARMA S,"W/O M S MANJUNATHA                       5/E,  I CROSS                         RAGHAVENDRA NAGAR,  ",575007,SURESH V NAIK ,"SOWBHAGYA NILAYA ,TOCHILA (PO)          POST , JEPPINAMOGARU,                   MANGALORE           ",00941140061100 ,575240002,SURESH V NAIK ,,SAVINGS ,726038886,3500,2125379754,Insufficient Balance   ,20140808,,,M,G
43,DISHONOURED NOTICE,600001,VARMA S,"W/O M S MANJUNATHA                       5/E,  I CROSS                         RAGHAVENDRA NAGAR,  ",575007,SURESH V NAIK ,"SOWBHAGYA NILAYA ,TOCHILA (PO)          POST , JEPPINAMOGARU,                   MANGALORE           ",00941140061100 ,575240002,SURESH V NAIK ,,SAVINGS ,726038886,3500,2125379754,Insufficient Balance   ,20140808,,,M,G
44,DISHONOURED NOTICE,600001,VARMA S,"W/O M S MANJUNATHA                       5/E,  I CROSS                         RAGHAVENDRA NAGAR,  ",575007,SURESH V NAIK ,"SOWBHAGYA NILAYA ,TOCHILA (PO)          POST , JEPPINAMOGARU,                   MANGALORE           ",00941140061100 ,575240002,SURESH V NAIK ,,SAVINGS ,726038886,3500,2125379754,Insufficient Balance   ,20140808,,,M,G
45,DISHONOURED NOTICE,600001,VARMA S,"W/O M S MANJUNATHA                       5/E,  I CROSS                         RAGHAVENDRA NAGAR,  ",575007,SURESH V NAIK ,"SOWBHAGYA NILAYA ,TOCHILA (PO)          POST , JEPPINAMOGARU,                   MANGALORE           ",00941140061100 ,575240002,SURESH V NAIK ,,SAVINGS ,726038886,3500,2125379754,Insufficient Balance   ,20140808,,,M,G
46,DISHONOURED NOTICE,600001,VARMA S,"W/O M S MANJUNATHA                       5/E,  I CROSS                         RAGHAVENDRA NAGAR,  ",575007,SURESH V NAIK ,"SOWBHAGYA NILAYA ,TOCHILA (PO)          POST , JEPPINAMOGARU,                   MANGALORE           ",00941140061100 ,575240002,SURESH V NAIK ,,SAVINGS ,726038886,3500,2125379754,Insufficient Balance   ,20140808,,,M,G
47,DISHONOURED NOTICE,600001,VARMA S,"W/O M S MANJUNATHA                       5/E,  I CROSS                         RAGHAVENDRA NAGAR,  ",575007,SURESH V NAIK ,"SOWBHAGYA NILAYA ,TOCHILA (PO)          POST , JEPPINAMOGARU,                   MANGALORE           ",00941140061100 ,575240002,SURESH V NAIK ,,SAVINGS ,726038886,3500,2125379754,Insufficient Balance   ,20140808,,,M,G
48,DISHONOURED NOTICE,600001,VARMA S,"W/O M S MANJUNATHA                       5/E,  I CROSS                         RAGHAVENDRA NAGAR,  ",575007,SURESH V NAIK ,"SOWBHAGYA NILAYA ,TOCHILA (PO)          POST , JEPPINAMOGARU,                   MANGALORE           ",00941140061100 ,575240002,SURESH V NAIK ,,SAVINGS ,726038886,3500,2125379754,Insufficient Balance   ,20140808,,,M,G
49,DISHONOURED NOTICE,600001,VARMA S,"W/O M S MANJUNATHA                       5/E,  I CROSS                         RAGHAVENDRA NAGAR,  ",575007,SURESH V NAIK ,"SOWBHAGYA NILAYA ,TOCHILA (PO)          POST , JEPPINAMOGARU,                   MANGALORE           ",00941140061100 ,575240002,SURESH V NAIK ,,SAVINGS ,726038886,3500,2125379754,Insufficient Balance   ,20140808,,,M,G
50,DISHONOURED NOTICE,600001,VARMA S,"W/O M S MANJUNATHA                       5/E,  I CROSS                         RAGHAVENDRA NAGAR,  ",575007,SURESH V NAIK ,"SOWBHAGYA NILAYA ,TOCHILA (PO)          POST , JEPPINAMOGARU,                   MANGALORE           ",00941140061100 ,575240002,SURESH V NAIK ,,SAVINGS ,726038886,3500,2125379754,Insufficient Balance   ,20140808,,,M,G
51,DISHONOURED NOTICE,600001,VARMA S,"W/O M S MANJUNATHA                       5/E,  I CROSS                         RAGHAVENDRA NAGAR,  ",575007,SURESH V NAIK ,"SOWBHAGYA NILAYA ,TOCHILA (PO)          POST , JEPPINAMOGARU,                   MANGALORE           ",00941140061100 ,575240002,SURESH V NAIK ,,SAVINGS ,726038886,3500,2125379754,Insufficient Balance   ,20140808,,,M,G
52,DISHONOURED NOTICE,600001,VARMA S,"W/O M S MANJUNATHA                       5/E,  I CROSS                         RAGHAVENDRA NAGAR,  ",575007,SURESH V NAIK ,"SOWBHAGYA NILAYA ,TOCHILA (PO)          POST , JEPPINAMOGARU,                   MANGALORE           ",00941140061100 ,575240002,SURESH V NAIK ,,SAVINGS ,726038886,3500,2125379754,Insufficient Balance   ,20140808,,,M,G
53,DISHONOURED NOTICE,600001,VARMA S,"W/O M S MANJUNATHA                       5/E,  I CROSS                         RAGHAVENDRA NAGAR,  ",575007,SURESH V NAIK ,"SOWBHAGYA NILAYA ,TOCHILA (PO)          POST , JEPPINAMOGARU,                   MANGALORE           ",00941140061100 ,575240002,SURESH V NAIK ,,SAVINGS ,726038886,3500,2125379754,Insufficient Balance   ,20140808,,,M,G
54,DISHONOURED NOTICE,600001,VARMA S,"W/O M S MANJUNATHA                       5/E,  I CROSS                         RAGHAVENDRA NAGAR,  ",575007,SURESH V NAIK ,"SOWBHAGYA NILAYA ,TOCHILA (PO)          POST , JEPPINAMOGARU,                   MANGALORE           ",00941140061100 ,575240002,SURESH V NAIK ,,SAVINGS ,726038886,3500,2125379754,Insufficient Balance   ,20140808,,,M,G
55,DISHONOURED NOTICE,600001,VARMA S,"W/O M S MANJUNATHA                       5/E,  I CROSS                         RAGHAVENDRA NAGAR,  ",575007,SURESH V NAIK ,"SOWBHAGYA NILAYA ,TOCHILA (PO)          POST , JEPPINAMOGARU,                   MANGALORE           ",00941140061100 ,575240002,SURESH V NAIK ,,SAVINGS ,726038886,3500,2125379754,Insufficient Balance   ,20140808,,,M,G
56,DISHONOURED NOTICE,600001,VARMA S,"W/O M S MANJUNATHA                       5/E,  I CROSS                         RAGHAVENDRA NAGAR,  ",575007,SURESH V NAIK ,"SOWBHAGYA NILAYA ,TOCHILA (PO)          POST , JEPPINAMOGARU,                   MANGALORE           ",00941140061100 ,575240002,SURESH V NAIK ,,SAVINGS ,726038886,3500,2125379754,Insufficient Balance   ,20140808,,,M,G
57,DISHONOURED NOTICE,600001,VARMA S,"W/O M S MANJUNATHA                       5/E,  I CROSS                         RAGHAVENDRA NAGAR,  ",575007,SURESH V NAIK ,"SOWBHAGYA NILAYA ,TOCHILA (PO)          POST , JEPPINAMOGARU,                   MANGALORE           ",00941140061100 ,575240002,SURESH V NAIK ,,SAVINGS ,726038886,3500,2125379754,Insufficient Balance   ,20140808,,,M,G
58,DISHONOURED NOTICE,600001,VARMA S,"W/O M S MANJUNATHA                       5/E,  I CROSS                         RAGHAVENDRA NAGAR,  ",575007,SURESH V NAIK ,"SOWBHAGYA NILAYA ,TOCHILA (PO)          POST , JEPPINAMOGARU,                   MANGALORE           ",00941140061100 ,575240002,SURESH V NAIK ,,SAVINGS ,726038886,3500,2125379754,Insufficient Balance   ,20140808,,,M,G
59,DISHONOURED NOTICE,600001,VARMA S,"W/O M S MANJUNATHA                       5/E,  I CROSS                         RAGHAVENDRA NAGAR,  ",575007,SURESH V NAIK ,"SOWBHAGYA NILAYA ,TOCHILA (PO)          POST , JEPPINAMOGARU,                   MANGALORE           ",00941140061100 ,575240002,SURESH V NAIK ,,SAVINGS ,726038886,3500,2125379754,Insufficient Balance   ,20140808,,,M,G
60,DISHONOURED NOTICE,600001,VARMA S,"W/O M S MANJUNATHA                       5/E,  I CROSS                         RAGHAVENDRA NAGAR,  ",575007,SURESH V NAIK ,"SOWBHAGYA NILAYA ,TOCHILA (PO)          POST , JEPPINAMOGARU,                   MANGALORE           ",00941140061100 ,575240002,SURESH V NAIK ,,SAVINGS ,726038886,3500,2125379754,Insufficient Balance   ,20140808,,,M,G
61,DISHONOURED NOTICE,600001,VARMA S,"W/O M S MANJUNATHA                       5/E,  I CROSS                         RAGHAVENDRA NAGAR,  ",575007,SURESH V NAIK ,"SOWBHAGYA NILAYA ,TOCHILA (PO)          POST , JEPPINAMOGARU,                   MANGALORE           ",00941140061100 ,575240002,SURESH V NAIK ,,SAVINGS ,726038886,3500,2125379754,Insufficient Balance   ,20140808,,,M,G
62,DISHONOURED NOTICE,600001,VARMA S,"W/O M S MANJUNATHA                       5/E,  I CROSS                         RAGHAVENDRA NAGAR,  ",575007,SURESH V NAIK ,"SOWBHAGYA NILAYA ,TOCHILA (PO)          POST , JEPPINAMOGARU,                   MANGALORE           ",00941140061100 ,575240002,SURESH V NAIK ,,SAVINGS ,726038886,3500,2125379754,Insufficient Balance   ,20140808,,,M,G
63,DISHONOURED NOTICE,600001,VARMA S,"W/O M S MANJUNATHA                       5/E,  I CROSS                         RAGHAVENDRA NAGAR,  ",575007,SURESH V NAIK ,"SOWBHAGYA NILAYA ,TOCHILA (PO)          POST , JEPPINAMOGARU,                   MANGALORE           ",00941140061100 ,575240002,SURESH V NAIK ,,SAVINGS ,726038886,3500,2125379754,Insufficient Balance   ,20140808,,,M,G
64,DISHONOURED NOTICE,600001,VARMA S,"W/O M S MANJUNATHA                       5/E,  I CROSS                         RAGHAVENDRA NAGAR,  ",575007,SURESH V NAIK ,"SOWBHAGYA NILAYA ,TOCHILA (PO)          POST , JEPPINAMOGARU,                   MANGALORE           ",00941140061100 ,575240002,SURESH V NAIK ,,SAVINGS ,726038886,3500,2125379754,Insufficient Balance   ,20140808,,,M,G
65,DISHONOURED NOTICE,600001,VARMA S,"W/O M S MANJUNATHA                       5/E,  I CROSS                         RAGHAVENDRA NAGAR,  ",575007,SURESH V NAIK ,"SOWBHAGYA NILAYA ,TOCHILA (PO)          POST , JEPPINAMOGARU,                   MANGALORE           ",00941140061100 ,575240002,SURESH V NAIK ,,SAVINGS ,726038886,3500,2125379754,Insufficient Balance   ,20140808,,,M,G
66,DISHONOURED NOTICE,600001,VARMA S,"W/O M S MANJUNATHA                       5/E,  I CROSS                         RAGHAVENDRA NAGAR,  ",575007,SURESH V NAIK ,"SOWBHAGYA NILAYA ,TOCHILA (PO)          POST , JEPPINAMOGARU,                   MANGALORE           ",00941140061100 ,575240002,SURESH V NAIK ,,SAVINGS ,726038886,3500,2125379754,Insufficient Balance   ,20140808,,,M,G
67,DISHONOURED NOTICE,600001,VARMA S,"W/O M S MANJUNATHA                       5/E,  I CROSS                         RAGHAVENDRA NAGAR,  ",575007,SURESH V NAIK ,"SOWBHAGYA NILAYA ,TOCHILA (PO)          POST , JEPPINAMOGARU,                   MANGALORE           ",00941140061100 ,575240002,SURESH V NAIK ,,SAVINGS ,726038886,3500,2125379754,Insufficient Balance   ,20140808,,,M,G
68,DISHONOURED NOTICE,600001,VARMA S,"W/O M S MANJUNATHA                       5/E,  I CROSS                         RAGHAVENDRA NAGAR,  ",575007,SURESH V NAIK ,"SOWBHAGYA NILAYA ,TOCHILA (PO)          POST , JEPPINAMOGARU,                   MANGALORE           ",00941140061100 ,575240002,SURESH V NAIK ,,SAVINGS ,726038886,3500,2125379754,Insufficient Balance   ,20140808,,,M,G
69,DISHONOURED NOTICE,600001,VARMA S,"W/O M S MANJUNATHA                       5/E,  I CROSS                         RAGHAVENDRA NAGAR,  ",575007,SURESH V NAIK ,"SOWBHAGYA NILAYA ,TOCHILA (PO)          POST , JEPPINAMOGARU,                   MANGALORE           ",00941140061100 ,575240002,SURESH V NAIK ,,SAVINGS ,726038886,3500,2125379754,Insufficient Balance   ,20140808,,,M,G
70,DISHONOURED NOTICE,600001,VARMA S,"W/O M S MANJUNATHA                       5/E,  I CROSS                         RAGHAVENDRA NAGAR,  ",575007,SURESH V NAIK ,"SOWBHAGYA NILAYA ,TOCHILA (PO)          POST , JEPPINAMOGARU,                   MANGALORE           ",00941140061100 ,575240002,SURESH V NAIK ,,SAVINGS ,726038886,3500,2125379754,Insufficient Balance   ,20140808,,,M,G
71,DISHONOURED NOTICE,600001,VARMA S,"W/O M S MANJUNATHA                       5/E,  I CROSS                         RAGHAVENDRA NAGAR,  ",575007,SURESH V NAIK ,"SOWBHAGYA NILAYA ,TOCHILA (PO)          POST , JEPPINAMOGARU,                   MANGALORE           ",00941140061100 ,575240002,SURESH V NAIK ,,SAVINGS ,726038886,3500,2125379754,Insufficient Balance   ,20140808,,,M,G
72,DISHONOURED NOTICE,600001,VARMA S,"W/O M S MANJUNATHA                       5/E,  I CROSS                         RAGHAVENDRA NAGAR,  ",575007,SURESH V NAIK ,"SOWBHAGYA NILAYA ,TOCHILA (PO)          POST , JEPPINAMOGARU,                   MANGALORE           ",00941140061100 ,575240002,SURESH V NAIK ,,SAVINGS ,726038886,3500,2125379754,Insufficient Balance   ,20140808,,,M,G
73,DISHONOURED NOTICE,600001,VARMA S,"W/O M S MANJUNATHA                       5/E,  I CROSS                         RAGHAVENDRA NAGAR,  ",575007,SURESH V NAIK ,"SOWBHAGYA NILAYA ,TOCHILA (PO)          POST , JEPPINAMOGARU,                   MANGALORE           ",00941140061100 ,575240002,SURESH V NAIK ,,SAVINGS ,726038886,3500,2125379754,Insufficient Balance   ,20140808,,,M,G
74,DISHONOURED NOTICE,600001,VARMA S,"W/O M S MANJUNATHA                       5/E,  I CROSS                         RAGHAVENDRA NAGAR,  ",575007,SURESH V NAIK ,"SOWBHAGYA NILAYA ,TOCHILA (PO)          POST , JEPPINAMOGARU,                   MANGALORE           ",00941140061100 ,575240002,SURESH V NAIK ,,SAVINGS ,726038886,3500,2125379754,Insufficient Balance   ,20140808,,,M,G
75,DISHONOURED NOTICE,600001,VARMA S,"W/O M S MANJUNATHA                       5/E,  I CROSS                         RAGHAVENDRA NAGAR,  ",575007,SURESH V NAIK ,"SOWBHAGYA NILAYA ,TOCHILA (PO)          POST , JEPPINAMOGARU,                   MANGALORE           ",00941140061100 ,575240002,SURESH V NAIK ,,SAVINGS ,726038886,3500,2125379754,Insufficient Balance   ,20140808,,,M,G
76,DISHONOURED NOTICE,600001,VARMA S,"W/O M S MANJUNATHA                       5/E,  I CROSS                         RAGHAVENDRA NAGAR,  ",575007,SURESH V NAIK ,"SOWBHAGYA NILAYA ,TOCHILA (PO)          POST , JEPPINAMOGARU,                   MANGALORE           ",00941140061100 ,575240002,SURESH V NAIK ,,SAVINGS ,726038886,3500,2125379754,Insufficient Balance   ,20140808,,,M,G
77,DISHONOURED NOTICE,600001,VARMA S,"W/O M S MANJUNATHA                       5/E,  I CROSS                         RAGHAVENDRA NAGAR,  ",575007,SURESH V NAIK ,"SOWBHAGYA NILAYA ,TOCHILA (PO)          POST , JEPPINAMOGARU,                   MANGALORE           ",00941140061100 ,575240002,SURESH V NAIK ,,SAVINGS ,726038886,3500,2125379754,Insufficient Balance   ,20140808,,,M,G
78,DISHONOURED NOTICE,600001,VARMA S,"W/O M S MANJUNATHA                       5/E,  I CROSS                         RAGHAVENDRA NAGAR,  ",575007,SURESH V NAIK ,"SOWBHAGYA NILAYA ,TOCHILA (PO)          POST , JEPPINAMOGARU,                   MANGALORE           ",00941140061100 ,575240002,SURESH V NAIK ,,SAVINGS ,726038886,3500,2125379754,Insufficient Balance   ,20140808,,,M,G
79,DISHONOURED NOTICE,600001,VARMA S,"W/O M S MANJUNATHA                       5/E,  I CROSS                         RAGHAVENDRA NAGAR,  ",575007,SURESH V NAIK ,"SOWBHAGYA NILAYA ,TOCHILA (PO)          POST , JEPPINAMOGARU,                   MANGALORE           ",00941140061100 ,575240002,SURESH V NAIK ,,SAVINGS ,726038886,3500,2125379754,Insufficient Balance   ,20140808,,,M,G
80,DISHONOURED NOTICE,600001,VARMA S,"W/O M S MANJUNATHA                       5/E,  I CROSS                         RAGHAVENDRA NAGAR,  ",575007,SURESH V NAIK ,"SOWBHAGYA NILAYA ,TOCHILA (PO)          POST , JEPPINAMOGARU,                   MANGALORE           ",00941140061100 ,575240002,SURESH V NAIK ,,SAVINGS ,726038886,3500,2125379754,Insufficient Balance   ,20140808,,,M,G
81,DISHONOURED NOTICE,600001,VARMA S,"W/O M S MANJUNATHA                       5/E,  I CROSS                         RAGHAVENDRA NAGAR,  ",575007,SURESH V NAIK ,"SOWBHAGYA NILAYA ,TOCHILA (PO)          POST , JEPPINAMOGARU,                   MANGALORE           ",00941140061100 ,575240002,SURESH V NAIK ,,SAVINGS ,726038886,3500,2125379754,Insufficient Balance   ,20140808,,,M,G
82,DISHONOURED NOTICE,600001,VARMA S,"W/O M S MANJUNATHA                       5/E,  I CROSS                         RAGHAVENDRA NAGAR,  ",575007,SURESH V NAIK ,"SOWBHAGYA NILAYA ,TOCHILA (PO)          POST , JEPPINAMOGARU,                   MANGALORE           ",00941140061100 ,575240002,SURESH V NAIK ,,SAVINGS ,726038886,3500,2125379754,Insufficient Balance   ,20140808,,,M,G
83,DISHONOURED NOTICE,600001,VARMA S,"W/O M S MANJUNATHA                       5/E,  I CROSS                         RAGHAVENDRA NAGAR,  ",575007,SURESH V NAIK ,"SOWBHAGYA NILAYA ,TOCHILA (PO)          POST , JEPPINAMOGARU,                   MANGALORE           ",00941140061100 ,575240002,SURESH V NAIK ,,SAVINGS ,726038886,3500,2125379754,Insufficient Balance   ,20140808,,,M,G
84,DISHONOURED NOTICE,600001,VARMA S,"W/O M S MANJUNATHA                       5/E,  I CROSS                         RAGHAVENDRA NAGAR,  ",575007,SURESH V NAIK ,"SOWBHAGYA NILAYA ,TOCHILA (PO)          POST , JEPPINAMOGARU,                   MANGALORE           ",00941140061100 ,575240002,SURESH V NAIK ,,SAVINGS ,726038886,3500,2125379754,Insufficient Balance   ,20140808,,,M,G
85,DISHONOURED NOTICE,600001,VARMA S,"W/O M S MANJUNATHA                       5/E,  I CROSS                         RAGHAVENDRA NAGAR,  ",575007,SURESH V NAIK ,"SOWBHAGYA NILAYA ,TOCHILA (PO)          POST , JEPPINAMOGARU,                   MANGALORE           ",00941140061100 ,575240002,SURESH V NAIK ,,SAVINGS ,726038886,3500,2125379754,Insufficient Balance   ,20140808,,,M,G
86,DISHONOURED NOTICE,600001,VARMA S,"W/O M S MANJUNATHA                       5/E,  I CROSS                         RAGHAVENDRA NAGAR,  ",575007,SURESH V NAIK ,"SOWBHAGYA NILAYA ,TOCHILA (PO)          POST , JEPPINAMOGARU,                   MANGALORE           ",00941140061100 ,575240002,SURESH V NAIK ,,SAVINGS ,726038886,3500,2125379754,Insufficient Balance   ,20140808,,,M,G
87,DISHONOURED NOTICE,600001,VARMA S,"W/O M S MANJUNATHA                       5/E,  I CROSS                         RAGHAVENDRA NAGAR,  ",575007,SURESH V NAIK ,"SOWBHAGYA NILAYA ,TOCHILA (PO)          POST , JEPPINAMOGARU,                   MANGALORE           ",00941140061100 ,575240002,SURESH V NAIK ,,SAVINGS ,726038886,3500,2125379754,Insufficient Balance   ,20140808,,,M,G
88,DISHONOURED NOTICE,600001,VARMA S,"W/O M S MANJUNATHA                       5/E,  I CROSS                         RAGHAVENDRA NAGAR,  ",575007,SURESH V NAIK ,"SOWBHAGYA NILAYA ,TOCHILA (PO)          POST , JEPPINAMOGARU,                   MANGALORE           ",00941140061100 ,575240002,SURESH V NAIK ,,SAVINGS ,726038886,3500,2125379754,Insufficient Balance   ,20140808,,,M,G
89,DISHONOURED NOTICE,600001,VARMA S,"W/O M S MANJUNATHA                       5/E,  I CROSS                         RAGHAVENDRA NAGAR,  ",575007,SURESH V NAIK ,"SOWBHAGYA NILAYA ,TOCHILA (PO)          POST , JEPPINAMOGARU,                   MANGALORE           ",00941140061100 ,575240002,SURESH V NAIK ,,SAVINGS ,726038886,3500,2125379754,Insufficient Balance   ,20140808,,,M,G
90,DISHONOURED NOTICE,600001,VARMA S,"W/O M S MANJUNATHA                       5/E,  I CROSS                         RAGHAVENDRA NAGAR,  ",575007,SURESH V NAIK ,"SOWBHAGYA NILAYA ,TOCHILA (PO)          POST , JEPPINAMOGARU,                   MANGALORE           ",00941140061100 ,575240002,SURESH V NAIK ,,SAVINGS ,726038886,3500,2125379754,Insufficient Balance   ,20140808,,,M,G
91,DISHONOURED NOTICE,600001,VARMA S,"W/O M S MANJUNATHA                       5/E,  I CROSS                         RAGHAVENDRA NAGAR,  ",575007,SURESH V NAIK ,"SOWBHAGYA NILAYA ,TOCHILA (PO)          POST , JEPPINAMOGARU,                   MANGALORE           ",00941140061100 ,575240002,SURESH V NAIK ,,SAVINGS ,726038886,3500,2125379754,Insufficient Balance   ,20140808,,,M,G
92,DISHONOURED NOTICE,600001,VARMA S,"W/O M S MANJUNATHA                       5/E,  I CROSS                         RAGHAVENDRA NAGAR,  ",575007,SURESH V NAIK ,"SOWBHAGYA NILAYA ,TOCHILA (PO)          POST , JEPPINAMOGARU,                   MANGALORE           ",00941140061100 ,575240002,SURESH V NAIK ,,SAVINGS ,726038886,3500,2125379754,Insufficient Balance   ,20140808,,,M,G
93,DISHONOURED NOTICE,600001,VARMA S,"W/O M S MANJUNATHA                       5/E,  I CROSS                         RAGHAVENDRA NAGAR,  ",575007,SURESH V NAIK ,"SOWBHAGYA NILAYA ,TOCHILA (PO)          POST , JEPPINAMOGARU,                   MANGALORE           ",00941140061100 ,575240002,SURESH V NAIK ,,SAVINGS ,726038886,3500,2125379754,Insufficient Balance   ,20140808,,,M,G
94,DISHONOURED NOTICE,600001,VARMA S,"W/O M S MANJUNATHA                       5/E,  I CROSS                         RAGHAVENDRA NAGAR,  ",575007,SURESH V NAIK ,"SOWBHAGYA NILAYA ,TOCHILA (PO)          POST , JEPPINAMOGARU,                   MANGALORE           ",00941140061100 ,575240002,SURESH V NAIK ,,SAVINGS ,726038886,3500,2125379754,Insufficient Balance   ,20140808,,,M,G
95,DISHONOURED NOTICE,600001,VARMA S,"W/O M S MANJUNATHA                       5/E,  I CROSS                         RAGHAVENDRA NAGAR,  ",575007,SURESH V NAIK ,"SOWBHAGYA NILAYA ,TOCHILA (PO)          POST , JEPPINAMOGARU,                   MANGALORE           ",00941140061100 ,575240002,SURESH V NAIK ,,SAVINGS ,726038886,3500,2125379754,Insufficient Balance   ,20140808,,,M,G
96,DISHONOURED NOTICE,600001,VARMA S,"W/O M S MANJUNATHA                       5/E,  I CROSS                         RAGHAVENDRA NAGAR,  ",575007,SURESH V NAIK ,"SOWBHAGYA NILAYA ,TOCHILA (PO)          POST , JEPPINAMOGARU,                   MANGALORE           ",00941140061100 ,575240002,SURESH V NAIK ,,SAVINGS ,726038886,3500,2125379754,Insufficient Balance   ,20140808,,,M,G
97,DISHONOURED NOTICE,600001,VARMA S,"W/O M S MANJUNATHA                       5/E,  I CROSS                         RAGHAVENDRA NAGAR,  ",575007,SURESH V NAIK ,"SOWBHAGYA NILAYA ,TOCHILA (PO)          POST , JEPPINAMOGARU,                   MANGALORE           ",00941140061100 ,575240002,SURESH V NAIK ,,SAVINGS ,726038886,3500,2125379754,Insufficient Balance   ,20140808,,,M,G
98,DISHONOURED NOTICE,600001,VARMA S,"W/O M S MANJUNATHA                       5/E,  I CROSS                         RAGHAVENDRA NAGAR,  ",575007,SURESH V NAIK ,"SOWBHAGYA NILAYA ,TOCHILA (PO)          POST , JEPPINAMOGARU,                   MANGALORE           ",00941140061100 ,575240002,SURESH V NAIK ,,SAVINGS ,726038886,3500,2125379754,Insufficient Balance   ,20140808,,,M,G
99,DISHONOURED NOTICE,600001,VARMA S,"W/O M S MANJUNATHA                       5/E,  I CROSS                         RAGHAVENDRA NAGAR,  ",575007,SURESH V NAIK ,"SOWBHAGYA NILAYA ,TOCHILA (PO)          POST , JEPPINAMOGARU,                   MANGALORE           ",00941140061100 ,575240002,SURESH V NAIK ,,SAVINGS ,726038886,3500,2125379754,Insufficient Balance   ,20140808,,,M,G
100,DISHONOURED NOTICE,600001,VARMA S,"W/O M S MANJUNATHA                       5/E,  I CROSS RAGHAVENDRA NAGAR,",575007,SURESH V NAIK ,"SOWBHAGYA NILAYA ,TOCHILA (PO)          POST , JEPPINAMOGARU,                   MANGALORE           ",00941140061100 ,575240002,SURESH V NAIK ,,SAVINGS ,726038886,3500,2125379754,Insufficient Balance   ,20140808,,,M,G