"Amount","Name","ADD1","ADD2","ADD3","City","Pincode","Phone","Communication","Remitter Reference"
540,"Shakera","SBI CB 4","LB Nagar",,"MYSORE",570001,9999999999,"asdsad asddasd",987
1300,"Srijib","IP","Islampet",,"MYSORE",570001,9999999999,"asdsad asddasd",988
500,"Satyanarayana","AD (BD), O/o CPMG, MP Circle","Lohia Road",,"MYSORE",570001,9999999999,"asdsad asddasd",989
285,"Subbulakshmi","SDC, O/o CPMG, TN Circle","Anna Road",,"MYSORE",570001,9999999999,"asdsad asddasd",990
4230,"Pratap","Captain","RK Puram",,"Kolkata",560100,9999999999,"asdsad asddasd",991
540,"Shakera","SBI CB 4","LB Nagar",,"MYSORE",570001,9999999999,"asdsad asddasd",987
1300,"Srijib","IP","Islampet",,"MYSORE",570001,9999999999,"asdsad asddasd",988
500,,"AD (BD), O/o CPMG, MP Circle","Lohia Road",,"Kolkata",560100,9999999999,"asdsad asddasd",989
285,"Subbulakshmi","SDC, O/o CPMG, TN Circle","Anna Road",,"MYSORE",570001,9999999999,"asdsad asddasd",990
4230,"Pratap","Captain","RK Puram",,"MYSORE",570001,9999999999,"asdsad asddasd",991
540,"Shakera","SBI CB 4","LB Nagar",,"MYSORE",570001,9999999999,"asdsad asddasd",987
