<!--
    Document    : tcs_inception_skin.xml
    Created on  : June 16, 2011, 3:41 PM
    Author      : TCS
    Copyright   :(C) Copyright 2011 TATA CONSULTANCY SERVICES
    Description:
        Purpose of the document follows.

-->

<synth>

    <style id="default">
        <font name="Tahoma" size="14"/>
        <state>
            <color type="FOREGROUND" value="#FF0000"/>
            <color type="TEXT_FOREGROUND" value="#FF0000"/>
            <color type="BACKGROUND" value="#888888"/>
        </state>
    </style>
    <bind style="default" type="region" key=".*"/>

	<style id="panel1">
		<object id="background" class="com.tcs.swing.common.plaf.skins.inception.InceptionPainter"/>
		<object class="javax.swing.plaf.ColorUIResource" id="startColor">
			<int>140</int>
			<int>123</int>
			<int>235</int>
		</object>
		<defaultsProperty key="Panel.startBackground" type="idref" value="startColor"/>
		<object class="javax.swing.plaf.ColorUIResource" id="endColor">
			<int>1</int>
			<int>200</int>
			<int>80</int>
		</object>
		<defaultsProperty key="Panel.endBackground" type="idref" value="endColor"/>
		<painter method="panelBackground" idref="background"/>
	</style>
	<bind style="panel1" type="region" key="Panel"/>

</synth>




<!--
  <style id="panel">
	  <object id="background" class="com.tcs.pos.client.plaf.skins.arc.ArcPainter"/>
	  <object class="javax.swing.plaf.ColorUIResource" id="startColor">
	    <int>140</int>
	    <int>123</int>
	    <int>235</int>
	  </object>
	  <defaultsProperty key="Panel.startBackground" type="idref" value="startColor"/>
	  <object class="javax.swing.plaf.ColorUIResource" id="endColor">
	    <int>1</int>
	    <int>200</int>
	    <int>80</int>
	  </object>
	  <defaultsProperty key="Panel.endBackground" type="idref" value="endColor"/>
     <painter method="panelBackground" idref="background"/>
  </style>
  <bind style="panel" type="region" key="Panel"/>



  <style id="textfield">
    <state>
       <font name="Aharoni" size="14"/>
       <color value="#ffffff" type="BACKGROUND"/>
       <color value="#000000" type="TEXT_FOREGROUND"/>
    </state>
    <imagePainter method="textFieldBorder" path="textfield.png"
                  sourceInsets="4 6 4 6" paintCenter="false"/>
    <insets top="4" left="6" bottom="4" right="6"/>
  </style>
  <bind style="textfield" type="region" key="TextField"/>


  <style id="button">
      <state>
	    <imagePainter method="buttonBackground" path="/com/tcs/swing/common/conf/skins/arc/button.png"
	                  sourceInsets="9 10 9 12" paintCenter="true" stretch="true"/>
	    <insets top="9" left="10" bottom="9" right="12"/>
	    <font name="Arial" size="16"/>
	    <color type="TEXT_FOREGROUND" value="#FFFFFF"/>
      </state>
      <state value="MOUSE_OVER">
	    <imagePainter method="buttonBackground" path="/com/tcs/swing/common/conf/skins/arc/button_on.png"
	                  sourceInsets="9 10 9 12" paintCenter="true" stretch="true"/>
	    <insets top="9" left="10" bottom="9" right="12"/>
	    <color type="TEXT_FOREGROUND" value="#FFFFFF"/>
      </state>
      <state value="PRESSED">
	    <imagePainter method="buttonBackground" path="/com/tcs/swing/common/conf/skins/arc/button_press.png"
	                  sourceInsets="10 12 8 9" paintCenter="true" stretch="true"/>
	    <insets top="10" left="12" bottom="8" right="9"/>
	    <color type="TEXT_FOREGROUND" value="#FFFFFF"/>
      </state>
    <property key="Button.margin" type="insets" value="0 0 0 0"/>
  </style>
  <bind style="button" type="region" key="Button"/>


  <style id="checkbox">
    	<imageIcon id="check_off" path="/com/tcs/swing/common/conf/skins/arc/checkbox_off.png"/>
    	<imageIcon id="check_on" path="/com/tcs/swing/common/conf/skins/arc/checkbox_on.png"/>
      <property key="CheckBox.icon" value="check_off"/>
      <state value="SELECTED">
         <property key="CheckBox.icon" value="check_on"/>
	  </state>
  </style>
  <bind style="checkbox" type="region" key="Checkbox"/>

  <style id="default">
  		<font name="Aharoni" size="14"/>
  		<state>
		   <color type="FOREGROUND" value="#00FF00"/>
		   <color type="TEXT_FOREGROUND" value="#FF0000"/>
		   <color type="FOCUS" value="#00FFFFF"/>
			<object class="javax.swing.plaf.ColorUIResource" id="bkg">
				<int>120</int>
				<int>90</int>
				<int>255</int>
			</object>
			<color type="BACKGROUND" idref="bkg"/>
  		</state>
  </style>

  <style id="default1">
  		<font name="Aharoni" size="14"/>
  		<state>
		   <color type="FOREGROUND" value="#00FF00"/>
		   <color type="TEXT_FOREGROUND" value="#FF0000"/>
		   <color type="FOCUS" value="#00FFFFF"/>
			<object class="javax.swing.plaf.ColorUIResource" id="bkg">
				<int>255</int>
				<int>0</int>
				<int>255</int>
			</object>
			<color type="BACKGROUND" idref="bkg"/>
			<object class="javax.swing.plaf.ColorUIResource" id="tbkg">
				<int>255</int>
				<int>255</int>
				<int>255</int>
			</object>
			<color type="TEXT_BACKGROUND" idref="tbkg"/>
  		</state>
  </style>
  <style id="d2">
	  <state>
	<color type="FOCUS" value="#00FFFFF"/>
			<color type="BACKGROUND" idref="bkg"/>
			<color type="FOREGROUND" value="#00FF00"/>
			<object class="javax.swing.plaf.ColorUIResource" id="bkg2">
				<int>255</int>
				<int>255</int>
				<int>255</int>
			</object>
			<color type="TEXT_BACKGROUND" idref="bkg2"/>
		</state>
  </style>
  <bind style="d2" type="region" key=".*"/>


	<style id="rowCol">

			<object class="javax.swing.plaf.ColorUIResource" id="rcol1">
				<int>0</int>
				<int>0</int>
				<int>0</int>
			</object>
			<property key="Table.rowFirstColor" type="idref" value="rcol1"/>
			<object class="javax.swing.plaf.ColorUIResource" id="rcol2">
				<int>128</int>
				<int>128</int>
				<int>128</int>
			</object>
			<property key="Table.rowSecondColor" type="idref" value="rcol2"/>

	</style>
	<bind style="rowCol" type="region" key=".*"/>
-->

