<?xml version="1.0" encoding="UTF-8" ?>
<!DOCTYPE sqlMap PUBLIC "-//ibatis.apache.org//DTD SQL Map 2.0//EN" "http://ibatis.apache.org/dtd/sql-map-2.dtd" >
<sqlMap namespace="DOP_BILL_MAIL_TRANSPORT" >
  <resultMap id="abatorgenerated_DopBillMailTransportResult" class="com.tcs.pos.common.data.billmail.DopBillMailTransport" >
    <!--
      WARNING - This element is automatically generated by Abator for iBATIS, do not modify.
      This element was generated on Tue Feb 25 20:08:42 GMT+05:30 2014.
    -->
    <result column="BILL_MAIL_ID" property="billMailId" jdbcType="INTEGER" />
    <result column="BILL_MAIL_TRANSPORT_ID" property="billMailTransportId" jdbcType="INTEGER" />
    <result column="INVOICE_NO" property="invoiceNo" jdbcType="VARCHAR" />
    <result column="SERVICE_ID" property="serviceId" jdbcType="VARCHAR" />
    <result column="CONTAINER" property="container" jdbcType="VARCHAR" />
    <result column="ZIP" property="zip" jdbcType="INTEGER" />
    <result column="WEIGHT" property="weight" jdbcType="REAL" />
    <result column="TRANSPORT_AMOUNT" property="transportAmount" jdbcType="REAL" />
    <result column="CREATED_BY" property="createdBy" jdbcType="VARCHAR" />
    <result column="CREATED_ON" property="createdOn" jdbcType="TIMESTAMP" />
    <result column="MODIFIED_BY" property="modifiedBy" jdbcType="VARCHAR" />
    <result column="MODIFIED_ON" property="modifiedOn" jdbcType="TIMESTAMP" />
    <result column="ARTICLE_NO" property="articleNo" jdbcType="VARCHAR" />
  </resultMap>
   <resultMap id="selectByArticleNo" class="com.tcs.pos.common.data.billmail.DopBillMailTransport" >
    <!--
      WARNING - This element is automatically generated by Abator for iBATIS, do not modify.
      This element was generated on Tue Feb 25 20:08:42 GMT+05:30 2014.
    -->
    <result column="ARTICLE_NO" property="articleNo" jdbcType="VARCHAR" />
  </resultMap>
  <select id="abatorgenerated_selectByPrimaryKey" resultMap="abatorgenerated_DopBillMailTransportResult" parameterClass="com.tcs.pos.common.data.billmail.DopBillMailTransportKey" >
    <!--
      WARNING - This element is automatically generated by Abator for iBATIS, do not modify.
      This element was generated on Tue Feb 25 20:08:42 GMT+05:30 2014.
    -->
    select BILL_MAIL_ID, BILL_MAIL_TRANSPORT_ID, INVOICE_NO, SERVICE_ID, CONTAINER, ZIP, WEIGHT,
      TRANSPORT_AMOUNT, CREATED_BY, CREATED_ON, MODIFIED_BY, MODIFIED_ON
    from DOP_BILL_MAIL_TRANSPORT
    where BILL_MAIL_ID = #billMailId:INTEGER#
      and BILL_MAIL_TRANSPORT_ID = #billMailTransportId:INTEGER#
      and INVOICE_NO = #invoiceNo:VARCHAR# FOR READ ONLY
  </select>
  <delete id="abatorgenerated_deleteByPrimaryKey" parameterClass="com.tcs.pos.common.data.billmail.DopBillMailTransportKey" >
    <!--
      WARNING - This element is automatically generated by Abator for iBATIS, do not modify.
      This element was generated on Tue Feb 25 20:08:42 GMT+05:30 2014.
    -->
    delete from DOP_BILL_MAIL_TRANSPORT
    where BILL_MAIL_ID = #billMailId:INTEGER#
      and BILL_MAIL_TRANSPORT_ID = #billMailTransportId:INTEGER#
      and INVOICE_NO = #invoiceNo:VARCHAR#
  </delete>
  <insert id="abatorgenerated_insert" parameterClass="com.tcs.pos.common.data.billmail.DopBillMailTransport" >
    <!--
      WARNING - This element is automatically generated by Abator for iBATIS, do not modify.
      This element was generated on Tue Feb 25 20:08:42 GMT+05:30 2014.
    -->
    insert into DOP_BILL_MAIL_TRANSPORT (BILL_MAIL_ID, BILL_MAIL_TRANSPORT_ID, INVOICE_NO,
      SERVICE_ID, CONTAINER, ZIP, WEIGHT, TRANSPORT_AMOUNT, CREATED_BY, CREATED_ON, MODIFIED_BY,
      MODIFIED_ON,ARTICLE_NO)
    values (#billMailId:INTEGER#, #billMailTransportId:INTEGER#, #invoiceNo:VARCHAR#,
      #serviceId:VARCHAR#, #container:VARCHAR#, #zip:INTEGER#, #weight:REAL#,
      #transportAmount:REAL#, #createdBy:VARCHAR#, getdate(), #modifiedBy:VARCHAR#,
      getdate(),#articleNo:VARCHAR#)
  </insert>
  <update id="abatorgenerated_updateByPrimaryKey" parameterClass="com.tcs.pos.common.data.billmail.DopBillMailTransport" >
    <!--
      WARNING - This element is automatically generated by Abator for iBATIS, do not modify.
      This element was generated on Tue Feb 25 20:08:42 GMT+05:30 2014.
    -->
    update DOP_BILL_MAIL_TRANSPORT
    set SERVICE_ID = #serviceId:VARCHAR#,
      CONTAINER = #container:VARCHAR#,
      ZIP = #zip:INTEGER#,
      WEIGHT = #weight:REAL#,
      TRANSPORT_AMOUNT = #transportAmount:REAL#,
      CREATED_BY = #createdBy:VARCHAR#,
      CREATED_ON = getdate(),
      MODIFIED_BY = #modifiedBy:VARCHAR#,
      MODIFIED_ON = getdate()
    where BILL_MAIL_ID = #billMailId:INTEGER#
      and BILL_MAIL_TRANSPORT_ID = #billMailTransportId:INTEGER#
      and INVOICE_NO = #invoiceNo:VARCHAR#
  </update>
  <update id="abatorgenerated_updateByPrimaryKeySelective" parameterClass="com.tcs.pos.common.data.billmail.DopBillMailTransport" >
    <!--
      WARNING - This element is automatically generated by Abator for iBATIS, do not modify.
      This element was generated on Tue Feb 25 20:08:42 GMT+05:30 2014.
    -->
    update DOP_BILL_MAIL_TRANSPORT
    <dynamic prepend="set" >
      <isNotNull prepend="," property="serviceId" >
        SERVICE_ID = #serviceId:VARCHAR#
      </isNotNull>
      <isNotNull prepend="," property="container" >
        CONTAINER = #container:VARCHAR#
      </isNotNull>
      <isNotNull prepend="," property="zip" >
        ZIP = #zip:INTEGER#
      </isNotNull>
      <isNotNull prepend="," property="weight" >
        WEIGHT = #weight:REAL#
      </isNotNull>
      <isNotNull prepend="," property="transportAmount" >
        TRANSPORT_AMOUNT = #transportAmount:REAL#
      </isNotNull>
      <isNotNull prepend="," property="createdBy" >
        CREATED_BY = #createdBy:VARCHAR#
      </isNotNull>
      <isNotNull prepend="," property="createdOn" >
        CREATED_ON = getdate()
      </isNotNull>
      <isNotNull prepend="," property="modifiedBy" >
        MODIFIED_BY = #modifiedBy:VARCHAR#
      </isNotNull>
      <isNotNull prepend="," property="modifiedOn" >
        MODIFIED_ON = getdate()
      </isNotNull>
    </dynamic>
    where BILL_MAIL_ID = #billMailId:INTEGER#
      and BILL_MAIL_TRANSPORT_ID = #billMailTransportId:INTEGER#
      and INVOICE_NO = #invoiceNo:VARCHAR#
  </update>
  
    <resultMap id="abatorgenerated_DopBillMailTransportResult1" class="com.tcs.pos.common.data.billmail.DopBillMailTransport" >
      <result column="BILL_MAIL_TRANSPORT_ID" property="billMailTransportId" jdbcType="INTEGER" />
  
   </resultMap>
   <select id="abatorgenerated_selectBillMailTransportID" resultMap="abatorgenerated_DopBillMailTransportResult1" parameterClass="com.tcs.pos.common.data.billmail.DopBillMailTransportKey" >
    <!--
      WARNING - This element is automatically generated by Abator for iBATIS, do not modify.
      This element was generated on Tue Feb 25 20:08:42 GMT+05:30 2014.
    -->
    select max(BILL_MAIL_TRANSPORT_ID)as BILL_MAIL_TRANSPORT_ID
    from DOP_BILL_MAIL_TRANSPORT FOR READ ONLY
   
  </select>
  <select id="abatorgenerated_selectByArticleNo" resultClass="java.lang.Integer" parameterClass="com.tcs.pos.common.data.billmail.DopBillMailTransport" >
   SELECT count(ARTICLE_NO) FROM DOP_BILL_MAIL_TRANSPORT where ARTICLE_NO= #articleNo:VARCHAR# FOR READ ONLY
  </select>
</sqlMap>