<?xml version="1.0" encoding="UTF-8" ?>
<!DOCTYPE sqlMap PUBLIC "-//ibatis.apache.org//DTD SQL Map 2.0//EN" "http://ibatis.apache.org/dtd/sql-map-2.dtd" >
<sqlMap namespace="DOP_ASSOCIATED_MAIL_TRANSPORT" >
  <resultMap id="abatorgenerated_DopAssociatedMailTransportResult" class="com.tcs.postal.common.data.associateservice.DopAssociatedMailTransport" >
    <!--
      WARNING - This element is automatically generated by Abator for iBATIS, do not modify.
      This element was generated on Thu May 08 19:12:53 GMT+05:30 2014.
    -->
    <result column="ASSOCIATED_MAIL_TRANSPORT_ID" property="associatedMailTransportId" jdbcType="INTEGER" />
    <result column="LINE_ITEM_ID" property="lineItemId" jdbcType="INTEGER" />
    <result column="INVOICE_NO" property="invoiceNo" jdbcType="VARCHAR" />
    <result column="PRIMARY_SERVICE_ID" property="primaryServiceId" jdbcType="VARCHAR" />
    <result column="ASSOCIATED_SERVICE_ID" property="associatedServiceId" jdbcType="VARCHAR" />
    <result column="ARTICLE_NO" property="articleNo" jdbcType="VARCHAR" />
    <result column="CONTAINER" property="container" jdbcType="VARCHAR" />
    <result column="ZIP" property="zip" jdbcType="INTEGER" />
    <result column="WEIGHT" property="weight" jdbcType="NUMERIC" />
    <result column="TRANSPORT_AMOUNT" property="transportAmount" jdbcType="NUMERIC" />
    <result column="CREATED_BY" property="createdBy" jdbcType="VARCHAR" />
    <result column="CREATED_ON" property="createdOn" jdbcType="TIMESTAMP" />
    <result column="MODIFIED_BY" property="modifiedBy" jdbcType="VARCHAR" />
    <result column="MODIFIED_ON" property="modifiedOn" jdbcType="TIMESTAMP" />
  </resultMap>
  <select id="abatorgenerated_selectByPrimaryKey" resultMap="abatorgenerated_DopAssociatedMailTransportResult" parameterClass="com.tcs.postal.common.data.associateservice.DopAssociatedMailTransport" >
    <!--
      WARNING - This element is automatically generated by Abator for iBATIS, do not modify.
      This element was generated on Thu May 08 19:12:53 GMT+05:30 2014.
    -->
    select ASSOCIATED_MAIL_TRANSPORT_ID, LINE_ITEM_ID, INVOICE_NO, PRIMARY_SERVICE_ID,
      ASSOCIATED_SERVICE_ID, ARTICLE_NO, CONTAINER, ZIP, WEIGHT, TRANSPORT_AMOUNT, CREATED_BY,
      CREATED_ON, MODIFIED_BY, MODIFIED_ON
    from DOP_ASSOCIATED_MAIL_TRANSPORT
    where ASSOCIATED_MAIL_TRANSPORT_ID = #associatedMailTransportId:INTEGER# FOR READ ONLY
  </select>
  <delete id="abatorgenerated_deleteByPrimaryKey" parameterClass="com.tcs.postal.common.data.associateservice.DopAssociatedMailTransport" >
    <!--
      WARNING - This element is automatically generated by Abator for iBATIS, do not modify.
      This element was generated on Thu May 08 19:12:53 GMT+05:30 2014.
    -->
    delete from DOP_ASSOCIATED_MAIL_TRANSPORT
    where ASSOCIATED_MAIL_TRANSPORT_ID = #associatedMailTransportId:INTEGER#
  </delete>
  <insert id="abatorgenerated_insert" parameterClass="com.tcs.postal.common.data.associateservice.DopAssociatedMailTransport" >
    <!--
      WARNING - This element is automatically generated by Abator for iBATIS, do not modify.
      This element was generated on Thu May 08 19:12:53 GMT+05:30 2014.
    -->
    insert into DOP_ASSOCIATED_MAIL_TRANSPORT (ASSOCIATED_MAIL_TRANSPORT_ID, LINE_ITEM_ID,
      INVOICE_NO, PRIMARY_SERVICE_ID, ASSOCIATED_SERVICE_ID, ARTICLE_NO, CONTAINER, ZIP, WEIGHT,
      TRANSPORT_AMOUNT, CREATED_BY, CREATED_ON, MODIFIED_BY, MODIFIED_ON)
    values (#associatedMailTransportId:INTEGER#, #lineItemId:INTEGER#, #invoiceNo:VARCHAR#,
      #primaryServiceId:VARCHAR#, #associatedServiceId:VARCHAR#, #articleNo:VARCHAR#,
      #container:VARCHAR#, #zip:INTEGER#, #weight:NUMERIC#, #transportAmount:NUMERIC#,
      #createdBy:VARCHAR#, getdate(), #modifiedBy:VARCHAR#, getdate())
  </insert>
  <update id="abatorgenerated_updateByPrimaryKey" parameterClass="com.tcs.postal.common.data.associateservice.DopAssociatedMailTransport" >
    <!--
      WARNING - This element is automatically generated by Abator for iBATIS, do not modify.
      This element was generated on Thu May 08 19:12:53 GMT+05:30 2014.
    -->
    update DOP_ASSOCIATED_MAIL_TRANSPORT
    set LINE_ITEM_ID = #lineItemId:INTEGER#,
      INVOICE_NO = #invoiceNo:VARCHAR#,
      PRIMARY_SERVICE_ID = #primaryServiceId:VARCHAR#,
      ASSOCIATED_SERVICE_ID = #associatedServiceId:VARCHAR#,
      ARTICLE_NO = #articleNo:VARCHAR#,
      CONTAINER = #container:VARCHAR#,
      ZIP = #zip:INTEGER#,
      WEIGHT = #weight:NUMERIC#,
      TRANSPORT_AMOUNT = #transportAmount:NUMERIC#,
      CREATED_BY = #createdBy:VARCHAR#,
      CREATED_ON = getdate(),
      MODIFIED_BY = #modifiedBy:VARCHAR#,
      MODIFIED_ON = getdate()
    where ASSOCIATED_MAIL_TRANSPORT_ID = #associatedMailTransportId:INTEGER#
  </update>
  
  <update id="abatorgenerated_updateByInvoice" parameterClass="com.tcs.postal.common.data.associateservice.DopAssociatedMailTransport" >
    <!--
      WARNING - This element is automatically generated by Abator for iBATIS, do not modify.
      This element was generated on Thu May 08 19:12:53 GMT+05:30 2014.
    -->
    update DOP_ASSOCIATED_MAIL_TRANSPORT
    set    IS_ARTICLE_VOID=#isArticleVoid:BIT#
    where  ARTICLE_NO = #articleNo:VARCHAR#
  </update>
  
  <update id="abatorgenerated_updateByPrimaryKeySelective" parameterClass="com.tcs.postal.common.data.associateservice.DopAssociatedMailTransport" >
    <!--
      WARNING - This element is automatically generated by Abator for iBATIS, do not modify.
      This element was generated on Thu May 08 19:12:53 GMT+05:30 2014.
    -->
    update DOP_ASSOCIATED_MAIL_TRANSPORT
    <dynamic prepend="set" >
      <isNotNull prepend="," property="lineItemId" >
        LINE_ITEM_ID = #lineItemId:INTEGER#
      </isNotNull>
      <isNotNull prepend="," property="invoiceNo" >
        INVOICE_NO = #invoiceNo:VARCHAR#
      </isNotNull>
      <isNotNull prepend="," property="primaryServiceId" >
        PRIMARY_SERVICE_ID = #primaryServiceId:VARCHAR#
      </isNotNull>
      <isNotNull prepend="," property="associatedServiceId" >
        ASSOCIATED_SERVICE_ID = #associatedServiceId:VARCHAR#
      </isNotNull>
      <isNotNull prepend="," property="articleNo" >
        ARTICLE_NO = #articleNo:VARCHAR#
      </isNotNull>
      <isNotNull prepend="," property="container" >
        CONTAINER = #container:VARCHAR#
      </isNotNull>
      <isNotNull prepend="," property="zip" >
        ZIP = #zip:INTEGER#
      </isNotNull>
      <isNotNull prepend="," property="weight" >
        WEIGHT = #weight:NUMERIC#
      </isNotNull>
      <isNotNull prepend="," property="transportAmount" >
        TRANSPORT_AMOUNT = #transportAmount:NUMERIC#
      </isNotNull>
      <isNotNull prepend="," property="createdBy" >
        CREATED_BY = #createdBy:VARCHAR#
      </isNotNull>
      <isNotNull prepend="," property="createdOn" >
        CREATED_ON = getdate()
      </isNotNull>
      <isNotNull prepend="," property="modifiedBy" >
        MODIFIED_BY = #modifiedBy:VARCHAR#
      </isNotNull>
      <isNotNull prepend="," property="modifiedOn" >
        MODIFIED_ON = getdate()
      </isNotNull>
    </dynamic>
    where ASSOCIATED_MAIL_TRANSPORT_ID = #associatedMailTransportId:INTEGER#
  </update>
  
    <resultMap id="abatorgenerated_DopAssTransportResult" class="com.tcs.postal.common.data.associateservice.DopAssociatedMailTransport" >
      <result column="ASSOCIATED_MAIL_TRANSPORT_ID" property="associatedMailTransportId" jdbcType="INTEGER" />
  
   </resultMap>
    <select id="abatorgenerated_selectBillMailTransportID" resultMap="abatorgenerated_DopAssTransportResult" parameterClass="com.tcs.postal.common.data.associateservice.DopAssociatedMailTransport" >
    <!--
      WARNING - This element is automatically generated by Abator for iBATIS, do not modify.
      This element was generated on Tue Feb 25 20:08:42 GMT+05:30 2014.
    -->
    select max(ASSOCIATED_MAIL_TRANSPORT_ID)as ASSOCIATED_MAIL_TRANSPORT_ID
    from DOP_ASSOCIATED_MAIL_TRANSPORT FOR READ ONLY
  </select>
  
  <select id="selectMaxID" resultClass="java.lang.Integer"  >
    select MAX(ASSOCIATED_MAIL_TRANSPORT_ID) 
    from DOP_ASSOCIATED_MAIL_TRANSPORT FOR READ ONLY
  </select>
  
  <select id="getListByInvoiceNoAndLineItemId" resultMap="abatorgenerated_DopAssociatedMailTransportResult" parameterClass="com.tcs.postal.common.data.associateservice.DopAssociatedMailTransport" >
    select ASSOCIATED_MAIL_TRANSPORT_ID, LINE_ITEM_ID, INVOICE_NO, PRIMARY_SERVICE_ID,
      ASSOCIATED_SERVICE_ID, ARTICLE_NO, CONTAINER, ZIP, WEIGHT, TRANSPORT_AMOUNT, CREATED_BY,
      CREATED_ON, MODIFIED_BY, MODIFIED_ON
    from DOP_ASSOCIATED_MAIL_TRANSPORT
    where INVOICE_NO = #invoiceNo:VARCHAR# and LINE_ITEM_ID = #lineItemId:INTEGER# FOR READ ONLY
  </select>
  
    <select id="getListByInvoiceNo" resultMap="abatorgenerated_DopAssociatedMailTransportResult" parameterClass="com.tcs.postal.common.data.associateservice.DopAssociatedMailTransport" >
    select ASSOCIATED_MAIL_TRANSPORT_ID, LINE_ITEM_ID, INVOICE_NO, PRIMARY_SERVICE_ID,
      ASSOCIATED_SERVICE_ID, ARTICLE_NO, CONTAINER, ZIP, WEIGHT, TRANSPORT_AMOUNT, CREATED_BY,
      CREATED_ON, MODIFIED_BY, MODIFIED_ON
    from DOP_ASSOCIATED_MAIL_TRANSPORT
    where INVOICE_NO = #invoiceNo:VARCHAR# FOR READ ONLY
  </select>
  
  <select id="abatorgenerated_selectByArticleNo" resultClass="java.lang.Integer" parameterClass="com.tcs.postal.common.data.associateservice.DopAssociatedMailTransport" >
  <!--
   Select SUM(COUNT) from (
    SELECT count(pms.ARTICLE_NO) AS COUNT FROM postal.POSTAL_MAIL_SERVICE pms inner join postal.INVOICE iv
    ON iv.SYS_INVOICE_NO=pms.INVOICE_NO 
    WHERE pms.IS_ARTICLE_VOID = 0 and (iv.BILL_VOID_FLG='N' or iv.BILL_VOID_FLG is null) AND pms.ARTICLE_NO=#articleNo:VARCHAR#
    
    UNION ALL
    
    SELECT count(damt.ARTICLE_NO) AS COUNT FROM postal.DOP_ASSOCIATED_MAIL_TRANSPORT damt inner join postal.INVOICE iv
    ON iv.SYS_INVOICE_NO=damt.INVOICE_NO
    WHERE  (iv.BILL_VOID_FLG='N' or iv.BILL_VOID_FLG is null) AND damt.ARTICLE_NO=#articleNo:VARCHAR# 
    
    UNION ALL
    
    SELECT count(it.SALES_ASSOC_ID ) AS COUNT FROM postal.INVOICE_ITEM it inner join postal.INVOICE iv
    ON iv.SYS_INVOICE_NO=it.SYS_INVOICE_NO
    WHERE  (iv.BILL_VOID_FLG='N' or iv.BILL_VOID_FLG is null)  AND (it.ITEM_VOID_FLG='N' or it.ITEM_VOID_FLG is null) AND     it.SALES_ASSOC_ID=#articleNo:VARCHAR# 

    UNION ALL
    
    SELECT count(ppbr.ARTICLE_NO ) AS COUNT FROM postal.POSTAL_PORTAL_BOOKED_ARTICLE ppbr 
    WHERE  ppbr.IS_ARTICLE_VOID=0 and ppbr.ARTICLE_NO=#articleNo:VARCHAR# 
       )
    TAB1 FOR READ ONLY
  -->
  
  Select SUM(COUNT) from (
    SELECT count(pms.ARTICLE_NO) AS COUNT FROM postal.POSTAL_MAIL_SERVICE pms 
    WHERE pms.ARTICLE_NO=#articleNo:VARCHAR# 
    
    UNION ALL
    
    SELECT count(damt.ARTICLE_NO) AS COUNT FROM postal.DOP_ASSOCIATED_MAIL_TRANSPORT damt 
    WHERE   damt.ARTICLE_NO=#articleNo:VARCHAR# 
    
    UNION ALL
    
    SELECT count(it.SALES_ASSOC_ID ) AS COUNT FROM postal.INVOICE_ITEM it 
    WHERE  it.SALES_ASSOC_ID=#articleNo:VARCHAR# 

    UNION ALL
    
    SELECT count(ppbr.ARTICLE_NO ) AS COUNT FROM postal.POSTAL_PORTAL_BOOKED_ARTICLE ppbr 
    WHERE   ppbr.ARTICLE_NO=#articleNo:VARCHAR# 
       )
    TAB1 FOR READ ONLY
    
  </select>
  
</sqlMap>