<?xml version="1.0" encoding="UTF-8" ?>
<!DOCTYPE sqlMap PUBLIC "-//ibatis.apache.org//DTD SQL Map 2.0//EN" "http://ibatis.apache.org/dtd/sql-map-2.dtd" >
<sqlMap namespace="DOP_BUSINESS_POST_SERVICE_MASTER" >
  <resultMap id="abatorgenerated_DopBusinessPostServiceMasterResult" class="com.tcs.dop.common.data.bpost.DopBusinessPostServiceMaster" >
    <!--
      WARNING - This element is automatically generated by Abator for iBATIS, do not modify.
      This element was generated on Thu Nov 14 17:50:38 IST 2013.
    -->
    <result column="BUSINESS_POST_SERVICE_ID" property="businessPostServiceId" jdbcType="VARCHAR" />
    <result column="SERVICE_NAME" property="serviceName" jdbcType="VARCHAR" />
    <result column="CREATED_BY" property="createdBy" jdbcType="VARCHAR" />
    <result column="CREATED_ON" property="createdOn" jdbcType="TIMESTAMP" />
    <result column="MODIFIED_BY" property="modifiedBy" jdbcType="VARCHAR" />
    <result column="MODIFIED_ON" property="modifiedOn" jdbcType="TIMESTAMP" />
    <result column="STATUS" property="status" jdbcType="BIT" />
    <result column="SERVICE_PRICE" property="servicePrice" jdbcType="DOUBLE" />
  </resultMap>
  <resultMap id="dopBusinessPostServiceMasterResult" class="com.tcs.dop.common.data.bpost.DopBusinessPostServiceMaster" >
    <result column="BUSINESS_POST_SERVICE_ID" property="businessPostServiceId" jdbcType="VARCHAR" />
    <result column="SERVICE_NAME" property="serviceName" jdbcType="VARCHAR" />
    <result column="SERVICE_PRICE" property="servicePrice" jdbcType="DOUBLE" />
    </resultMap>
  <select id="abatorgenerated_selectByPrimaryKey" resultMap="abatorgenerated_DopBusinessPostServiceMasterResult" parameterClass="com.tcs.dop.common.data.bpost.DopBusinessPostServiceMaster" >
    <!--
      WARNING - This element is automatically generated by Abator for iBATIS, do not modify.
      This element was generated on Thu Nov 14 17:50:38 IST 2013.
    -->
    select BUSINESS_POST_SERVICE_ID, SERVICE_NAME, CREATED_BY, CREATED_ON, MODIFIED_BY, MODIFIED_ON,
      STATUS
    from DOP_BUSINESS_POST_SERVICE_MASTER
    where BUSINESS_POST_SERVICE_ID = #businessPostServiceId:VARCHAR# FOR READ ONLY
  </select>
    <select id="selectBpostServices" resultMap="dopBusinessPostServiceMasterResult" parameterClass="com.tcs.dop.common.data.bpost.DopBusinessPostServiceMaster" >
    <!--
      WARNING - This element is automatically generated by Abator for iBATIS, do not modify.
      This element was generated on Thu Nov 14 17:50:38 IST 2013.
    -->
    select BUSINESS_POST_SERVICE_ID, SERVICE_NAME, SERVICE_PRICE from DOP_BUSINESS_POST_SERVICE_MASTER WHERE STATUS=1 FOR READ ONLY
    
  </select>
  <select id="selectBpostRegisteredServices" resultMap="dopBusinessPostServiceMasterResult" parameterClass="com.tcs.dop.common.data.bpost.DopBusinessPostServiceMaster" >
    <!--
      WARNING - This element is automatically generated by Abator for iBATIS, do not modify.
      This element was generated on Thu Nov 14 17:50:38 IST 2013.
    -->
    select BUSINESS_POST_SERVICE_ID, SERVICE_NAME, CREATED_BY, CREATED_ON, MODIFIED_BY, MODIFIED_ON,
      STATUS
    from DOP_BUSINESS_POST_SERVICE_MASTER FOR READ ONLY
    
  </select>
  
  <delete id="abatorgenerated_deleteByPrimaryKey" parameterClass="com.tcs.dop.common.data.bpost.DopBusinessPostServiceMaster" >
    <!--
      WARNING - This element is automatically generated by Abator for iBATIS, do not modify.
      This element was generated on Thu Nov 14 17:50:38 IST 2013.
    -->
    delete from DOP_BUSINESS_POST_SERVICE_MASTER
    where BUSINESS_POST_SERVICE_ID = #businessPostServiceId:VARCHAR#
  </delete>
  <insert id="abatorgenerated_insert" parameterClass="com.tcs.dop.common.data.bpost.DopBusinessPostServiceMaster" >
    <!--
      WARNING - This element is automatically generated by Abator for iBATIS, do not modify.
      This element was generated on Thu Nov 14 17:50:38 IST 2013.
    -->
    insert into DOP_BUSINESS_POST_SERVICE_MASTER (BUSINESS_POST_SERVICE_ID, SERVICE_NAME,
      CREATED_BY, CREATED_ON, MODIFIED_BY, MODIFIED_ON, STATUS)
    values (#businessPostServiceId:VARCHAR#, #serviceName:VARCHAR#, #createdBy:VARCHAR#,
      getdate(), #modifiedBy:VARCHAR#, getdate(), #status:BIT#)
  </insert>
  <update id="abatorgenerated_updateByPrimaryKey" parameterClass="com.tcs.dop.common.data.bpost.DopBusinessPostServiceMaster" >
    <!--
      WARNING - This element is automatically generated by Abator for iBATIS, do not modify.
      This element was generated on Thu Nov 14 17:50:38 IST 2013.
    -->
    update DOP_BUSINESS_POST_SERVICE_MASTER
    set SERVICE_NAME = #serviceName:VARCHAR#,
      CREATED_BY = #createdBy:VARCHAR#,
      CREATED_ON = getdate(),
      MODIFIED_BY = #modifiedBy:VARCHAR#,
      MODIFIED_ON = getdate(),
      STATUS = #status:BIT#
    where BUSINESS_POST_SERVICE_ID = #businessPostServiceId:VARCHAR#
  </update>
  <update id="abatorgenerated_updateByPrimaryKeySelective" parameterClass="com.tcs.dop.common.data.bpost.DopBusinessPostServiceMaster" >
    <!--
      WARNING - This element is automatically generated by Abator for iBATIS, do not modify.
      This element was generated on Thu Nov 14 17:50:38 IST 2013.
    -->
    update DOP_BUSINESS_POST_SERVICE_MASTER
    <dynamic prepend="set" >
      <isNotNull prepend="," property="serviceName" >
        SERVICE_NAME = #serviceName:VARCHAR#
      </isNotNull>
      <isNotNull prepend="," property="createdBy" >
        CREATED_BY = #createdBy:VARCHAR#
      </isNotNull>
      <isNotNull prepend="," property="createdOn" >
        CREATED_ON = getdate()
      </isNotNull>
      <isNotNull prepend="," property="modifiedBy" >
        MODIFIED_BY = #modifiedBy:VARCHAR#
      </isNotNull>
      <isNotNull prepend="," property="modifiedOn" >
        MODIFIED_ON = getdate()
      </isNotNull>
      <isNotNull prepend="," property="status" >
        STATUS = #status:BIT#
      </isNotNull>
    </dynamic>
    where BUSINESS_POST_SERVICE_ID = #businessPostServiceId:VARCHAR#
  </update>
  
   <resultMap id="dopBusinessPostServiceMasterResult1" class="com.tcs.dop.common.data.bpost.DopBusinessPostServiceMaster" >
    <result column="SERVICE_PRICE" property="servicePrice" jdbcType="DOUBLE" />
   </resultMap>
   
  <select id="getAddlSVCList" resultMap="dopBusinessPostServiceMasterResult1" parameterClass="com.tcs.dop.common.data.bpost.DopBusinessPostServiceMaster" >
    <!--
      WARNING - This element is automatically generated by Abator for iBATIS, do not modify.
      This element was generated on Thu Nov 14 17:50:38 IST 2013.
    -->
    select SERVICE_PRICE
    from DOP_BUSINESS_POST_SERVICE_MASTER 
    where BUSINESS_POST_SERVICE_ID in   
   <iterate property="item" open="(" close=")" conjunction=",">
   #item[]#
   </iterate>
     FOR READ ONLY
  </select>
  
</sqlMap>