<?xml version="1.0" encoding="UTF-8" ?>
<!DOCTYPE sqlMap PUBLIC "-//ibatis.apache.org//DTD SQL Map 2.0//EN" "http://ibatis.apache.org/dtd/sql-map-2.dtd" >
<sqlMap namespace="DOP_EIOD_TRANSACTION" >
  <resultMap id="abatorgenerated_DopEiodTransactionResult" class="com.tcs.pos.common.data.eiod.DopEiodTransaction" >
    <!--
      WARNING - This element is automatically generated by Abator for iBATIS, do not modify.
      This element was generated on Thu Mar 06 13:09:14 GMT+05:30 2014.
    -->
    <result column="INVOICE_NO" property="invoiceNo" jdbcType="VARCHAR" />
    <result column="LINE_ITEM_ID" property="lineItemId" jdbcType="INTEGER" />
    <result column="FROM_ARTICLE_NO" property="fromArticleNo" jdbcType="VARCHAR" />
    <result column="TO_ARTICLE_NO" property="toArticleNo" jdbcType="VARCHAR" />
    <result column="QUANTITY" property="quantity" jdbcType="INTEGER" />
    <result column="CREATED_BY" property="createdBy" jdbcType="VARCHAR" />
    <result column="CREATED_ON" property="createdOn" jdbcType="TIMESTAMP" />
    <result column="MODIFIED_BY" property="modifiedBy" jdbcType="VARCHAR" />
    <result column="MODIFIED_ON" property="modifiedOn" jdbcType="TIMESTAMP" />
    <result column="ARTICLE_TYPE" property="articleType" jdbcType="VARCHAR" />
    <result column="IS_ARTICLE_VOID" property="isArticleVoid" jdbcType="BIT" />
  </resultMap>
  <select id="abatorgenerated_selectByPrimaryKey" resultMap="abatorgenerated_DopEiodTransactionResult" parameterClass="com.tcs.pos.common.data.eiod.DopEiodTransactionKey" >
    <!--
      WARNING - This element is automatically generated by Abator for iBATIS, do not modify.
      This element was generated on Thu Mar 06 13:09:14 GMT+05:30 2014.
    -->
    select INVOICE_NO, LINE_ITEM_ID, FROM_ARTICLE_NO, TO_ARTICLE_NO, QUANTITY, CREATED_BY,
      CREATED_ON, MODIFIED_BY, MODIFIED_ON, ARTICLE_TYPE, IS_ARTICLE_VOID
    from DOP_EIOD_TRANSACTION
    where INVOICE_NO = #invoiceNo:VARCHAR#
      and LINE_ITEM_ID = #lineItemId:INTEGER# FOR READ ONLY
  </select>
  <delete id="abatorgenerated_deleteByPrimaryKey" parameterClass="com.tcs.pos.common.data.eiod.DopEiodTransactionKey" >
    <!--
      WARNING - This element is automatically generated by Abator for iBATIS, do not modify.
      This element was generated on Thu Mar 06 13:09:14 GMT+05:30 2014.
    -->
    delete from DOP_EIOD_TRANSACTION
    where INVOICE_NO = #invoiceNo:VARCHAR#
      and LINE_ITEM_ID = #lineItemId:INTEGER#
  </delete>
  <insert id="abatorgenerated_insert" parameterClass="com.tcs.pos.common.data.eiod.DopEiodTransaction" >
    <!--
      WARNING - This element is automatically generated by Abator for iBATIS, do not modify.
      This element was generated on Thu Mar 06 13:09:14 GMT+05:30 2014.
    -->
    insert into DOP_EIOD_TRANSACTION (INVOICE_NO, LINE_ITEM_ID, FROM_ARTICLE_NO, TO_ARTICLE_NO,
      QUANTITY, CREATED_BY, CREATED_ON, MODIFIED_BY, MODIFIED_ON, ARTICLE_TYPE, IS_ARTICLE_VOID,IS_REVERSED)
    values (#invoiceNo:VARCHAR#, #lineItemId:INTEGER#, #fromArticleNo:VARCHAR#,
      #toArticleNo:VARCHAR#, #quantity:INTEGER#, #createdBy:VARCHAR#, getdate(),
      #modifiedBy:VARCHAR#, getdate(), #articleType:VARCHAR#, #isArticleVoid:BIT#,#isReversed:BIT#)
  </insert>
  <update id="abatorgenerated_updateByPrimaryKey" parameterClass="com.tcs.pos.common.data.eiod.DopEiodTransaction" >
    <!--
      WARNING - This element is automatically generated by Abator for iBATIS, do not modify.
      This element was generated on Thu Mar 06 13:09:14 GMT+05:30 2014.
    -->
    update DOP_EIOD_TRANSACTION
    set FROM_ARTICLE_NO = #fromArticleNo:VARCHAR#,
      TO_ARTICLE_NO = #toArticleNo:VARCHAR#,
      QUANTITY = #quantity:INTEGER#,
      CREATED_BY = #createdBy:VARCHAR#,
      CREATED_ON = getdate(),
      MODIFIED_BY = #modifiedBy:VARCHAR#,
      MODIFIED_ON = getdate(),
      ARTICLE_TYPE = #articleType:VARCHAR#,
      IS_ARTICLE_VOID = #isArticleVoid:BIT#
    where INVOICE_NO = #invoiceNo:VARCHAR#
      and LINE_ITEM_ID = #lineItemId:INTEGER#
  </update>
  <update id="abatorgenerated_updateByPrimaryKeySelective" parameterClass="com.tcs.pos.common.data.eiod.DopEiodTransaction" >
    <!--
      WARNING - This element is automatically generated by Abator for iBATIS, do not modify.
      This element was generated on Thu Mar 06 13:09:14 GMT+05:30 2014.
    -->
    update DOP_EIOD_TRANSACTION
    <dynamic prepend="set" >
      <isNotNull prepend="," property="fromArticleNo" >
        FROM_ARTICLE_NO = #fromArticleNo:VARCHAR#
      </isNotNull>
      <isNotNull prepend="," property="toArticleNo" >
        TO_ARTICLE_NO = #toArticleNo:VARCHAR#
      </isNotNull>
      <isNotNull prepend="," property="quantity" >
        QUANTITY = #quantity:INTEGER#
      </isNotNull>
      <isNotNull prepend="," property="createdBy" >
        CREATED_BY = #createdBy:VARCHAR#
      </isNotNull>
      <isNotNull prepend="," property="createdOn" >
        CREATED_ON = getdate()
      </isNotNull>
      <isNotNull prepend="," property="modifiedBy" >
        MODIFIED_BY = #modifiedBy:VARCHAR#
      </isNotNull>
      <isNotNull prepend="," property="modifiedOn" >
        MODIFIED_ON = getdate()
      </isNotNull>
      <isNotNull prepend="," property="articleType" >
        ARTICLE_TYPE = #articleType:VARCHAR#
      </isNotNull>
      <isNotNull prepend="," property="isArticleVoid" >
        IS_ARTICLE_VOID = #isArticleVoid:BIT#
      </isNotNull>
    </dynamic>
    where INVOICE_NO = #invoiceNo:VARCHAR#
      and LINE_ITEM_ID = #lineItemId:INTEGER#
  </update>
  
  <!-- Added by Aniruddha -->
  <update id="updateCart" parameterClass="com.tcs.pos.common.data.eiod.DopEiodTransaction" >
  update DOP_EIOD_TRANSACTION
  set IS_ARTICLE_VOID = 1
  where INVOICE_NO = #invoiceNo:VARCHAR#
      and LINE_ITEM_ID = #lineItemId:INTEGER#
  </update>
  
  <select id="abatorgenerated_findMaxOfLineItemId" resultClass="java.lang.Integer" parameterClass="com.tcs.pos.common.data.eiod.DopEiodTransaction" >
    select max(LINE_ITEM_ID)
    from DOP_EIOD_TRANSACTION
    where INVOICE_NO =  #invoiceNo:VARCHAR# FOR READ ONLY
  </select>
</sqlMap>