<?xml version="1.0" encoding="UTF-8" ?>
<!DOCTYPE sqlMap PUBLIC "-//ibatis.apache.org//DTD SQL Map 2.0//EN" "http://ibatis.apache.org/dtd/sql-map-2.dtd" >
<sqlMap namespace="POSTAL_INTERNATIONAL_COUNTRY_MASTER" >
  <resultMap id="abatorgenerated_PostalInternationalCountryMasterResult" class="com.tcs.postal.common.data.mail.PostalInternationalCountryMaster" >
    <!--
      WARNING - This element is automatically generated by Abator for iBATIS, do not modify.
      This element was generated on Mon Sep 23 18:59:14 IST 2013.
    -->
    <result column="COUNTRY_ID" property="countryId" jdbcType="VARCHAR" />
    <result column="COUNTRY_NAME" property="countryName" jdbcType="VARCHAR" />
    <result column="CREATED_BY" property="createdBy" jdbcType="VARCHAR" />
    <result column="CREATED_ON" property="createdOn" jdbcType="TIMESTAMP" />
    <result column="MODIFIED_BY" property="modifiedBy" jdbcType="VARCHAR" />
    <result column="MODIFIED_ON" property="modifiedOn" jdbcType="TIMESTAMP" />
  </resultMap>
  <resultMap id="abatorgenerated_PostalInternationalCountryMasterResult1" class="com.tcs.postal.common.data.mail.PostalInternationalCountryMaster" >
    <!--
      WARNING - This element is automatically generated by Abator for iBATIS, do not modify.
      This element was generated on Mon Sep 23 18:59:14 IST 2013.
    -->
    <result column="COUNTRY_ID" property="countryId" jdbcType="VARCHAR" />
    <result column="COUNTRY_NAME" property="countryName" jdbcType="VARCHAR" />
   </resultMap>
  <select id="abatorgenerated_selectByPrimaryKey" resultMap="abatorgenerated_PostalInternationalCountryMasterResult" parameterClass="com.tcs.postal.common.data.mail.PostalInternationalCountryMaster" >
    <!--
      WARNING - This element is automatically generated by Abator for iBATIS, do not modify.
      This element was generated on Mon Sep 23 18:59:14 IST 2013.
    -->
    select COUNTRY_ID, COUNTRY_NAME, CREATED_BY, CREATED_ON, MODIFIED_BY, MODIFIED_ON
    from POSTAL_INTERNATIONAL_COUNTRY_MASTER
    where COUNTRY_ID = #countryId:VARCHAR# FOR READ ONLY
  </select>
  <select id="abatorgenerated_getCityList" resultMap="abatorgenerated_PostalInternationalCountryMasterResult1" parameterClass="com.tcs.postal.common.data.mail.PostalInternationalCountryMaster" >
    <!--
      WARNING - This element is automatically generated by Abator for iBATIS, do not modify.
      This element was generated on Mon Sep 23 19:44:52 IST 2013.
    -->
   
     SELECT COUNTRY_ID,COUNTRY_NAME FROM POSTAL_INTL_COUNTRY_MASTER FOR READ ONLY
  </select>
  
  <delete id="abatorgenerated_deleteByPrimaryKey" parameterClass="com.tcs.postal.common.data.mail.PostalInternationalCountryMaster" >
    <!--
      WARNING - This element is automatically generated by Abator for iBATIS, do not modify.
      This element was generated on Mon Sep 23 18:59:14 IST 2013.
    -->
    delete from POSTAL_INTERNATIONAL_COUNTRY_MASTER
    where COUNTRY_ID = #countryId:VARCHAR#
  </delete>
  <insert id="abatorgenerated_insert" parameterClass="com.tcs.postal.common.data.mail.PostalInternationalCountryMaster" >
    <!--
      WARNING - This element is automatically generated by Abator for iBATIS, do not modify.
      This element was generated on Mon Sep 23 18:59:14 IST 2013.
    -->
    insert into POSTAL_INTERNATIONAL_COUNTRY_MASTER (COUNTRY_ID, COUNTRY_NAME, CREATED_BY,
      CREATED_ON, MODIFIED_BY, MODIFIED_ON)
    values (#countryId:VARCHAR#, #countryName:VARCHAR#, #createdBy:VARCHAR#, getdate(),
      #modifiedBy:VARCHAR#, getdate())
  </insert>
  <update id="abatorgenerated_updateByPrimaryKey" parameterClass="com.tcs.postal.common.data.mail.PostalInternationalCountryMaster" >
    <!--
      WARNING - This element is automatically generated by Abator for iBATIS, do not modify.
      This element was generated on Mon Sep 23 18:59:14 IST 2013.
    -->
    update POSTAL_INTERNATIONAL_COUNTRY_MASTER
    set COUNTRY_NAME = #countryName:VARCHAR#,
      CREATED_BY = #createdBy:VARCHAR#,
      CREATED_ON = getdate(),
      MODIFIED_BY = #modifiedBy:VARCHAR#,
      MODIFIED_ON = getdate()
    where COUNTRY_ID = #countryId:VARCHAR#
  </update>
  <update id="abatorgenerated_updateByPrimaryKeySelective" parameterClass="com.tcs.postal.common.data.mail.PostalInternationalCountryMaster" >
    <!--
      WARNING - This element is automatically generated by Abator for iBATIS, do not modify.
      This element was generated on Mon Sep 23 18:59:14 IST 2013.
    -->
    update POSTAL_INTERNATIONAL_COUNTRY_MASTER
    <dynamic prepend="set" >
      <isNotNull prepend="," property="countryName" >
        COUNTRY_NAME = #countryName:VARCHAR#
      </isNotNull>
      <isNotNull prepend="," property="createdBy" >
        CREATED_BY = #createdBy:VARCHAR#
      </isNotNull>
      <isNotNull prepend="," property="createdOn" >
        CREATED_ON = getdate()
      </isNotNull>
      <isNotNull prepend="," property="modifiedBy" >
        MODIFIED_BY = #modifiedBy:VARCHAR#
      </isNotNull>
      <isNotNull prepend="," property="modifiedOn" >
        MODIFIED_ON = getdate()
      </isNotNull>
    </dynamic>
    where COUNTRY_ID = #countryId:VARCHAR#
  </update>
</sqlMap>