<!DOCTYPE sqlMap PUBLIC "-//ibatis.apache.org//DTD SQL Map 2.0//EN" "http://ibatis.apache.org/dtd/sql-map-2.dtd" >
<sqlMap namespace="POSTAL_CASH_APPROVAL" >
  <resultMap id="abatorgenerated_PostalCashApprovalResult" class="com.tcs.pos.common.data.others.cashpickup.PostalCashApproval" >
    <!--
      WARNING - This element is automatically generated by Abator for iBATIS, do not modify.
      This element was generated on Thu Sep 12 15:40:23 IST 2013.
    -->
    <result column="CASH_PICKUP_SEQUENCE_ID" property="cashPickupSequenceId" jdbcType="INTEGER" />
    <result column="OFFICE_ID" property="officeId" jdbcType="VARCHAR" />
    <result column="TILL_NO" property="tillNo" jdbcType="INTEGER" />
    <result column="CASH_PICKUP_DATE" property="cashPickupDate" jdbcType="DATE" />
    <result column="TILL_CASH_PICKUP_TIME" property="tillCashPickupTime" jdbcType="TIME" />
    <result column="AMOUNT" property="amount" jdbcType="DOUBLE" />
    <result column="CREATED_BY" property="createdBy" jdbcType="VARCHAR" />
    <result column="CREATED_ON" property="createdOn" jdbcType="TIMESTAMP" />
    <result column="MODIFIED_BY" property="modifiedBy" jdbcType="VARCHAR" />
    <result column="MODIFIED_ON" property="modifiedOn" jdbcType="TIMESTAMP" />
    <result column="PO_CASH_PICKUP_TIME" property="poCashPickupTime" jdbcType="TIME" />
    <result column="ACCEPTANCE_FLAG" property="acceptanceFlag" jdbcType="VARCHAR" />
    <result column="ACCEPTANCE_COMMENT" property="acceptanceComment" jdbcType="VARCHAR" />
    <result column="ACTION_TYPE" property="actionType" jdbcType="VARCHAR" />
    <result column="MO_NO" property="moNo" jdbcType="VARCHAR" />
  </resultMap>
    <select id="abatorgenerated_selectByPrimaryKey" resultMap="abatorgenerated_PostalCashApprovalResult" parameterClass="com.tcs.pos.common.data.others.cashpickup.PostalCashApprovalKey" >
    <!--
      WARNING - This element is automatically generated by Abator for iBATIS, do not modify.
      This element was generated on Thu Sep 12 15:40:23 IST 2013.
    -->
    select CASH_PICKUP_SEQUENCE_ID, OFFICE_ID, TILL_NO, CASH_PICKUP_DATE, TILL_CASH_PICKUP_TIME,
      AMOUNT, CREATED_BY, CREATED_ON, MODIFIED_BY, MODIFIED_ON, PO_CASH_PICKUP_TIME,
      ACCEPTANCE_FLAG, ACCEPTANCE_COMMENT, ACTION_TYPE, MO_NO
    from POSTAL_CASH_APPROVAL
    where CASH_PICKUP_SEQUENCE_ID = #cashPickupSequenceId:INTEGER#
      and OFFICE_ID = #officeId:VARCHAR# FOR READ ONLY
  </select>
  <delete id="abatorgenerated_deleteByPrimaryKey" parameterClass="com.tcs.pos.common.data.others.cashpickup.PostalCashApprovalKey" >
    <!--
      WARNING - This element is automatically generated by Abator for iBATIS, do not modify.
      This element was generated on Thu Sep 12 15:40:23 IST 2013.
    -->
    delete from POSTAL_CASH_APPROVAL
    where CASH_PICKUP_SEQUENCE_ID = #cashPickupSequenceId:INTEGER#
      and OFFICE_ID = #officeId:VARCHAR#
  </delete>
  <insert id="abatorgenerated_insert" parameterClass="com.tcs.pos.common.data.others.cashpickup.PostalCashApproval" >
    <!--
      WARNING - This element is automatically generated by Abator for iBATIS, do not modify.
      This element was generated on Thu Sep 12 15:40:23 IST 2013.
    -->
    insert into POSTAL_CASH_APPROVAL (OFFICE_ID, TILL_NO, CASH_PICKUP_DATE,
      TILL_CASH_PICKUP_TIME, AMOUNT, CREATED_BY, CREATED_ON, MODIFIED_BY, MODIFIED_ON,
      PO_CASH_PICKUP_TIME, ACCEPTANCE_FLAG, ACCEPTANCE_COMMENT, ACTION_TYPE, MO_NO)
    values (#officeId:VARCHAR#, #tillNo:INTEGER#,
      #cashPickupDate:DATE#, #tillCashPickupTime:TIME#, #amount:DOUBLE#, #createdBy:VARCHAR#,
      getdate(), #modifiedBy:VARCHAR#, getdate(), #poCashPickupTime:TIME#,
      #acceptanceFlag:VARCHAR#, #acceptanceComment:VARCHAR#, #actionType:VARCHAR#, #moNo:VARCHAR#)
  </insert>
  <update id="abatorgenerated_updateByPrimaryKey" parameterClass="com.tcs.pos.common.data.others.cashpickup.PostalCashApproval" >
    <!--
      WARNING - This element is automatically generated by Abator for iBATIS, do not modify.
      This element was generated on Thu Sep 12 15:40:23 IST 2013.
    -->
    update POSTAL_CASH_APPROVAL
    set TILL_NO = #tillNo:INTEGER#,
      CASH_PICKUP_DATE = #cashPickupDate:DATE#,
      TILL_CASH_PICKUP_TIME = #tillCashPickupTime:TIME#,
      AMOUNT = #amount:DOUBLE#,
      CREATED_BY = #createdBy:VARCHAR#,
      CREATED_ON = getdate(),
      MODIFIED_BY = #modifiedBy:VARCHAR#,
      MODIFIED_ON = getdate(),
      PO_CASH_PICKUP_TIME = #poCashPickupTime:TIME#,
      ACCEPTANCE_FLAG = #acceptanceFlag:VARCHAR#,
      ACCEPTANCE_COMMENT = #acceptanceComment:VARCHAR#,
      ACTION_TYPE = #actionType:VARCHAR#,
      MO_NO = #moNo:VARCHAR#
    where CASH_PICKUP_SEQUENCE_ID = #cashPickupSequenceId:INTEGER#
      and OFFICE_ID = #officeId:VARCHAR#
  </update>
  <update id="abatorgenerated_updateByPrimaryKeySelective" parameterClass="com.tcs.pos.common.data.others.cashpickup.PostalCashApproval" >
    <!--
      WARNING - This element is automatically generated by Abator for iBATIS, do not modify.
      This element was generated on Thu Sep 12 15:40:23 IST 2013.
    -->
    update POSTAL_CASH_APPROVAL
    <dynamic prepend="set" >
      <isNotNull prepend="," property="tillId" >
        TILL_NO = #tillNo:INTEGER#
      </isNotNull>
      <isNotNull prepend="," property="cashPickupDate" >
        CASH_PICKUP_DATE = #cashPickupDate:DATE#
      </isNotNull>
      <isNotNull prepend="," property="tillCashPickupTime" >
        TILL_CASH_PICKUP_TIME = #tillCashPickupTime:TIME#
      </isNotNull>
      <isNotNull prepend="," property="amount" >
        AMOUNT = #amount:DOUBLE#
      </isNotNull>
      <isNotNull prepend="," property="createdBy" >
        CREATED_BY = #createdBy:VARCHAR#
      </isNotNull>
      <isNotNull prepend="," property="createdOn" >
        CREATED_ON = getdate()
      </isNotNull>
      <isNotNull prepend="," property="modifiedBy" >
        MODIFIED_BY = #modifiedBy:VARCHAR#
      </isNotNull>
      <isNotNull prepend="," property="modifiedOn" >
        MODIFIED_ON = getdate()
      </isNotNull>
      <isNotNull prepend="," property="poCashPickupTime" >
        PO_CASH_PICKUP_TIME = #poCashPickupTime:TIME#
      </isNotNull>
      <isNotNull prepend="," property="acceptanceFlag" >
        ACCEPTANCE_FLAG = #acceptanceFlag:VARCHAR#
      </isNotNull>
      <isNotNull prepend="," property="acceptanceComment" >
        ACCEPTANCE_COMMENT = #acceptanceComment:VARCHAR#
      </isNotNull>
      <isNotNull prepend="," property="actionType" >
        ACTION_TYPE = #actionType:VARCHAR#
      </isNotNull>
      <isNotNull prepend="," property="moNo" >
        MO_NO = #moNo:VARCHAR#
      </isNotNull>
    </dynamic>
    where CASH_PICKUP_SEQUENCE_ID = #cashPickupSequenceId:INTEGER#
      and OFFICE_ID = #officeId:VARCHAR#
  </update>
 <select id="abatorgenerated_selectMaxCashPickUpSeqId" resultClass="java.lang.Integer" parameterClass="com.tcs.pos.common.data.others.cashpickup.PostalCashApproval">
    <!--
      WARNING - This element is automatically generated by Abator for iBATIS, do not modify.
      This element was generated on Thu Sep 12 15:40:23 IST 2013.
      <select id="abatorgenerated_selectMaxCashPickUpSeqId" resultMap="abatorgenerated_maxCashPickUpSeqId" parameterClass="com.tcs.pos.common.data.others.cashpickup.PostalCashApproval">
    -->
    
    select top 1 CASH_PICKUP_SEQUENCE_ID
    from POSTAL_CASH_APPROVAL order by CASH_PICKUP_SEQUENCE_ID desc FOR READ ONLY
      </select>
</sqlMap>