<?xml version="1.0" encoding="UTF-8"?>
<!DOCTYPE log4j:configuration PUBLIC "-//LOGGER" "http://logging.apache.org/log4j/1.2/apidocs/org/apache/log4j/xml/doc-files/log4j.dtd">
<log4j:configuration>

	<appender name="stdout" class="org.apache.log4j.ConsoleAppender">
		<param name="Threshold" value="on" />
		<layout class="org.apache.log4j.PatternLayout">
			<param name="ConversionPattern" value="Level Id:%5p-%L%nDate    :%d{dd-MM-yyyy}%nTime    :%d{HH:mm:ss:S}%n%m%n-------------------------%n" />
		</layout>
	</appender>

	<appender name="posLogAppender" class="org.apache.log4j.DailyRollingFileAppender">
		<param name="Threshold" value="on" />
		<param name="File" value="log//poslog.log" />
    	<param name="DatePattern" value=".dd-MM-yyyy" />
		<layout class="org.apache.log4j.PatternLayout">
			<param name="ConversionPattern" value="Level Id:%5p-%L%nDate    :%d{dd-MM-yyyy}%nTime    :%d{HH:mm:ss:S}%n%m%n-------------------------%n" />
		</layout>
	</appender>
		
	<!--<category name="java.sql" additivity="true">
			<level value="debug" />
	</category>-->
	
	<logger name="posLog">
		<level value="info" />
	</logger>

	<root>
		<level value="info" />
		<!-- <appender-ref ref="stdout" />  -->
		<appender-ref ref="posLogAppender" />
	</root>
</log4j:configuration>
