<?xml version="1.0" encoding="UTF-8" ?>
<!DOCTYPE sqlMap PUBLIC "-//ibatis.apache.org//DTD SQL Map 2.0//EN" "http://ibatis.apache.org/dtd/sql-map-2.dtd" >
<sqlMap namespace="DOP_EMD_TENDER_MASTER" >
  <resultMap id="abatorgenerated_DopEmdTenderMasterResult" class="com.tcs.pos.common.data.common.DopEmdTenderMaster" >
    <!--
      WARNING - This element is automatically generated by Abator for iBATIS, do not modify.
      This element was generated on Fri Aug 22 10:33:55 GMT+05:30 2014.
    -->
    <result column="TENDER_NO" property="tenderNo" jdbcType="VARCHAR" />
    <result column="DESCRIPTION" property="description" jdbcType="VARCHAR" />
    <result column="TENDER_DATE" property="tenderDate" jdbcType="TIMESTAMP" />
    <result column="TENDER_VALID_FROM" property="tenderValidFrom" jdbcType="TIMESTAMP" />
    <result column="TENDER_VALID_TO" property="tenderValidTo" jdbcType="TIMESTAMP" />
    <result column="EMD_VALID_FROM" property="emdValidFrom" jdbcType="TIMESTAMP" />
    <result column="EMD_VALID_TO" property="emdValidTo" jdbcType="TIMESTAMP" />
    <result column="TENDER_CATEGORY_ID" property="tenderCategory" jdbcType="INTEGER" />
    <result column="CIRCLE_CODE" property="circleCode" jdbcType="CHAR" />
    <result column="CREATED_BY" property="createdBy" jdbcType="VARCHAR" />
    <result column="CREATED_ON" property="createdOn" jdbcType="TIMESTAMP" />
    <result column="MODIFIED_BY" property="modifiedBy" jdbcType="VARCHAR" />
    <result column="MODIFIED_ON" property="modifiedOn" jdbcType="TIMESTAMP" />
  </resultMap>
  <select id="abatorgenerated_selectByPrimaryKey" resultMap="abatorgenerated_DopEmdTenderMasterResult" parameterClass="com.tcs.pos.common.data.common.DopEmdTenderMaster" >
    <!--
      WARNING - This element is automatically generated by Abator for iBATIS, do not modify.
      This element was generated on Fri Aug 22 10:33:55 GMT+05:30 2014.
    -->
    select TENDER_NO, DESCRIPTION, EMD_VALID_FROM, EMD_VALID_TO, TENDER_CATEGORY, CIRCLE_CODE, CREATED_BY,
      CREATED_ON, MODIFIED_BY, MODIFIED_ON
    from DOP_EMD_TENDER_MASTER
    where TENDER_NO = #tenderNo:VARCHAR#
    FOR READ ONLY
  </select>
  <select id="selectTenderDetailsEmd" resultMap="abatorgenerated_DopEmdTenderMasterResult" parameterClass="com.tcs.pos.common.data.common.DopEmdTenderMaster" >
    select TENDER_NO, DESCRIPTION, TENDER_DATE,TENDER_VALID_FROM, TENDER_VALID_TO, EMD_VALID_FROM, EMD_VALID_TO, TENDER_CATEGORY_ID, CIRCLE_CODE, CREATED_BY,
      CREATED_ON, MODIFIED_BY, MODIFIED_ON
    from DOP_EMD_TENDER_MASTER 
    where TENDER_NO like (#tenderNo:VARCHAR#+'%') 
    AND (TENDER_DATE &lt; DATE(GETDATE()) OR TENDER_DATE = DATE(GETDATE()))
    AND DATE(GETDATE()) BETWEEN EMD_VALID_FROM AND EMD_VALID_TO
	FOR READ ONLY
  </select>
   <select id="selectTenderDetailsTndApln" resultMap="abatorgenerated_DopEmdTenderMasterResult" parameterClass="com.tcs.pos.common.data.common.DopEmdTenderMaster" >
    select TENDER_NO, DESCRIPTION, TENDER_DATE,TENDER_VALID_FROM, TENDER_VALID_TO, EMD_VALID_FROM, EMD_VALID_TO, TENDER_CATEGORY_ID, CIRCLE_CODE, CREATED_BY,
      CREATED_ON, MODIFIED_BY, MODIFIED_ON
    from DOP_EMD_TENDER_MASTER 
    where TENDER_NO like (#tenderNo:VARCHAR#+'%') 
    AND (TENDER_DATE &lt; DATE(GETDATE()) OR TENDER_DATE = DATE(GETDATE()))
    AND DATE(GETDATE()) BETWEEN TENDER_VALID_FROM and TENDER_VALID_TO
    FOR READ ONLY
  </select>
  <delete id="abatorgenerated_deleteByPrimaryKey" parameterClass="com.tcs.pos.common.data.common.DopEmdTenderMaster" >
    <!--
      WARNING - This element is automatically generated by Abator for iBATIS, do not modify.
      This element was generated on Fri Aug 22 10:33:55 GMT+05:30 2014.
    -->
    delete from DOP_EMD_TENDER_MASTER
    where TENDER_NO = #tenderNo:VARCHAR#
  </delete>
  <insert id="abatorgenerated_insert" parameterClass="com.tcs.pos.common.data.common.DopEmdTenderMaster" >
    <!--
      WARNING - This element is automatically generated by Abator for iBATIS, do not modify.
      This element was generated on Fri Aug 22 10:33:55 GMT+05:30 2014.
    -->
    insert into DOP_EMD_TENDER_MASTER (TENDER_NO, DESCRIPTION, EMD_VALID_FROM, EMD_VALID_TO,
      TENDER_CATEGORY_ID, CIRCLE_CODE, CREATED_BY, CREATED_ON, MODIFIED_BY, MODIFIED_ON)
    values (#tenderNo:VARCHAR#, #description:VARCHAR#, #emdValidFrom:TIMESTAMP#, #emdValidTo:TIMESTAMP#,
      #tenderCategory:INTEGER#, #circleCode:CHAR#, #createdBy:VARCHAR#, getdate(),
      #modifiedBy:VARCHAR#, getdate())
  </insert>
  <update id="abatorgenerated_updateByPrimaryKey" parameterClass="com.tcs.pos.common.data.common.DopEmdTenderMaster" >
    <!--
      WARNING - This element is automatically generated by Abator for iBATIS, do not modify.
      This element was generated on Fri Aug 22 10:33:55 GMT+05:30 2014.
    -->
    update DOP_EMD_TENDER_MASTER
    set DESCRIPTION = #description:VARCHAR#,
      EMD_VALID_FROM = #emdValidFrom:TIMESTAMP#,
      EMD_VALID_TO = #emdValidTo:TIMESTAMP#,
      TENDER_CATEGORY_ID = #tenderCategory:INTEGER#,
      CIRCLE_CODE = #circleCode:CHAR#,
      CREATED_BY = #createdBy:VARCHAR#,
      CREATED_ON = getdate(),
      MODIFIED_BY = #modifiedBy:VARCHAR#,
      MODIFIED_ON = getdate()
    where TENDER_NO = #tenderNo:VARCHAR#
  </update>
  <update id="abatorgenerated_updateByPrimaryKeySelective" parameterClass="com.tcs.pos.common.data.common.DopEmdTenderMaster" >
    <!--
      WARNING - This element is automatically generated by Abator for iBATIS, do not modify.
      This element was generated on Fri Aug 22 10:33:55 GMT+05:30 2014.
    -->
    update DOP_EMD_TENDER_MASTER
    <dynamic prepend="set" >
      <isNotNull prepend="," property="description" >
        DESCRIPTION = #description:VARCHAR#
      </isNotNull>
      <isNotNull prepend="," property="emdValidFrom" >
        EMD_VALID_FROM = #emdValidFrom:TIMESTAMP#
      </isNotNull>
      <isNotNull prepend="," property="emdValidTo" >
        EMD_VALID_TO = #emdValidFrom:TIMESTAMP#
      </isNotNull>
      <isNotNull prepend="," property="tenderCategory" >
        TENDER_CATEGORY_ID = #tenderCategory:INTEGER#
      </isNotNull>
      <isNotNull prepend="," property="circleCode" >
        CIRCLE_CODE = #circleCode:CHAR#
      </isNotNull>
      <isNotNull prepend="," property="createdBy" >
        CREATED_BY = #createdBy:VARCHAR#
      </isNotNull>
      <isNotNull prepend="," property="createdOn" >
        CREATED_ON = getdate()
      </isNotNull>
      <isNotNull prepend="," property="modifiedBy" >
        MODIFIED_BY = #modifiedBy:VARCHAR#
      </isNotNull>
      <isNotNull prepend="," property="modifiedOn" >
        MODIFIED_ON = getdate()
      </isNotNull>
    </dynamic>
    where TENDER_NO = #tenderNo:VARCHAR#
  </update>
</sqlMap>