<?xml version="1.0" encoding="UTF-8" ?>
<!DOCTYPE sqlMap PUBLIC "-//ibatis.apache.org//DTD SQL Map 2.0//EN" "http://ibatis.apache.org/dtd/sql-map-2.dtd" >
<sqlMap namespace="DOP_POS_TRANSACTION_LOG_INTERMEDIATE" >
  <resultMap id="abatorgenerated_DopPosTransactionLogIntermediateResult" class="com.tcs.pos.common.data.tlog.DopPosTransactionLogIntermediate" >
    <!--
      WARNING - This element is automatically generated by Abator for iBATIS, do not modify.
      This element was generated on Tue Feb 18 14:47:20 GMT+05:30 2014.
    -->
    <result column="STORE_ID" property="storeId" jdbcType="VARCHAR" />
    <result column="STATUS" property="status" jdbcType="VARCHAR" />
    <result column="CREATED_BY" property="createdBy" jdbcType="VARCHAR" />
    <result column="CREATED_ON" property="createdOn" jdbcType="TIMESTAMP" />
    <result column="MODIFIED_BY" property="modifiedBy" jdbcType="VARCHAR" />
    <result column="MODIFIED_ON" property="modifiedOn" jdbcType="TIMESTAMP" />
  </resultMap>
  <resultMap id="abatorgenerated_DopPosTransactionLogIntermediateResultWithBLOBs" class="com.tcs.pos.common.data.tlog.DopPosTransactionLogIntermediate" extends="DOP_POS_TRANSACTION_LOG_INTERMEDIATE.abatorgenerated_DopPosTransactionLogIntermediateResult" >
    <!--
      WARNING - This element is automatically generated by Abator for iBATIS, do not modify.
      This element was generated on Tue Feb 18 14:47:20 GMT+05:30 2014.
    -->
    <result column="TRANSACTION_DETAIL" property="transactionDetail" jdbcType="BLOB" />
  </resultMap>
  
   <resultMap id="getDopPosTransactionLogDetailResult" class="com.tcs.pos.common.data.tlog.DopPosTransactionLogIntermediate" >
 	<result column="STORE_ID" property="storeId" jdbcType="VARCHAR" />
 	<result column="INVOICE_NO" property="invoiceNo" jdbcType="VARCHAR" />
 	<result column="TRANSACTION_DETAIL" property="transactionDetail" jdbcType="BLOB" />
 	<result column="LOYALTY_TIER_CODE" property="containMakerChecker" jdbcType="VARCHAR" />
 	<result column="CREATED_BY" property="createdBy" jdbcType="VARCHAR" />
    <result column="CREATED_ON" property="createdOn" jdbcType="TIMESTAMP" />
    <result column="TRANSACTION_TYPE" property="transactionType" jdbcType="VARCHAR" />
 	</resultMap>
 	
 	<resultMap id="getCanceledItemTLogNoPendingApprovalResult" class="com.tcs.pos.common.data.tlog.DopPosTransactionLogIntermediate" >
 	<result column="STORE_ID" property="storeId" jdbcType="VARCHAR" />
 	<result column="INVOICE_NO" property="invoiceNo" jdbcType="VARCHAR" />
 	<result column="TRANSACTION_DETAIL" property="transactionDetail" jdbcType="BLOB" />
 	<result column="CREATED_BY" property="createdBy" jdbcType="VARCHAR" />
    <result column="CREATED_ON" property="createdOn" jdbcType="TIMESTAMP" />
    <result column="TRANSACTION_TYPE" property="transactionType" jdbcType="VARCHAR" />
 	</resultMap>
 	
 	
  <select id="abatorgenerated_selectByPrimaryKey" resultMap="abatorgenerated_DopPosTransactionLogIntermediateResultWithBLOBs" parameterClass="com.tcs.pos.common.data.tlog.DopPosTransactionLogIntermediateKey" >
    <!--
      WARNING - This element is automatically generated by Abator for iBATIS, do not modify.
      This element was generated on Tue Feb 18 14:47:20 GMT+05:30 2014.
    -->
    select STORE_ID, STATUS, CREATED_BY, CREATED_ON, MODIFIED_BY, MODIFIED_ON,
      TRANSACTION_DETAIL
    from DOP_POS_TRANSACTION_LOG_INTERMEDIATE
    where STORE_ID = #storeId:VARCHAR#
      AND CREATED_BY = #createdBy:VARCHAR#
    AND CREATED_ON = #createdOn:TIMESTAMP# FOR READ ONLY
  </select>
  <delete id="abatorgenerated_deleteByPrimaryKey" parameterClass="com.tcs.pos.common.data.tlog.DopPosTransactionLogIntermediateKey" >
    <!--
      WARNING - This element is automatically generated by Abator for iBATIS, do not modify.
      This element was generated on Tue Feb 18 14:47:20 GMT+05:30 2014.
    -->
    delete from DOP_POS_TRANSACTION_LOG_INTERMEDIATE
    where STORE_ID = #storeId:VARCHAR#
      AND CREATED_BY = #createdBy:VARCHAR#
    AND CREATED_ON = #createdOn:TIMESTAMP#
  </delete>
  <insert id="abatorgenerated_insert" parameterClass="com.tcs.pos.common.data.tlog.DopPosTransactionLogIntermediate" >
    <!--
      WARNING - This element is automatically generated by Abator for iBATIS, do not modify.
      This element was generated on Tue Feb 18 14:47:20 GMT+05:30 2014.
    -->
    insert into DOP_POS_TRANSACTION_LOG_INTERMEDIATE (STORE_ID, STATUS, CREATED_BY,
      CREATED_ON, MODIFIED_BY, MODIFIED_ON, TRANSACTION_DETAIL, INVOICE_NO, PARENT_INVOICE_NO,TRANSACTION_TYPE)
    values (#storeId:VARCHAR#, #status:VARCHAR#, #createdBy:VARCHAR#,
      getdate(), #modifiedBy:VARCHAR#, getdate(),
      #transactionDetail:BLOB#,#invoiceNo:VARCHAR#,#parentInvoiceNo:VARCHAR#,#transactionType:VARCHAR#)
  </insert>
  <update id="abatorgenerated_updateByPrimaryKeyWithBLOBs" parameterClass="com.tcs.pos.common.data.tlog.DopPosTransactionLogIntermediate" >
    <!--
      WARNING - This element is automatically generated by Abator for iBATIS, do not modify.
      This element was generated on Tue Feb 18 14:47:20 GMT+05:30 2014.
    -->
    update DOP_POS_TRANSACTION_LOG_INTERMEDIATE
    set STATUS = #status:VARCHAR#,
      CREATED_BY = #createdBy:VARCHAR#,
      CREATED_ON = getdate(),
      MODIFIED_BY = #modifiedBy:VARCHAR#,
      MODIFIED_ON = getdate(),
      TRANSACTION_DETAIL = #transactionDetail:LONGVARCHAR#
    where STORE_ID = #storeId:VARCHAR#
      AND CREATED_BY = #createdBy:VARCHAR#
    AND CREATED_ON = #createdOn:TIMESTAMP#
  </update>
  <update id="abatorgenerated_updateByPrimaryKey" parameterClass="com.tcs.pos.common.data.tlog.DopPosTransactionLogIntermediate" >
    <!--
      WARNING - This element is automatically generated by Abator for iBATIS, do not modify.
      This element was generated on Tue Feb 18 14:47:20 GMT+05:30 2014.
    -->
    update DOP_POS_TRANSACTION_LOG_INTERMEDIATE
    set STATUS = #status:VARCHAR#,
      CREATED_BY = #createdBy:VARCHAR#,
      CREATED_ON = getdate(),
      MODIFIED_BY = #modifiedBy:VARCHAR#,
      MODIFIED_ON = getdate()
    where STORE_ID = #storeId:VARCHAR#
      AND CREATED_BY = #createdBy:VARCHAR#
    AND CREATED_ON = #createdOn:TIMESTAMP#
  </update>
  <update id="abatorgenerated_updateByPrimaryKeySelective" parameterClass="com.tcs.pos.common.data.tlog.DopPosTransactionLogIntermediate" >
    <!--
      WARNING - This element is automatically generated by Abator for iBATIS, do not modify.
      This element was generated on Tue Feb 18 14:47:20 GMT+05:30 2014.
    -->
    update DOP_POS_TRANSACTION_LOG_INTERMEDIATE
    <dynamic prepend="set" >
      <isNotNull prepend="," property="status" >
        STATUS = #status:VARCHAR#
      </isNotNull>
      <isNotNull prepend="," property="createdBy" >
        CREATED_BY = #createdBy:VARCHAR#
      </isNotNull>
      <isNotNull prepend="," property="createdOn" >
        CREATED_ON = getdate()
      </isNotNull>
      <isNotNull prepend="," property="modifiedBy" >
        MODIFIED_BY = #modifiedBy:VARCHAR#
      </isNotNull>
      <isNotNull prepend="," property="modifiedOn" >
        MODIFIED_ON = getdate()
      </isNotNull>
      <isNotNull prepend="," property="transactionDetail" >
        TRANSACTION_DETAIL = #transactionDetail:LONGVARCHAR#
      </isNotNull>
    </dynamic>
    where STORE_ID = #storeId:VARCHAR#
      AND CREATED_BY = #createdBy:VARCHAR#
    AND CREATED_ON = #createdOn:TIMESTAMP#
  </update>
  
  <select id="getDopPosTransactionLogDetail" resultMap="getDopPosTransactionLogDetailResult" parameterClass="com.tcs.pos.common.data.tlog.DopPosTransactionLogIntermediate" >

    select dptli.STORE_ID, dptli.INVOICE_NO, dptli.TRANSACTION_DETAIL, i.LOYALTY_TIER_CODE,
    dptli.CREATED_BY,dptli.CREATED_ON,dptli.TRANSACTION_TYPE
    from DOP_POS_TRANSACTION_LOG_INTERMEDIATE dptli JOIN INVOICE i
    ON dptli.INVOICE_NO=i.SYS_INVOICE_NO
      where dptli.INVOICE_NO =#invoiceNo:VARCHAR#
      AND 
      dptli.STORE_ID =#storeId:VARCHAR#
      AND 
      dptli.STATUS = 'S'  FOR READ ONLY
  </select>
  
  <update id="updatePosTransactionLogIntermediate" parameterClass="com.tcs.pos.common.data.tlog.DopPosTransactionLogIntermediate" >
    
    update DOP_POS_TRANSACTION_LOG_INTERMEDIATE
    set 
      MODIFIED_BY = #modifiedBy:VARCHAR#,
      MODIFIED_ON = getdate(),
      TRANSACTION_DETAIL = #transactionDetail:BLOB#
     where INVOICE_NO = #invoiceNo:VARCHAR# 
     AND CREATED_BY = #createdBy:VARCHAR#
     AND CREATED_ON = #createdOn:TIMESTAMP#
      AND 
     STORE_ID = #storeId:VARCHAR#
  </update>
  
  <select id="getCanceledItemTLogNoPendingApproval" resultMap="getCanceledItemTLogNoPendingApprovalResult" parameterClass="com.tcs.pos.common.data.tlog.DopPosTransactionLogIntermediate" >

    select STORE_ID,INVOICE_NO, TRANSACTION_DETAIL,CREATED_BY,CREATED_ON,TRANSACTION_TYPE
    from DOP_POS_TRANSACTION_LOG_INTERMEDIATE
      where PARENT_INVOICE_NO = #parentInvoiceNo:VARCHAR#
      AND 
      STORE_ID = #storeId:VARCHAR#
      AND 
      STATUS = 'S'  FOR READ ONLY
  </select>
  
  <resultMap id="getDetailsFromTLogForCancelledItemResult" class="com.tcs.pos.common.data.tlog.DopPosTransactionLogIntermediate" >
  	<result column="ARTICLE_NO" property="articleNo" jdbcType="VARCHAR" />
  	<result column="MO_TRACKING_ID" property="moTrackingId" jdbcType="VARCHAR" />
  	<result column="PNR_NO" property="pnrNo" jdbcType="VARCHAR" />
    <result column="DIVISION" property="division" jdbcType="VARCHAR" />
    <result column="PRODUCT_TYPE" property="productType" jdbcType="VARCHAR" />
    <result column="MATERIAL_GROUP" property="materialGroup" jdbcType="VARCHAR" />
    <result column="VALUE_CODE" property="valueCode" jdbcType="VARCHAR" />
    <result column="DURATION_CODE" property="durationCode" jdbcType="VARCHAR" />
    <result column="WEIGHT_CODE" property="weightCode" jdbcType="VARCHAR" />
    <result column="DISTANCE_CODE" property="distanceCode" jdbcType="VARCHAR" />
    <result column="SENDER_CUSTOMER_ID" property="senderCustomerId" jdbcType="VARCHAR" />
    <result column="CONTRACT_NUMBER" property="contractNo" jdbcType="VARCHAR" />
    <result column="CONTRACT_ITEM_NUMBER" property="contractLineItemNo" jdbcType="VARCHAR" /> 
    <result column="SERVICE_TYPE_ID" property="serviceTypeCode" jdbcType="VARCHAR" /> 
    <result column="PRODUCT_CODE" property="productCode" jdbcType="VARCHAR" /> 
    <result column="QUANTITY" property="quantity" jdbcType="VARCHAR" />
    <result column="UOM" property="uom" jdbcType="VARCHAR" /> 
    <result column="SECRET_CODE" property="secretCode" jdbcType="VARCHAR" /> 
    <result column="LINE_ITEM_TOTAL_AMOUNT" property="lineItemTotalAmount" jdbcType="VARCHAR" /> 
    <result column="BILLER_ID" property="billerId" jdbcType="VARCHAR" /> 
    <result column="DOCUMENT_REFERENCE_NO" property="documentRefNo" jdbcType="VARCHAR" />
    <result column="VALUE" property="value" jdbcType="VARCHAR" /> 
    <result column="SENDER_MONEY_TRANSFER_VALUE" property="senderMoneyTransferValue" jdbcType="VARCHAR" />
    <result column="RECIPIENT_COUNTRY" property="recipientCountry" jdbcType="VARCHAR" />    
    <result column="LINE_ITEM_NUMBER" property="lineItemNumber" jdbcType="VARCHAR" />
    <result column="BASE_PRICE" property="basePrice" jdbcType="VARCHAR" />
    <result column="VAS" property="vas" jdbcType="VARCHAR" />
    <result column="VAS_NEW" property="vasNew" jdbcType="VARCHAR" />
    <result column="VAS_VALUE" property="vasvalue" jdbcType="VARCHAR" />
    <result column="IS_ON_POSTAL_SERVICE" property="isOnPostalService" jdbcType="VARCHAR" />
    <result column="IS_FOUND_IN_LETTER_BOX" property="isFoundInLetterBox" jdbcType="VARCHAR" />
    <result column="IS_DEFENCE_ARTICLE" property="isDefenceArticle" jdbcType="VARCHAR" />
    <result column="IS_REBOOKING" property="isRebooking" jdbcType="VARCHAR" />
    <result column="POSTAGE_DUE" property="postageDue" jdbcType="VARCHAR" />
    <result column="PREPAID_TYPE" property="prepaidType" jdbcType="VARCHAR" />
    <result column="PREPAID_AMOUNT" property="prepaidAmount" jdbcType="VARCHAR" />
    <result column="COD_CHARGE" property="codCharge" jdbcType="VARCHAR" />
    <result column="IS_AMS" property="isAms" jdbcType="VARCHAR" />
    <result column="IS_SAL" property="isSal" jdbcType="VARCHAR" />
    <result column="IS_AMS_NEW" property="isAmsNew" jdbcType="VARCHAR" />
    <result column="IS_SAL_NEW" property="isSalNew" jdbcType="VARCHAR" />
    <result column="NO_OF_PAGES" property="noOfPages" jdbcType="VARCHAR" />
    <result column="BUSINESS_POST_ACTIVITY_CODE" property="businessPostActivityCode" jdbcType="VARCHAR" />
    <result column="NO_OF_INSERTIONS" property="noOfInsertions" jdbcType="VARCHAR" />
    <result column="ASSOCIATED_SERVICE_ID" property="associatedServiceId" jdbcType="VARCHAR" />
    <result column="TIER1_AMOUNT" property="tier1Amount" jdbcType="VARCHAR" />
    <result column="TIER2_AMOUNT" property="tier2Amount" jdbcType="VARCHAR" />
    <result column="CUSTOMS_DUTY" property="customsDuty" jdbcType="VARCHAR" />
    <result column="DURATION" property="duration" jdbcType="VARCHAR" />
    <result column="WEIGHT" property="weight" jdbcType="VARCHAR" />
    <result column="DISTANCE" property="distance" jdbcType="VARCHAR" />
    <result column="EXTRA_PRICE_AMOUNT" property="extraPriceAmount" jdbcType="VARCHAR" />
    <result column="ADDL_BILL_INFO" property="addlBillInfo" jdbcType="VARCHAR" />
    <result column="ADDL_BILL_AMOUNT_INFO" property="addlBillAmountInfo" jdbcType="VARCHAR" />
    <result column="MO_VPP" property="moVpp" jdbcType="VARCHAR" />
    <result column="INTL_SERVICE_PROVIDER_BANK_ID" property="intlServiceProviderBankId" jdbcType="VARCHAR" />
    <result column="SENDER_MONEY_TRANSFER_CURRENCY_ID" property="senderMoneyTransferCurrencyId" jdbcType="VARCHAR" />
    <result column="RECIPIENT_MONEY_TRANSFER_CURRENCY_ID" property="recipientMoneyTransferCurrencyId" jdbcType="VARCHAR" />
    <result column="RECIPIENT_MONEY_TRANSFER_VALUE" property="recipientMoneyTransferValue" jdbcType="VARCHAR" />
    <result column="SENDER_MONEY_TRANSFER_CONVERTED_VALUE" property="senderMoneyTransferConvertedValue" jdbcType="VARCHAR" />
    <result column="COMMISSION_AMOUNT" property="commissionAmount" jdbcType="VARCHAR" />
    <result column="TAX_AMOUNT" property="taxAmount" jdbcType="VARCHAR" />
    <result column="TAX_AMOUNT_NEW" property="taxAmountNew" jdbcType="VARCHAR" />
    <result column="AIR_WAY_BILL_NO" property="airWayBillNo" jdbcType="VARCHAR" />
    
        
  </resultMap>
  <select id="getDetailsFromTLogForCancelledItem" resultMap="getDetailsFromTLogForCancelledItemResult" parameterClass="com.tcs.pos.common.data.tlog.DopPosTransactionLogIntermediate">
	SELECT TOP 1 ARTICLE_NO,MO_TRACKING_ID,PNR_NO,DIVISION,PRODUCT_TYPE,MATERIAL_GROUP,VALUE_CODE,DURATION_CODE,
	    WEIGHT_CODE,DISTANCE_CODE,SENDER_CUSTOMER_ID,CONTRACT_NUMBER,CONTRACT_ITEM_NUMBER,SERVICE_TYPE_ID,
	    PRODUCT_CODE,QUANTITY,UOM,SECRET_CODE,LINE_ITEM_TOTAL_AMOUNT,BILLER_ID,DOCUMENT_REFERENCE_NO,VALUE,
	    SENDER_MONEY_TRANSFER_VALUE,RECIPIENT_COUNTRY,LINE_ITEM_NUMBER,BASE_PRICE,VAS,VAS_NEW,VAS_VALUE,IS_ON_POSTAL_SERVICE,
        IS_FOUND_IN_LETTER_BOX,IS_DEFENCE_ARTICLE,IS_REBOOKING,POSTAGE_DUE,PREPAID_TYPE,PREPAID_AMOUNT,COD_CHARGE,IS_AMS,IS_SAL,IS_AMS_NEW,IS_SAL_NEW,
        NO_OF_PAGES,BUSINESS_POST_ACTIVITY_CODE,NO_OF_INSERTIONS,ASSOCIATED_SERVICE_ID,TIER1_AMOUNT,TIER2_AMOUNT,CUSTOMS_DUTY,
        DURATION,WEIGHT,DISTANCE,EXTRA_PRICE_AMOUNT,ADDL_BILL_INFO,ADDL_BILL_AMOUNT_INFO,MO_VPP,INTL_SERVICE_PROVIDER_BANK_ID,
        SENDER_MONEY_TRANSFER_CURRENCY_ID,RECIPIENT_MONEY_TRANSFER_CURRENCY_ID,RECIPIENT_MONEY_TRANSFER_VALUE,SENDER_MONEY_TRANSFER_CONVERTED_VALUE,
        COMMISSION_AMOUNT,TAX_AMOUNT,TAX_AMOUNT_NEW,AIR_WAY_BILL_NO
	FROM postal.DOP_POS_TRANSACTION_LOG,
	    OPENXML (postal.DOP_POS_TRANSACTION_LOG.TRANSACTION_DETAIL,'/POS_TRANSACTION/SALES/LINE_ITEM_DETAILS',1)
	            WITH (
	            ARTICLE_NO VARCHAR(35) 'ARTICLE_NO',
	    		MO_TRACKING_ID VARCHAR(35) 'MO_TRACKING_ID',
	    		PNR_NO VARCHAR(35) 'PNR_NO',     
	    		DIVISION VARCHAR(5) 'DIVISION',
	    		PRODUCT_TYPE VARCHAR(5) 'PRODUCT_TYPE',
	    		MATERIAL_GROUP VARCHAR(10) 'MATERIAL_GROUP',
	    		VALUE_CODE VARCHAR(5) 'VALUE_CODE',
	    		DURATION_CODE VARCHAR(5) 'DURATION_CODE',
	    		WEIGHT_CODE VARCHAR(5) 'WEIGHT_CODE',
	    		DISTANCE_CODE VARCHAR(5) 'DISTANCE_CODE',
	    		SENDER_CUSTOMER_ID VARCHAR(25) 'SENDER_CUSTOMER_ID',
	    		CONTRACT_NUMBER VARCHAR(15) 'CONTRACT_NUMBER',
	    		CONTRACT_ITEM_NUMBER VARCHAR(5) 'CONTRACT_ITEM_NUMBER',
	    		SERVICE_TYPE_ID VARCHAR(25) 'SERVICE_TYPE_ID',
	    		PRODUCT_CODE VARCHAR(25) 'PRODUCT_CODE',
	    		QUANTITY VARCHAR(8) 'QUANTITY',
	    		UOM VARCHAR(8) 'UOM',
	    		SECRET_CODE VARCHAR(25) 'SECRET_CODE',
	    		LINE_ITEM_TOTAL_AMOUNT VARCHAR(15) 'LINE_ITEM_TOTAL_AMOUNT',
	    		BILLER_ID VARCHAR(15) 'BILLER_ID',
			    DOCUMENT_REFERENCE_NO VARCHAR(200) 'DOCUMENT_REFERENCE_NO',
			    VALUE VARCHAR(25) 'VALUE',
			    SENDER_MONEY_TRANSFER_VALUE VARCHAR(25) 'SENDER_MONEY_TRANSFER_VALUE',
			    RECIPIENT_COUNTRY VARCHAR(8) 'RECIPIENT_COUNTRY',
                LINE_ITEM_NUMBER VARCHAR(12) 'LINE_ITEM_NUMBER',
                BASE_PRICE VARCHAR(20) 'BASE_PRICE',
                VAS VARCHAR(200) 'VAS',
                VAS_NEW VARCHAR(500) 'VAS_NEW',
                VAS_VALUE VARCHAR(200) 'VAS_VALUE',
                IS_ON_POSTAL_SERVICE VARCHAR(2) 'IS_ON_POSTAL_SERVICE',
                IS_FOUND_IN_LETTER_BOX VARCHAR(2) 'IS_FOUND_IN_LETTER_BOX',
                IS_DEFENCE_ARTICLE VARCHAR(2) 'IS_DEFENCE_ARTICLE',
                IS_REBOOKING VARCHAR(2) 'IS_REBOOKING',
                POSTAGE_DUE VARCHAR(20) 'POSTAGE_DUE',
                PREPAID_TYPE VARCHAR(10) 'PREPAID_TYPE',
                PREPAID_AMOUNT VARCHAR(20) 'PREPAID_AMOUNT',
                COD_CHARGE VARCHAR(20) 'COD_CHARGE',
                IS_AMS VARCHAR(2) 'IS_AMS',
                IS_SAL VARCHAR(2) 'IS_SAL',
                IS_AMS_NEW VARCHAR(10) 'IS_AMS_NEW',
                IS_SAL_NEW VARCHAR(10) 'IS_SAL_NEW',
                NO_OF_PAGES VARCHAR(15) 'NO_OF_PAGES',
                BUSINESS_POST_ACTIVITY_CODE VARCHAR(200) 'BUSINESS_POST_ACTIVITY_CODE',
                NO_OF_INSERTIONS VARCHAR(15) 'NO_OF_INSERTIONS',
                ASSOCIATED_SERVICE_ID VARCHAR(25) 'ASSOCIATED_SERVICE_ID',
                TIER1_AMOUNT VARCHAR(20) 'TIER1_AMOUNT',
                TIER2_AMOUNT VARCHAR(20) 'TIER2_AMOUNT',
                CUSTOMS_DUTY VARCHAR(20) 'CUSTOMS_DUTY',
                DURATION VARCHAR(20) 'DURATION',
                WEIGHT VARCHAR(20) 'WEIGHT',
                DISTANCE VARCHAR(20) 'DISTANCE',
                EXTRA_PRICE_AMOUNT VARCHAR(20) 'EXTRA_PRICE_AMOUNT',
                ADDL_BILL_INFO VARCHAR(300) 'ADDL_BILL_INFO',
                ADDL_BILL_AMOUNT_INFO VARCHAR(300) 'ADDL_BILL_AMOUNT_INFO',
                MO_VPP VARCHAR(200) 'MO_VPP',
                INTL_SERVICE_PROVIDER_BANK_ID VARCHAR(5) 'INTL_SERVICE_PROVIDER_BANK_ID',
                SENDER_MONEY_TRANSFER_CURRENCY_ID VARCHAR(5) 'SENDER_MONEY_TRANSFER_CURRENCY_ID',
                RECIPIENT_MONEY_TRANSFER_CURRENCY_ID VARCHAR(5) 'RECIPIENT_MONEY_TRANSFER_CURRENCY_ID',
                RECIPIENT_MONEY_TRANSFER_VALUE VARCHAR(20) 'RECIPIENT_MONEY_TRANSFER_VALUE',
                SENDER_MONEY_TRANSFER_CONVERTED_VALUE VARCHAR(30) 'SENDER_MONEY_TRANSFER_CONVERTED_VALUE',
                COMMISSION_AMOUNT VARCHAR(20) 'COMMISSION_AMOUNT',
                TAX_AMOUNT VARCHAR(200) 'TAX_AMOUNT',
                TAX_AMOUNT_NEW VARCHAR(500) 'TAX_AMOUNT_NEW',
                AIR_WAY_BILL_NO VARCHAR(40) 'AIR_WAY_BILL_NO'
	    ) Table1 
	    WHERE TRANSACTION_TYPE=#transactionType:VARCHAR#
	    AND INVOICE_NO=#invoiceNo:VARCHAR#
	    <dynamic>
      		<isNotNull prepend="AND" property="articleNo" >
        		Table1.ARTICLE_NO= #articleNo:VARCHAR#
      		</isNotNull>
      		<isNotNull prepend="AND" property="productCode" >
        		Table1.PRODUCT_CODE= #productCode:VARCHAR#
      		</isNotNull>
      		<isNotNull prepend="AND" property="quantity" >
        		Table1.QUANTITY= #quantity:VARCHAR#
      		</isNotNull>
      		<isNotNull prepend="AND" property="moTrackingId" >
        		Table1.MO_TRACKING_ID= #moTrackingId:VARCHAR#
      		</isNotNull>
      		<isNotNull prepend="AND" property="pnrNo" >
        		Table1.PNR_NO= #pnrNo:VARCHAR#
      		</isNotNull>
      		<isNotNull prepend="AND" property="lineItemTotalAmount" >
        		Table1.LINE_ITEM_TOTAL_AMOUNT= #lineItemTotalAmount:VARCHAR#
      		</isNotNull>
      		<isNotNull prepend="AND" property="billerId" >
        		Table1.BILLER_ID= #billerId:VARCHAR#
      		</isNotNull>
      		<isNotNull prepend="AND" property="documentRefNo" >
        		Table1.DOCUMENT_REFERENCE_NO= #documentRefNo:VARCHAR#
      		</isNotNull>
      		<isNotNull prepend="AND" property="airWayBillNo" >
        		Table1.AIR_WAY_BILL_NO= #airWayBillNo:VARCHAR#
      		</isNotNull>      		
	    </dynamic>
	    
	UNION
	
	SELECT TOP 1 ARTICLE_NO,MO_TRACKING_ID,PNR_NO,DIVISION,PRODUCT_TYPE,MATERIAL_GROUP,VALUE_CODE,DURATION_CODE,
	    WEIGHT_CODE,DISTANCE_CODE,SENDER_CUSTOMER_ID,CONTRACT_NUMBER,CONTRACT_ITEM_NUMBER,SERVICE_TYPE_ID,
	    PRODUCT_CODE,QUANTITY,UOM,SECRET_CODE,LINE_ITEM_TOTAL_AMOUNT,BILLER_ID,DOCUMENT_REFERENCE_NO,VALUE,
	    SENDER_MONEY_TRANSFER_VALUE,RECIPIENT_COUNTRY,LINE_ITEM_NUMBER,BASE_PRICE,VAS,VAS_NEW,VAS_VALUE,IS_ON_POSTAL_SERVICE,
        IS_FOUND_IN_LETTER_BOX,IS_DEFENCE_ARTICLE,IS_REBOOKING,POSTAGE_DUE,PREPAID_TYPE,PREPAID_AMOUNT,COD_CHARGE,IS_AMS,IS_SAL,IS_AMS_NEW,IS_SAL_NEW,
        NO_OF_PAGES,BUSINESS_POST_ACTIVITY_CODE,NO_OF_INSERTIONS,ASSOCIATED_SERVICE_ID,TIER1_AMOUNT,TIER2_AMOUNT,CUSTOMS_DUTY,
        DURATION,WEIGHT,DISTANCE,EXTRA_PRICE_AMOUNT,ADDL_BILL_INFO,ADDL_BILL_AMOUNT_INFO,MO_VPP,INTL_SERVICE_PROVIDER_BANK_ID,
        SENDER_MONEY_TRANSFER_CURRENCY_ID,RECIPIENT_MONEY_TRANSFER_CURRENCY_ID,RECIPIENT_MONEY_TRANSFER_VALUE,SENDER_MONEY_TRANSFER_CONVERTED_VALUE,
        COMMISSION_AMOUNT,TAX_AMOUNT,TAX_AMOUNT_NEW,AIR_WAY_BILL_NO
	FROM postal.DOP_POS_TRANSACTION_LOG_INTERMEDIATE,
	    OPENXML (postal.DOP_POS_TRANSACTION_LOG_INTERMEDIATE.TRANSACTION_DETAIL,'/POS_TRANSACTION/SALES/LINE_ITEM_DETAILS',1)
	            WITH (
	            ARTICLE_NO VARCHAR(35) 'ARTICLE_NO',
	    		MO_TRACKING_ID VARCHAR(35) 'MO_TRACKING_ID',
	    		PNR_NO VARCHAR(35) 'PNR_NO',
			    DIVISION VARCHAR(5) 'DIVISION',
			    PRODUCT_TYPE VARCHAR(5) 'PRODUCT_TYPE',
			    MATERIAL_GROUP VARCHAR(10) 'MATERIAL_GROUP',
			    VALUE_CODE VARCHAR(5) 'VALUE_CODE',
			    DURATION_CODE VARCHAR(5) 'DURATION_CODE',
			    WEIGHT_CODE VARCHAR(5) 'WEIGHT_CODE',
			    DISTANCE_CODE VARCHAR(5) 'DISTANCE_CODE',
			    SENDER_CUSTOMER_ID VARCHAR(25) 'SENDER_CUSTOMER_ID',
			    CONTRACT_NUMBER VARCHAR(15) 'CONTRACT_NUMBER',
			    CONTRACT_ITEM_NUMBER VARCHAR(5) 'CONTRACT_ITEM_NUMBER',
			    SERVICE_TYPE_ID VARCHAR(25) 'SERVICE_TYPE_ID',
			    PRODUCT_CODE VARCHAR(25) 'PRODUCT_CODE',
			    QUANTITY VARCHAR(8) 'QUANTITY',
			    UOM VARCHAR(8) 'UOM',
			    SECRET_CODE VARCHAR(25) 'SECRET_CODE',
			    LINE_ITEM_TOTAL_AMOUNT VARCHAR(15) 'LINE_ITEM_TOTAL_AMOUNT',
			    BILLER_ID VARCHAR(15) 'BILLER_ID',
			    DOCUMENT_REFERENCE_NO VARCHAR(200) 'DOCUMENT_REFERENCE_NO',
			    VALUE VARCHAR(25) 'VALUE',
			    SENDER_MONEY_TRANSFER_VALUE VARCHAR(25) 'SENDER_MONEY_TRANSFER_VALUE',
			    RECIPIENT_COUNTRY VARCHAR(8) 'RECIPIENT_COUNTRY',
                LINE_ITEM_NUMBER VARCHAR(12) 'LINE_ITEM_NUMBER',
                BASE_PRICE VARCHAR(20) 'BASE_PRICE',
                VAS VARCHAR(200) 'VAS',
                VAS_NEW VARCHAR(500) 'VAS_NEW',
                VAS_VALUE VARCHAR(200) 'VAS_VALUE',
                IS_ON_POSTAL_SERVICE VARCHAR(2) 'IS_ON_POSTAL_SERVICE',
                IS_FOUND_IN_LETTER_BOX VARCHAR(2) 'IS_FOUND_IN_LETTER_BOX',
                IS_DEFENCE_ARTICLE VARCHAR(2) 'IS_DEFENCE_ARTICLE',
                IS_REBOOKING VARCHAR(2) 'IS_REBOOKING',
                POSTAGE_DUE VARCHAR(20) 'POSTAGE_DUE',
                PREPAID_TYPE VARCHAR(10) 'PREPAID_TYPE',
                PREPAID_AMOUNT VARCHAR(20) 'PREPAID_AMOUNT',
                COD_CHARGE VARCHAR(20) 'COD_CHARGE',
                IS_AMS VARCHAR(2) 'IS_AMS',
                IS_SAL VARCHAR(2) 'IS_SAL',
                IS_AMS_NEW VARCHAR(10) 'IS_AMS_NEW',
                IS_SAL_NEW VARCHAR(10) 'IS_SAL_NEW',
                NO_OF_PAGES VARCHAR(15) 'NO_OF_PAGES',
                BUSINESS_POST_ACTIVITY_CODE VARCHAR(200) 'BUSINESS_POST_ACTIVITY_CODE',
                NO_OF_INSERTIONS VARCHAR(15) 'NO_OF_INSERTIONS',
                ASSOCIATED_SERVICE_ID VARCHAR(25) 'ASSOCIATED_SERVICE_ID',
                TIER1_AMOUNT VARCHAR(20) 'TIER1_AMOUNT',
                TIER2_AMOUNT VARCHAR(20) 'TIER2_AMOUNT',
                CUSTOMS_DUTY VARCHAR(20) 'CUSTOMS_DUTY',
                DURATION VARCHAR(20) 'DURATION',
                WEIGHT VARCHAR(20) 'WEIGHT',
                DISTANCE VARCHAR(20) 'DISTANCE',
                EXTRA_PRICE_AMOUNT VARCHAR(20) 'EXTRA_PRICE_AMOUNT',
                ADDL_BILL_INFO VARCHAR(300) 'ADDL_BILL_INFO',
                ADDL_BILL_AMOUNT_INFO VARCHAR(300) 'ADDL_BILL_AMOUNT_INFO',
                MO_VPP VARCHAR(200) 'MO_VPP',
                INTL_SERVICE_PROVIDER_BANK_ID VARCHAR(5) 'INTL_SERVICE_PROVIDER_BANK_ID',
                SENDER_MONEY_TRANSFER_CURRENCY_ID VARCHAR(5) 'SENDER_MONEY_TRANSFER_CURRENCY_ID',
                RECIPIENT_MONEY_TRANSFER_CURRENCY_ID VARCHAR(5) 'RECIPIENT_MONEY_TRANSFER_CURRENCY_ID',
                RECIPIENT_MONEY_TRANSFER_VALUE VARCHAR(20) 'RECIPIENT_MONEY_TRANSFER_VALUE',
                SENDER_MONEY_TRANSFER_CONVERTED_VALUE VARCHAR(30) 'SENDER_MONEY_TRANSFER_CONVERTED_VALUE',
                COMMISSION_AMOUNT VARCHAR(20) 'COMMISSION_AMOUNT',
                TAX_AMOUNT VARCHAR(200) 'TAX_AMOUNT',
                TAX_AMOUNT_NEW VARCHAR(500) 'TAX_AMOUNT_NEW',
                AIR_WAY_BILL_NO VARCHAR(40) 'AIR_WAY_BILL_NO'
	    ) Table2 
	    WHERE TRANSACTION_TYPE=#transactionType:VARCHAR#  
	    AND INVOICE_NO=#invoiceNo:VARCHAR#
	    <dynamic>
      		<isNotNull prepend="AND" property="articleNo" >
        		Table2.ARTICLE_NO= #articleNo:VARCHAR#
      		</isNotNull>
      		<isNotNull prepend="AND" property="productCode" >
        		Table2.PRODUCT_CODE= #productCode:VARCHAR#
      		</isNotNull>
      		<isNotNull prepend="AND" property="quantity" >
        		Table2.QUANTITY= #quantity:VARCHAR#
      		</isNotNull>
      		<isNotNull prepend="AND" property="moTrackingId" >
        		Table2.MO_TRACKING_ID= #moTrackingId:VARCHAR#
      		</isNotNull>
      		<isNotNull prepend="AND" property="pnrNo" >
        		Table2.PNR_NO= #pnrNo:VARCHAR#
      		</isNotNull>
      		<isNotNull prepend="AND" property="lineItemTotalAmount" >
        		Table2.LINE_ITEM_TOTAL_AMOUNT= #lineItemTotalAmount:VARCHAR#
      		</isNotNull>
      		<isNotNull prepend="AND" property="billerId" >
        		Table2.BILLER_ID= #billerId:VARCHAR#
      		</isNotNull>
      		<isNotNull prepend="AND" property="documentRefNo" >
        		Table2.DOCUMENT_REFERENCE_NO= #documentRefNo:VARCHAR#
      		</isNotNull> 
      		<isNotNull prepend="AND" property="airWayBillNo" >
        		Table2.AIR_WAY_BILL_NO= #airWayBillNo:VARCHAR#
      		</isNotNull>
	    </dynamic>
	FOR READ ONLY
  </select>
  <!-- 
  <insert id="insertIntoPosTransactionLogFromIntermediate" parameterClass="com.tcs.pos.common.data.tlog.DopPosTransactionLogIntermediate" >
	INSERT INTO DOP_POS_TRANSACTION_LOG
	(STORE_ID,TRANSACTION_DETAIL,LAST_SYNC_DATE,CREATED_BY,CREATED_ON,IS_PROCESSED_BY_SAP,MODIFIED_BY,MODIFIED_ON,INVOICE_NO,TRANSACTION_TYPE)
	SELECT
	STORE_ID,TRANSACTION_DETAIL,NULL,CREATED_BY,CREATED_ON,0,#modifiedBy:VARCHAR#,GETDATE(),INVOICE_NO,TRANSACTION_TYPE
	FROM DOP_POS_TRANSACTION_LOG_INTERMEDIATE
	WHERE
	STORE_ID = #storeId:VARCHAR#
	AND
	STATUS = 'S'
	<dynamic>
		<isNotNull prepend="AND" property="invoiceNo">
			INVOICE_NO =#invoiceNo:VARCHAR#
		</isNotNull>
		<isNotNull prepend="AND" property="parentInvoiceNo">
			PARENT_INVOICE_NO = #parentInvoiceNo:VARCHAR#
		</isNotNull>
		<isNotNull prepend="AND" property="transactionType">
			TRANSACTION_TYPE = #transactionType:VARCHAR#
		</isNotNull>
		<isNotNull prepend="AND" property="createdBy">
			CREATED_BY = #createdBy:VARCHAR#
		</isNotNull>
		<isNotNull prepend="AND" property="createdOn">
			CREATED_ON = #createdOn:TIMESTAMP#
		</isNotNull>
	</dynamic>
  </insert> -->
  <!-- 
  <delete id="deleteFromPosTransactionLogIntermediate" parameterClass="com.tcs.pos.common.data.tlog.DopPosTransactionLogIntermediate" >
	DELETE FROM DOP_POS_TRANSACTION_LOG_INTERMEDIATE
	WHERE
	STORE_ID = #storeId:VARCHAR#
	AND STATUS = 'S'
	<dynamic>
		<isNotNull prepend="AND" property="invoiceNo">
			INVOICE_NO =#invoiceNo:VARCHAR#
		</isNotNull>
		<isNotNull prepend="AND" property="parentInvoiceNo">
			PARENT_INVOICE_NO = #parentInvoiceNo:VARCHAR#
		</isNotNull>
		<isNotNull prepend="AND" property="transactionType">
			TRANSACTION_TYPE = #transactionType:VARCHAR#
		</isNotNull>
		<isNotNull prepend="AND" property="createdBy">
			CREATED_BY = #createdBy:VARCHAR#
		</isNotNull>
		<isNotNull prepend="AND" property="createdOn">
			CREATED_ON = #createdOn:TIMESTAMP#
		</isNotNull>
	</dynamic>
  </delete> -->
  
  <insert id="insertIntoPosTLogFromIntermediateForChildInvoice" parameterClass="com.tcs.pos.common.data.tlog.DopPosTransactionLogIntermediate" >
    INSERT INTO DOP_POS_TRANSACTION_LOG (STORE_ID,TRANSACTION_DETAIL,LAST_SYNC_DATE,CREATED_BY,CREATED_ON,IS_PROCESSED_BY_SAP,MODIFIED_BY,MODIFIED_ON,INVOICE_NO,TRANSACTION_TYPE) 
	SELECT STORE_ID,TRANSACTION_DETAIL,NULL,CREATED_BY,CREATED_ON,0,#modifiedBy:VARCHAR#,GETDATE(),INVOICE_NO,TRANSACTION_TYPE 
	FROM DOP_POS_TRANSACTION_LOG_INTERMEDIATE 
	WHERE 	
		STORE_ID = #storeId:VARCHAR#
		AND 
		PARENT_INVOICE_NO = #parentInvoiceNo:VARCHAR#
	    AND 
	    STATUS = 'S'
  </insert>
  
  <insert id="insertIntoPosTLogFromIntermediateForInvoice" parameterClass="com.tcs.pos.common.data.tlog.DopPosTransactionLogIntermediate" >
    INSERT INTO DOP_POS_TRANSACTION_LOG (STORE_ID,TRANSACTION_DETAIL,LAST_SYNC_DATE,CREATED_BY,CREATED_ON,IS_PROCESSED_BY_SAP,MODIFIED_BY,MODIFIED_ON,INVOICE_NO,TRANSACTION_TYPE) 
	SELECT STORE_ID,TRANSACTION_DETAIL,NULL,CREATED_BY,CREATED_ON,0,#modifiedBy:VARCHAR#,GETDATE(),INVOICE_NO,TRANSACTION_TYPE 
	FROM DOP_POS_TRANSACTION_LOG_INTERMEDIATE 
	WHERE 	
		STORE_ID = #storeId:VARCHAR#
		AND 
		INVOICE_NO = #invoiceNo:VARCHAR#
	    AND 
	    STATUS = 'S'
  </insert>
  
  <delete id="deleteFromPosTLogIntermediateForChildInvoice" parameterClass="com.tcs.pos.common.data.tlog.DopPosTransactionLogIntermediate" >
    DELETE FROM DOP_POS_TRANSACTION_LOG_INTERMEDIATE
    WHERE 
    	STORE_ID = #storeId:VARCHAR#
		AND 
		PARENT_INVOICE_NO = #parentInvoiceNo:VARCHAR#
	    AND 
	    STATUS = 'S'
  </delete>
  
  <delete id="deleteFromPosTLogIntermediateForInvoice" parameterClass="com.tcs.pos.common.data.tlog.DopPosTransactionLogIntermediate" >
    DELETE FROM DOP_POS_TRANSACTION_LOG_INTERMEDIATE
    WHERE 
    	STORE_ID = #storeId:VARCHAR#
		AND 
		INVOICE_NO = #invoiceNo:VARCHAR#
	    AND 
	    STATUS = 'S'
  </delete>
  
</sqlMap>