<?xml version="1.0" encoding="UTF-8" ?>
<!DOCTYPE sqlMap PUBLIC "-//ibatis.apache.org//DTD SQL Map 2.0//EN" "http://ibatis.apache.org/dtd/sql-map-2.dtd" >
<sqlMap namespace="POSTAL_ADDL_SERVICE_CHARGE_MASTER" >
  <resultMap id="abatorgenerated_PostalAddlServiceChargeMasterResult" class="com.tcs.postal.common.data.mail.PostalAddlServiceChargeMaster" >
    <!--
      WARNING - This element is automatically generated by Abator for iBATIS, do not modify.
      This element was generated on Fri Apr 04 16:23:45 GMT+05:30 2014.
    -->
    <result column="ADDL_SERVICE_CHARGE_ID" property="addlServiceChargeId" jdbcType="INTEGER" />
    <result column="ADDL_SERVICE_ID" property="addlServiceId" jdbcType="VARCHAR" />
    <result column="SERVICE_ID" property="serviceId" jdbcType="VARCHAR" />
    <result column="CUSTOMER_ID" property="customerId" jdbcType="VARCHAR" />
    <result column="WEIGHT_ID" property="weightId" jdbcType="VARCHAR" />
    <result column="IS_LOCAL" property="isLocal" jdbcType="BIT" />
    <result column="DISTANCE_ID" property="distanceId" jdbcType="VARCHAR" />
    <result column="ADDL_SERVICE_PRICE" property="addlServicePrice" jdbcType="REAL" />
    <result column="CREATED_BY" property="createdBy" jdbcType="VARCHAR" />
    <result column="CREATED_ON" property="createdOn" jdbcType="TIMESTAMP" />
    <result column="MODIFIED_BY" property="modifiedBy" jdbcType="VARCHAR" />
    <result column="MODIFIED_ON" property="modifiedOn" jdbcType="TIMESTAMP" />
    <result column="REGION_ID" property="regionId" jdbcType="VARCHAR" />
    <result column="ACTIVATION_DATE" property="activationDate" jdbcType="DATE" />
    <result column="EXPIRY_DATE" property="expiryDate" jdbcType="DATE" />
  </resultMap>
  <select id="abatorgenerated_selectByPrimaryKey" resultMap="abatorgenerated_PostalAddlServiceChargeMasterResult" parameterClass="com.tcs.postal.common.data.mail.PostalAddlServiceChargeMaster" >
    <!--
      WARNING - This element is automatically generated by Abator for iBATIS, do not modify.
      This element was generated on Fri Apr 04 16:23:45 GMT+05:30 2014.
    -->
    select ADDL_SERVICE_CHARGE_ID, ADDL_SERVICE_ID, SERVICE_ID, CUSTOMER_ID, WEIGHT_ID, IS_LOCAL,
      DISTANCE_ID, ADDL_SERVICE_PRICE, CREATED_BY, CREATED_ON, MODIFIED_BY, MODIFIED_ON, REGION_ID,
      ACTIVATION_DATE, EXPIRY_DATE
    from POSTAL_ADDL_SERVICE_CHARGE_MASTER
    where ADDL_SERVICE_CHARGE_ID = #addlServiceChargeId:INTEGER# FOR READ ONLY
  </select>
  <delete id="abatorgenerated_deleteByPrimaryKey" parameterClass="com.tcs.postal.common.data.mail.PostalAddlServiceChargeMaster" >
    <!--
      WARNING - This element is automatically generated by Abator for iBATIS, do not modify.
      This element was generated on Fri Apr 04 16:23:45 GMT+05:30 2014.
    -->
    delete from POSTAL_ADDL_SERVICE_CHARGE_MASTER
    where ADDL_SERVICE_CHARGE_ID = #addlServiceChargeId:INTEGER#
  </delete>
  <insert id="abatorgenerated_insert" parameterClass="com.tcs.postal.common.data.mail.PostalAddlServiceChargeMaster" >
    <!--
      WARNING - This element is automatically generated by Abator for iBATIS, do not modify.
      This element was generated on Fri Apr 04 16:23:45 GMT+05:30 2014.
    -->
    insert into POSTAL_ADDL_SERVICE_CHARGE_MASTER (ADDL_SERVICE_CHARGE_ID, ADDL_SERVICE_ID,
      SERVICE_ID, CUSTOMER_ID, WEIGHT_ID, IS_LOCAL, DISTANCE_ID, ADDL_SERVICE_PRICE, CREATED_BY,
      CREATED_ON, MODIFIED_BY, MODIFIED_ON, REGION_ID, ACTIVATION_DATE, EXPIRY_DATE)
    values (#addlServiceChargeId:INTEGER#, #addlServiceId:VARCHAR#, #serviceId:VARCHAR#,
      #customerId:VARCHAR#, #weightId:VARCHAR#, #isLocal:BIT#, #distanceId:VARCHAR#,
      #addlServicePrice:REAL#, #createdBy:VARCHAR#, getdate(), #modifiedBy:VARCHAR#,
      getdate(), #regionId:VARCHAR#, #activationDate:DATE#, #expiryDate:DATE#)
  </insert>
  <update id="abatorgenerated_updateByPrimaryKey" parameterClass="com.tcs.postal.common.data.mail.PostalAddlServiceChargeMaster" >
    <!--
      WARNING - This element is automatically generated by Abator for iBATIS, do not modify.
      This element was generated on Fri Apr 04 16:23:45 GMT+05:30 2014.
    -->
    update POSTAL_ADDL_SERVICE_CHARGE_MASTER
    set ADDL_SERVICE_ID = #addlServiceId:VARCHAR#,
      SERVICE_ID = #serviceId:VARCHAR#,
      CUSTOMER_ID = #customerId:VARCHAR#,
      WEIGHT_ID = #weightId:VARCHAR#,
      IS_LOCAL = #isLocal:BIT#,
      DISTANCE_ID = #distanceId:VARCHAR#,
      ADDL_SERVICE_PRICE = #addlServicePrice:REAL#,
      CREATED_BY = #createdBy:VARCHAR#,
      CREATED_ON = getdate(),
      MODIFIED_BY = #modifiedBy:VARCHAR#,
      MODIFIED_ON = getdate(),
      REGION_ID = #regionId:VARCHAR#,
      ACTIVATION_DATE = #activationDate:DATE#,
      EXPIRY_DATE = #expiryDate:DATE#
    where ADDL_SERVICE_CHARGE_ID = #addlServiceChargeId:INTEGER#
  </update>
  <update id="abatorgenerated_updateByPrimaryKeySelective" parameterClass="com.tcs.postal.common.data.mail.PostalAddlServiceChargeMaster" >
    <!--
      WARNING - This element is automatically generated by Abator for iBATIS, do not modify.
      This element was generated on Fri Apr 04 16:23:45 GMT+05:30 2014.
    -->
    update POSTAL_ADDL_SERVICE_CHARGE_MASTER
    <dynamic prepend="set" >
      <isNotNull prepend="," property="addlServiceId" >
        ADDL_SERVICE_ID = #addlServiceId:VARCHAR#
      </isNotNull>
      <isNotNull prepend="," property="serviceId" >
        SERVICE_ID = #serviceId:VARCHAR#
      </isNotNull>
      <isNotNull prepend="," property="customerId" >
        CUSTOMER_ID = #customerId:VARCHAR#
      </isNotNull>
      <isNotNull prepend="," property="weightId" >
        WEIGHT_ID = #weightId:VARCHAR#
      </isNotNull>
      <isNotNull prepend="," property="isLocal" >
        IS_LOCAL = #isLocal:BIT#
      </isNotNull>
      <isNotNull prepend="," property="distanceId" >
        DISTANCE_ID = #distanceId:VARCHAR#
      </isNotNull>
      <isNotNull prepend="," property="addlServicePrice" >
        ADDL_SERVICE_PRICE = #addlServicePrice:REAL#
      </isNotNull>
      <isNotNull prepend="," property="createdBy" >
        CREATED_BY = #createdBy:VARCHAR#
      </isNotNull>
      <isNotNull prepend="," property="createdOn" >
        CREATED_ON = getdate()
      </isNotNull>
      <isNotNull prepend="," property="modifiedBy" >
        MODIFIED_BY = #modifiedBy:VARCHAR#
      </isNotNull>
      <isNotNull prepend="," property="modifiedOn" >
        MODIFIED_ON = getdate()
      </isNotNull>
      <isNotNull prepend="," property="regionId" >
        REGION_ID = #regionId:VARCHAR#
      </isNotNull>
      <isNotNull prepend="," property="activationDate" >
        ACTIVATION_DATE = #activationDate:DATE#
      </isNotNull>
      <isNotNull prepend="," property="expiryDate" >
        EXPIRY_DATE = #expiryDate:DATE#
      </isNotNull>
    </dynamic>
    where ADDL_SERVICE_CHARGE_ID = #addlServiceChargeId:INTEGER#
  </update>
    <resultMap id="abatorgenerated_getListOfAddSvc" class="com.tcs.postal.common.data.mail.PostalAddlServiceChargeMaster" >
    <!--
      WARNING - This element is automatically generated by Abator for iBATIS, do not modify.
      This element was generated on Fri Apr 04 16:23:45 GMT+05:30 2014.
    -->
    <result column="ADDL_SERVICE_ID" property="addlServiceId" jdbcType="VARCHAR" />
    <result column="ADDL_SERVICE_PRICE" property="addlServicePrice" jdbcType="REAL" />
   </resultMap>
   
   <select id="getListOfAddSvc" resultMap="abatorgenerated_getListOfAddSvc" parameterClass="com.tcs.postal.common.data.mail.PostalAddlServiceChargeMaster" >
    <!--
      WARNING - This element is automatically generated by Abator for iBATIS, do not modify.
      This element was generated on Fri Apr 04 16:23:45 GMT+05:30 2014.
    -->
     select ADDL_SERVICE_ID, ADDL_SERVICE_PRICE 
     from POSTAL_ADDL_SERVICE_CHARGE_MASTER WHERE SERVICE_ID=#serviceId:VARCHAR# FOR READ ONLY
  </select>
  
</sqlMap>