<?xml version="1.0" encoding="UTF-8" ?>
<!DOCTYPE sqlMap PUBLIC "-//ibatis.apache.org//DTD SQL Map 2.0//EN" "http://ibatis.apache.org/dtd/sql-map-2.dtd" >
<sqlMap namespace="DOP_FRANKING_REFUND_REBATE_TYPE_MASTER" >
  <resultMap id="abatorgenerated_DopFrankingRefundRebateTypeMasterResult" class="com.tcs.dop.pos.common.data.frankingmachine.reasontype.DopFrankingRefundRebateTypeMaster" >
    <!--
      WARNING - This element is automatically generated by Abator for iBATIS, do not modify.
      This element was generated on Mon Sep 15 11:49:26 GMT+05:30 2014.
    -->
    <result column="REFUND_REBATE_TYPE_CODE" property="refundRebateTypeCode" jdbcType="VARCHAR" />
    <result column="REFUND_REBATE_TYPE_DESCRIPTION" property="refundRebateTypeDescription" jdbcType="VARCHAR" />
    <result column="CREATED_BY" property="createdBy" jdbcType="VARCHAR" />
    <result column="CREATED_ON" property="createdOn" jdbcType="TIMESTAMP" />
    <result column="MODIFIED_BY" property="modifiedBy" jdbcType="VARCHAR" />
    <result column="MODIFIED_ON" property="modifiedOn" jdbcType="TIMESTAMP" />
  </resultMap>
  <select id="abatorgenerated_selectByPrimaryKey" resultMap="abatorgenerated_DopFrankingRefundRebateTypeMasterResult" parameterClass="com.tcs.dop.pos.common.data.frankingmachine.reasontype.DopFrankingRefundRebateTypeMaster" >

    select REFUND_REBATE_TYPE_CODE, REFUND_REBATE_TYPE_DESCRIPTION, CREATED_BY, CREATED_ON,
      MODIFIED_BY, MODIFIED_ON
    from DOP_FRANKING_REFUND_REBATE_TYPE_MASTER
    where REFUND_REBATE_TYPE_CODE = #refundRebateTypeCode:VARCHAR# and EXPIRY_DATE &gt; getDate()-1 and ACTIVATION_DATE &lt; getDate()
  </select>
  <delete id="abatorgenerated_deleteByPrimaryKey" parameterClass="com.tcs.dop.pos.common.data.frankingmachine.reasontype.DopFrankingRefundRebateTypeMaster" >
    <!--
      WARNING - This element is automatically generated by Abator for iBATIS, do not modify.
      This element was generated on Mon Sep 15 11:49:26 GMT+05:30 2014.
    -->
    delete from DOP_FRANKING_REFUND_REBATE_TYPE_MASTER
    where REFUND_REBATE_TYPE_CODE = #refundRebateTypeCode:VARCHAR#
  </delete>
  <insert id="abatorgenerated_insert" parameterClass="com.tcs.dop.pos.common.data.frankingmachine.reasontype.DopFrankingRefundRebateTypeMaster" >
    <!--
      WARNING - This element is automatically generated by Abator for iBATIS, do not modify.
      This element was generated on Mon Sep 15 11:49:26 GMT+05:30 2014.
    -->
    insert into DOP_FRANKING_REFUND_REBATE_TYPE_MASTER (REFUND_REBATE_TYPE_CODE,
      REFUND_REBATE_TYPE_DESCRIPTION, CREATED_BY, CREATED_ON, MODIFIED_BY, MODIFIED_ON)
    values (#refundRebateTypeCode:VARCHAR#, #refundRebateTypeDescription:VARCHAR#,
      #createdBy:VARCHAR#, getdate(), #modifiedBy:VARCHAR#, getdate())
  </insert>
  <update id="abatorgenerated_updateByPrimaryKey" parameterClass="com.tcs.dop.pos.common.data.frankingmachine.reasontype.DopFrankingRefundRebateTypeMaster" >
    <!--
      WARNING - This element is automatically generated by Abator for iBATIS, do not modify.
      This element was generated on Mon Sep 15 11:49:26 GMT+05:30 2014.
    -->
    update DOP_FRANKING_REFUND_REBATE_TYPE_MASTER
    set REFUND_REBATE_TYPE_DESCRIPTION = #refundRebateTypeDescription:VARCHAR#,
      CREATED_BY = #createdBy:VARCHAR#,
      CREATED_ON = getdate(),
      MODIFIED_BY = #modifiedBy:VARCHAR#,
      MODIFIED_ON = getdate()
    where REFUND_REBATE_TYPE_CODE = #refundRebateTypeCode:VARCHAR#
  </update>
  <update id="abatorgenerated_updateByPrimaryKeySelective" parameterClass="com.tcs.dop.pos.common.data.frankingmachine.reasontype.DopFrankingRefundRebateTypeMaster" >
    <!--
      WARNING - This element is automatically generated by Abator for iBATIS, do not modify.
      This element was generated on Mon Sep 15 11:49:26 GMT+05:30 2014.
    -->
    update DOP_FRANKING_REFUND_REBATE_TYPE_MASTER
    <dynamic prepend="set" >
      <isNotNull prepend="," property="refundRebateTypeDescription" >
        REFUND_REBATE_TYPE_DESCRIPTION = #refundRebateTypeDescription:VARCHAR#
      </isNotNull>
      <isNotNull prepend="," property="createdBy" >
        CREATED_BY = #createdBy:VARCHAR#
      </isNotNull>
      <isNotNull prepend="," property="createdOn" >
        CREATED_ON = getdate()
      </isNotNull>
      <isNotNull prepend="," property="modifiedBy" >
        MODIFIED_BY = #modifiedBy:VARCHAR#
      </isNotNull>
      <isNotNull prepend="," property="modifiedOn" >
        MODIFIED_ON = getdate()
      </isNotNull>
    </dynamic>
    where REFUND_REBATE_TYPE_CODE = #refundRebateTypeCode:VARCHAR#
  </update>
</sqlMap>