<?xml version="1.0" encoding="UTF-8" ?>
<!DOCTYPE sqlMap PUBLIC "-//ibatis.apache.org//DTD SQL Map 2.0//EN" "http://ibatis.apache.org/dtd/sql-map-2.dtd" >
<sqlMap namespace="config_value_master" >
  <resultMap id="ibatorgenerated_BaseResultMap" class="com.tcs.pos.local.config.util.ConfigValueMaster" >
    <!--
      WARNING - This element is automatically generated by Apache iBATIS ibator, do not modify.
      This element was generated on Tue Jan 17 15:29:56 IST 2012.
    -->
    <result column="CONF_VALUE_ID" property="confValueId" jdbcType="INTEGER" />
    <result column="CONF_ID" property="confId" jdbcType="INTEGER" />
    <result column="VALUE" property="value" jdbcType="VARCHAR" />
    <result column="VAL_MIN" property="valMin" jdbcType="DOUBLE" />
    <result column="VAL_MAX" property="valMax" jdbcType="DOUBLE" />
    <result column="IS_TILL" property="isTill" jdbcType="CHAR" />
    <result column="IS_BO" property="isBo" jdbcType="CHAR" />
    <result column="IS_CI" property="isCi" jdbcType="CHAR" />
    <result column="CREATED_BY" property="createdBy" jdbcType="VARCHAR" />
    <result column="CREATED_ON" property="createdOn" jdbcType="TIMESTAMP" />
    <result column="MODIFIED_BY" property="modifiedBy" jdbcType="VARCHAR" />
    <result column="MODIFIED_ON" property="modifiedOn" jdbcType="TIMESTAMP" />
  </resultMap>
  <select id="ibatorgenerated_selectByPrimaryKey" resultMap="ibatorgenerated_BaseResultMap" parameterClass="com.tcs.pos.local.config.util.ConfigValueMaster" >
    <!--
      WARNING - This element is automatically generated by Apache iBATIS ibator, do not modify.
      This element was generated on Tue Jan 17 15:29:56 IST 2012.
    -->
    select CONF_VALUE_ID, CONF_ID, VALUE, VAL_MIN, VAL_MAX, IS_TILL, IS_BO, IS_CI, CREATED_BY,
      CREATED_ON, MODIFIED_BY, MODIFIED_ON
    from config_value_master
    where CONF_VALUE_ID = #confValueId:INTEGER# FOR READ ONLY
  </select>
  <delete id="ibatorgenerated_deleteByPrimaryKey" parameterClass="com.tcs.pos.local.config.util.ConfigValueMaster" >
    <!--
      WARNING - This element is automatically generated by Apache iBATIS ibator, do not modify.
      This element was generated on Tue Jan 17 15:29:56 IST 2012.
    -->
    delete from config_value_master
    where CONF_VALUE_ID = #confValueId:INTEGER#
  </delete>
  <insert id="ibatorgenerated_insert" parameterClass="com.tcs.pos.local.config.util.ConfigValueMaster" >
    <!--
      WARNING - This element is automatically generated by Apache iBATIS ibator, do not modify.
      This element was generated on Tue Jan 17 15:29:56 IST 2012.
    -->
    insert into config_value_master (CONF_VALUE_ID, CONF_ID, VALUE, VAL_MIN, VAL_MAX, IS_TILL,
      IS_BO, IS_CI, CREATED_BY, CREATED_ON, MODIFIED_BY, MODIFIED_ON)
    values (#confValueId:INTEGER#, #confId:INTEGER#, #value:VARCHAR#, #valMin:DOUBLE#,
      #valMax:DOUBLE#, #isTill:CHAR#, #isBo:CHAR#, #isCi:CHAR#, #createdBy:VARCHAR#,
      getdate(), #modifiedBy:VARCHAR#, getdate())
  </insert>
  <insert id="ibatorgenerated_insertSelective" parameterClass="com.tcs.pos.local.config.util.ConfigValueMaster" >
    <!--
      WARNING - This element is automatically generated by Apache iBATIS ibator, do not modify.
      This element was generated on Tue Jan 17 15:29:56 IST 2012.
    -->
    insert into config_value_master
    <dynamic prepend="(" >
      <isNotNull prepend="," property="confValueId" >
        CONF_VALUE_ID
      </isNotNull>
      <isNotNull prepend="," property="confId" >
        CONF_ID
      </isNotNull>
      <isNotNull prepend="," property="value" >
        VALUE
      </isNotNull>
      <isNotNull prepend="," property="valMin" >
        VAL_MIN
      </isNotNull>
      <isNotNull prepend="," property="valMax" >
        VAL_MAX
      </isNotNull>
      <isNotNull prepend="," property="isTill" >
        IS_TILL
      </isNotNull>
      <isNotNull prepend="," property="isBo" >
        IS_BO
      </isNotNull>
      <isNotNull prepend="," property="isCi" >
        IS_CI
      </isNotNull>
      <isNotNull prepend="," property="createdBy" >
        CREATED_BY
      </isNotNull>
      <isNotNull prepend="," property="createdOn" >
        CREATED_ON
      </isNotNull>
      <isNotNull prepend="," property="modifiedBy" >
        MODIFIED_BY
      </isNotNull>
      <isNotNull prepend="," property="modifiedOn" >
        MODIFIED_ON
      </isNotNull>
      )
    </dynamic>
    values
    <dynamic prepend="(" >
      <isNotNull prepend="," property="confValueId" >
        #confValueId:INTEGER#
      </isNotNull>
      <isNotNull prepend="," property="confId" >
        #confId:INTEGER#
      </isNotNull>
      <isNotNull prepend="," property="value" >
        #value:VARCHAR#
      </isNotNull>
      <isNotNull prepend="," property="valMin" >
        #valMin:DOUBLE#
      </isNotNull>
      <isNotNull prepend="," property="valMax" >
        #valMax:DOUBLE#
      </isNotNull>
      <isNotNull prepend="," property="isTill" >
        #isTill:CHAR#
      </isNotNull>
      <isNotNull prepend="," property="isBo" >
        #isBo:CHAR#
      </isNotNull>
      <isNotNull prepend="," property="isCi" >
        #isCi:CHAR#
      </isNotNull>
      <isNotNull prepend="," property="createdBy" >
        #createdBy:VARCHAR#
      </isNotNull>
      <isNotNull prepend="," property="createdOn" >
        getdate()
      </isNotNull>
      <isNotNull prepend="," property="modifiedBy" >
        #modifiedBy:VARCHAR#
      </isNotNull>
      <isNotNull prepend="," property="modifiedOn" >
        getdate()
      </isNotNull>
      )
    </dynamic>
  </insert>
  <update id="ibatorgenerated_updateByPrimaryKeySelective" parameterClass="com.tcs.pos.local.config.util.ConfigValueMaster" >
    <!--
      WARNING - This element is automatically generated by Apache iBATIS ibator, do not modify.
      This element was generated on Tue Jan 17 15:29:56 IST 2012.
    -->
    update config_value_master
    <dynamic prepend="set" >
      <isNotNull prepend="," property="confId" >
        CONF_ID = #confId:INTEGER#
      </isNotNull>
      <isNotNull prepend="," property="value" >
        VALUE = #value:VARCHAR#
      </isNotNull>
      <isNotNull prepend="," property="valMin" >
        VAL_MIN = #valMin:DOUBLE#
      </isNotNull>
      <isNotNull prepend="," property="valMax" >
        VAL_MAX = #valMax:DOUBLE#
      </isNotNull>
      <isNotNull prepend="," property="isTill" >
        IS_TILL = #isTill:CHAR#
      </isNotNull>
      <isNotNull prepend="," property="isBo" >
        IS_BO = #isBo:CHAR#
      </isNotNull>
      <isNotNull prepend="," property="isCi" >
        IS_CI = #isCi:CHAR#
      </isNotNull>
      <isNotNull prepend="," property="createdBy" >
        CREATED_BY = #createdBy:VARCHAR#
      </isNotNull>
      <isNotNull prepend="," property="createdOn" >
        CREATED_ON = getdate()
      </isNotNull>
      <isNotNull prepend="," property="modifiedBy" >
        MODIFIED_BY = #modifiedBy:VARCHAR#
      </isNotNull>
      <isNotNull prepend="," property="modifiedOn" >
        MODIFIED_ON = getdate()
      </isNotNull>
    </dynamic>
    where CONF_VALUE_ID = #confValueId:INTEGER#
  </update>
  <update id="ibatorgenerated_updateByPrimaryKey" parameterClass="com.tcs.pos.local.config.util.ConfigValueMaster" >
    <!--
      WARNING - This element is automatically generated by Apache iBATIS ibator, do not modify.
      This element was generated on Tue Jan 17 15:29:56 IST 2012.
    -->
    update config_value_master
    set CONF_ID = #confId:INTEGER#,
      VALUE = #value:VARCHAR#,
      VAL_MIN = #valMin:DOUBLE#,
      VAL_MAX = #valMax:DOUBLE#,
      IS_TILL = #isTill:CHAR#,
      IS_BO = #isBo:CHAR#,
      IS_CI = #isCi:CHAR#,
      CREATED_BY = #createdBy:VARCHAR#,
      CREATED_ON = getdate(),
      MODIFIED_BY = #modifiedBy:VARCHAR#,
      MODIFIED_ON = getdate()
    where CONF_VALUE_ID = #confValueId:INTEGER#
  </update>
</sqlMap>