<?xml version="1.0" encoding="UTF-8" ?>
<!DOCTYPE sqlMap PUBLIC "-//ibatis.apache.org//DTD SQL Map 2.0//EN" "http://ibatis.apache.org/dtd/sql-map-2.dtd" >
<sqlMap namespace="DOP_ACK_SLIP_TRANSACTION" >
  <resultMap id="abatorgenerated_DopAckSlipTransactionResult" class="com.tcs.pos.common.data.ackprint.DopAckSlipTransaction" >
    <!--
      WARNING - This element is automatically generated by Abator for iBATIS, do not modify.
      This element was generated on Mon May 25 11:14:18 IST 2015.
    -->
    <result column="TRANS_ID" property="transId" jdbcType="VARCHAR" />
    <result column="PURPOSE_ID" property="purposeId" jdbcType="INTEGER" />
    <result column="OFFICE_ID" property="officeId" jdbcType="VARCHAR" />
    <result column="COUNTER_NO" property="counterNo" jdbcType="INTEGER" />
    <result column="PURPOSE_DECSRIPTION" property="purposeDecsription" jdbcType="VARCHAR" />
    <result column="CREATED_BY" property="createdBy" jdbcType="VARCHAR" />
    <result column="CREATED_ON" property="createdOn" jdbcType="TIMESTAMP" />
    <result column="MODIFIED_BY" property="modifiedBy" jdbcType="VARCHAR" />
    <result column="MODIFIED_ON" property="modifiedOn" jdbcType="TIMESTAMP" />
  </resultMap>
  <select id="abatorgenerated_selectByPrimaryKey" resultMap="abatorgenerated_DopAckSlipTransactionResult" parameterClass="com.tcs.pos.common.data.ackprint.DopAckSlipTransaction" >
    <!--
      WARNING - This element is automatically generated by Abator for iBATIS, do not modify.
      This element was generated on Mon May 25 11:14:18 IST 2015.
    -->
    select TRANS_ID, PURPOSE_ID, OFFICE_ID, COUNTER_NO, PURPOSE_DECSRIPTION, CREATED_BY, CREATED_ON,
      MODIFIED_BY, MODIFIED_ON
    from DOP_ACK_SLIP_TRANSACTION
    where TRANS_ID = #transId:VARCHAR#
  </select>
  <delete id="abatorgenerated_deleteByPrimaryKey" parameterClass="com.tcs.pos.common.data.ackprint.DopAckSlipTransaction" >
    <!--
      WARNING - This element is automatically generated by Abator for iBATIS, do not modify.
      This element was generated on Mon May 25 11:14:18 IST 2015.
    -->
    delete from DOP_ACK_SLIP_TRANSACTION
    where TRANS_ID = #transId:VARCHAR#
  </delete>
  <insert id="abatorgenerated_insert" parameterClass="com.tcs.pos.common.data.ackprint.DopAckSlipTransaction" >
    <!--
      WARNING - This element is automatically generated by Abator for iBATIS, do not modify.
      This element was generated on Mon May 25 11:14:18 IST 2015.
    -->
    insert into DOP_ACK_SLIP_TRANSACTION (TRANS_ID, PURPOSE_ID, OFFICE_ID, COUNTER_NO,
      PURPOSE_DECSRIPTION, CREATED_BY, CREATED_ON, MODIFIED_BY, MODIFIED_ON)
    values (#transId:VARCHAR#, #purposeId:INTEGER#, #officeId:VARCHAR#, #counterNo:INTEGER#,
      #purposeDecsription:VARCHAR#, #createdBy:VARCHAR#, getdate(),
      #modifiedBy:VARCHAR#, getdate())
  </insert>
  <update id="abatorgenerated_updateByPrimaryKey" parameterClass="com.tcs.pos.common.data.ackprint.DopAckSlipTransaction" >
    <!--
      WARNING - This element is automatically generated by Abator for iBATIS, do not modify.
      This element was generated on Mon May 25 11:14:18 IST 2015.
    -->
    update DOP_ACK_SLIP_TRANSACTION
    set PURPOSE_ID = #purposeId:INTEGER#,
      OFFICE_ID = #officeId:VARCHAR#,
      COUNTER_NO = #counterNo:INTEGER#,
      PURPOSE_DECSRIPTION = #purposeDecsription:VARCHAR#,
      CREATED_BY = #createdBy:VARCHAR#,
      CREATED_ON = getdate(),
      MODIFIED_BY = #modifiedBy:VARCHAR#,
      MODIFIED_ON = getdate()
    where TRANS_ID = #transId:VARCHAR#
  </update>
  <update id="abatorgenerated_updateByPrimaryKeySelective" parameterClass="com.tcs.pos.common.data.ackprint.DopAckSlipTransaction" >
    <!--
      WARNING - This element is automatically generated by Abator for iBATIS, do not modify.
      This element was generated on Mon May 25 11:14:18 IST 2015.
    -->
    update DOP_ACK_SLIP_TRANSACTION
    <dynamic prepend="set" >
      <isNotNull prepend="," property="purposeId" >
        PURPOSE_ID = #purposeId:INTEGER#
      </isNotNull>
      <isNotNull prepend="," property="officeId" >
        OFFICE_ID = #officeId:VARCHAR#
      </isNotNull>
      <isNotNull prepend="," property="counterNo" >
        COUNTER_NO = #counterNo:INTEGER#
      </isNotNull>
      <isNotNull prepend="," property="purposeDecsription" >
        PURPOSE_DECSRIPTION = #purposeDecsription:VARCHAR#
      </isNotNull>
      <isNotNull prepend="," property="createdBy" >
        CREATED_BY = #createdBy:VARCHAR#
      </isNotNull>
      <isNotNull prepend="," property="createdOn" >
        CREATED_ON = getdate()
      </isNotNull>
      <isNotNull prepend="," property="modifiedBy" >
        MODIFIED_BY = #modifiedBy:VARCHAR#
      </isNotNull>
      <isNotNull prepend="," property="modifiedOn" >
        MODIFIED_ON = getdate()
      </isNotNull>
    </dynamic>
    where TRANS_ID = #transId:VARCHAR#
  </update>
</sqlMap>