<?xml version="1.0" encoding="UTF-8" ?>
<!DOCTYPE sqlMap PUBLIC "-//ibatis.apache.org//DTD SQL Map 2.0//EN" "http://ibatis.apache.org/dtd/sql-map-2.dtd" >
<sqlMap namespace="configuration_master" >
  <resultMap id="ibatorgenerated_BaseResultMap" class="com.tcs.pos.local.config.util.ConfigurationMaster" >
    <!--
      WARNING - This element is automatically generated by Apache iBATIS ibator, do not modify.
      This element was generated on Tue Jan 17 15:29:26 IST 2012.
    -->
    <result column="CONF_ID" property="confId" jdbcType="INTEGER" />
    <result column="CONFIG_KEY" property="configKey" jdbcType="VARCHAR" />
    <result column="CONFIG_CATEGORY" property="configCategory" jdbcType="VARCHAR" />
    <result column="CONFIG_DATA_TYPE" property="configDataType" jdbcType="VARCHAR" />
    <result column="CONFIG_SDESC" property="configSdesc" jdbcType="VARCHAR" />
    <result column="CONFIG_LDESC" property="configLdesc" jdbcType="VARCHAR" />
    <!-- <result column="Applicability" property="applicability" jdbcType="CHAR" />  -->
    <result column="CREATED_BY" property="createdBy" jdbcType="VARCHAR" />
    <result column="CREATED_ON" property="createdOn" jdbcType="TIMESTAMP" />
    <result column="MODIFIED_BY" property="modifiedBy" jdbcType="VARCHAR" />
    <result column="MODIFIED_ON" property="modifiedOn" jdbcType="TIMESTAMP" />
  </resultMap>
  <resultMap id="ibatorgenerated_productConfiguration" class="com.tcs.pos.local.config.util.ProductConfiguration" >
    <!--
      WARNING - This element is automatically generated by Apache iBATIS ibator, do not modify.
      This element was generated on Tue Jan 17 15:29:26 IST 2012.
    -->
    <result column="TILL_NO" property="tillNo" jdbcType="INTEGER" />
    <result column="TILL_HIER_ID" property="tillHierId" jdbcType="INTEGER" />
    <result column="CONF_VALUE_ID" property="confValueId" jdbcType="INTEGER" />
    <result column="VALUE" property="confValue" jdbcType="VARCHAR" />
    <result column="CONFIG_KEY" property="confKey" jdbcType="VARCHAR" />
    <!-- <result column="Applicability" property="applicability" jdbcType="CHAR" />  -->
    <!-- <result column="CREATED_BY" property="createdBy" jdbcType="VARCHAR" />
    <result column="CREATED_ON" property="createdOn" jdbcType="TIMESTAMP" />
    <result column="MODIFIED_BY" property="modifiedBy" jdbcType="VARCHAR" />
    <result column="MODIFIED_ON" property="modifiedOn" jdbcType="TIMESTAMP" /> -->
  </resultMap>
  
   <resultMap id="abatorgenerated_PostalPosZoneResult" class="com.tcs.pos.local.config.util.ProductConfiguration" >
    <result column="OFFICE_ID" property="officeId" jdbcType="VARCHAR" />
    <result column="UNIQUE_ID" property="uniqueId" jdbcType="VARCHAR" />
    <result column="IS_ZONE_VALID" property="isZoneValid" jdbcType="BIT" />
    <result column="EXP_DATE" property="expDate" jdbcType="TIMESTAMP" />
    <result column="CREATED_BY" property="createdBy" jdbcType="VARCHAR" />
    <result column="CREATED_ON" property="createdOn" jdbcType="TIMESTAMP" />
    <result column="MODIFIED_BY" property="modifiedBy" jdbcType="VARCHAR" />
    <result column="MODIFIED_ON" property="modifiedOn" jdbcType="TIMESTAMP" />
  </resultMap>
  
  <resultMap id="ibatorgenerated_productConfiguration_value" class="com.tcs.pos.local.config.util.ProductConfiguration" >
    <result column="VALUE" property="confValue" jdbcType="VARCHAR" />   
  </resultMap>
  
  <select id="ibatorgenerated_selectByPrimaryKey" resultMap="ibatorgenerated_BaseResultMap" parameterClass="com.tcs.pos.local.config.util.ConfigurationMaster" >
    <!--
      WARNING - This element is automatically generated by Apache iBATIS ibator, do not modify.
      This element was generated on Tue Jan 17 15:29:26 IST 2012.
    -->
    select CONF_ID, CONFIG_KEY, CONFIG_CATEGORY, CONFIG_DATA_TYPE, CONFIG_SDESC, CONFIG_LDESC,
      Applicability, CREATED_BY, CREATED_ON, MODIFIED_BY, MODIFIED_ON
    from configuration_master
    where CONF_ID = #confId:INTEGER# FOR READ ONLY
  </select>
  <delete id="ibatorgenerated_deleteByPrimaryKey" parameterClass="com.tcs.pos.local.config.util.ConfigurationMaster" >
    <!--
      WARNING - This element is automatically generated by Apache iBATIS ibator, do not modify.
      This element was generated on Tue Jan 17 15:29:26 IST 2012.
    -->
    delete from configuration_master
    where CONF_ID = #confId:INTEGER#
  </delete>
  <insert id="ibatorgenerated_insert" parameterClass="com.tcs.pos.local.config.util.ConfigurationMaster" >
    <!--
      WARNING - This element is automatically generated by Apache iBATIS ibator, do not modify.
      This element was generated on Tue Jan 17 15:29:26 IST 2012.
    -->
    insert into configuration_master (CONF_ID, CONFIG_KEY, CONFIG_CATEGORY, CONFIG_DATA_TYPE,
      CONFIG_SDESC, CONFIG_LDESC, Applicability, CREATED_BY, CREATED_ON, MODIFIED_BY, MODIFIED_ON)
    values (#confId:INTEGER#, #configKey:VARCHAR#, #configCategory:VARCHAR#,
      #configDataType:VARCHAR#, #configSdesc:VARCHAR#, #configLdesc:VARCHAR#, #applicability:CHAR#,
      #createdBy:VARCHAR#, getdate(), #modifiedBy:VARCHAR#, getdate())
  </insert>
  <insert id="ibatorgenerated_insertSelective" parameterClass="com.tcs.pos.local.config.util.ConfigurationMaster" >
    <!--
      WARNING - This element is automatically generated by Apache iBATIS ibator, do not modify.
      This element was generated on Tue Jan 17 15:29:26 IST 2012.
    -->
    insert into configuration_master
    <dynamic prepend="(" >
      <isNotNull prepend="," property="confId" >
        CONF_ID
      </isNotNull>
      <isNotNull prepend="," property="configKey" >
        CONFIG_KEY
      </isNotNull>
      <isNotNull prepend="," property="configCategory" >
        CONFIG_CATEGORY
      </isNotNull>
      <isNotNull prepend="," property="configDataType" >
        CONFIG_DATA_TYPE
      </isNotNull>
      <isNotNull prepend="," property="configSdesc" >
        CONFIG_SDESC
      </isNotNull>
      <isNotNull prepend="," property="configLdesc" >
        CONFIG_LDESC
      </isNotNull>
      <isNotNull prepend="," property="applicability" >
        Applicability
      </isNotNull>
      <isNotNull prepend="," property="createdBy" >
        CREATED_BY
      </isNotNull>
      <isNotNull prepend="," property="createdOn" >
        CREATED_ON
      </isNotNull>
      <isNotNull prepend="," property="modifiedBy" >
        MODIFIED_BY
      </isNotNull>
      <isNotNull prepend="," property="modifiedOn" >
        MODIFIED_ON
      </isNotNull>
      )
    </dynamic>
    values
    <dynamic prepend="(" >
      <isNotNull prepend="," property="confId" >
        #confId:INTEGER#
      </isNotNull>
      <isNotNull prepend="," property="configKey" >
        #configKey:VARCHAR#
      </isNotNull>
      <isNotNull prepend="," property="configCategory" >
        #configCategory:VARCHAR#
      </isNotNull>
      <isNotNull prepend="," property="configDataType" >
        #configDataType:VARCHAR#
      </isNotNull>
      <isNotNull prepend="," property="configSdesc" >
        #configSdesc:VARCHAR#
      </isNotNull>
      <isNotNull prepend="," property="configLdesc" >
        #configLdesc:VARCHAR#
      </isNotNull>
      <isNotNull prepend="," property="applicability" >
        #applicability:CHAR#
      </isNotNull>
      <isNotNull prepend="," property="createdBy" >
        #createdBy:VARCHAR#
      </isNotNull>
      <isNotNull prepend="," property="createdOn" >
        getdate()
      </isNotNull>
      <isNotNull prepend="," property="modifiedBy" >
        #modifiedBy:VARCHAR#
      </isNotNull>
      <isNotNull prepend="," property="modifiedOn" >
        getdate()
      </isNotNull>
      )
    </dynamic>
  </insert>
  <update id="ibatorgenerated_updateByPrimaryKeySelective" parameterClass="com.tcs.pos.local.config.util.ConfigurationMaster" >
    <!--
      WARNING - This element is automatically generated by Apache iBATIS ibator, do not modify.
      This element was generated on Tue Jan 17 15:29:26 IST 2012.
    -->
    update configuration_master
    <dynamic prepend="set" >
      <isNotNull prepend="," property="configKey" >
        CONFIG_KEY = #configKey:VARCHAR#
      </isNotNull>
      <isNotNull prepend="," property="configCategory" >
        CONFIG_CATEGORY = #configCategory:VARCHAR#
      </isNotNull>
      <isNotNull prepend="," property="configDataType" >
        CONFIG_DATA_TYPE = #configDataType:VARCHAR#
      </isNotNull>
      <isNotNull prepend="," property="configSdesc" >
        CONFIG_SDESC = #configSdesc:VARCHAR#
      </isNotNull>
      <isNotNull prepend="," property="configLdesc" >
        CONFIG_LDESC = #configLdesc:VARCHAR#
      </isNotNull>
      <isNotNull prepend="," property="applicability" >
        Applicability = #applicability:CHAR#
      </isNotNull>
      <isNotNull prepend="," property="createdBy" >
        CREATED_BY = #createdBy:VARCHAR#
      </isNotNull>
      <isNotNull prepend="," property="createdOn" >
        CREATED_ON = getdate()
      </isNotNull>
      <isNotNull prepend="," property="modifiedBy" >
        MODIFIED_BY = #modifiedBy:VARCHAR#
      </isNotNull>
      <isNotNull prepend="," property="modifiedOn" >
        MODIFIED_ON = getdate()
      </isNotNull>
    </dynamic>
    where CONF_ID = #confId:INTEGER#
  </update>
  <update id="ibatorgenerated_updateByPrimaryKey" parameterClass="com.tcs.pos.local.config.util.ConfigurationMaster" >
    <!--
      WARNING - This element is automatically generated by Apache iBATIS ibator, do not modify.
      This element was generated on Tue Jan 17 15:29:26 IST 2012.
    -->
    update configuration_master
    set CONFIG_KEY = #configKey:VARCHAR#,
      CONFIG_CATEGORY = #configCategory:VARCHAR#,
      CONFIG_DATA_TYPE = #configDataType:VARCHAR#,
      CONFIG_SDESC = #configSdesc:VARCHAR#,
      CONFIG_LDESC = #configLdesc:VARCHAR#,
      Applicability = #applicability:CHAR#,
      CREATED_BY = #createdBy:VARCHAR#,
      CREATED_ON = getdate(),
      MODIFIED_BY = #modifiedBy:VARCHAR#,
      MODIFIED_ON = getdate()
    where CONF_ID = #confId:INTEGER#
  </update>
  
	<select id="getConfigValuesForTill" resultMap="ibatorgenerated_productConfiguration" parameterClass="com.tcs.pos.local.config.util.ProductConfiguration" >
	
    	select t1.till_no,t1.till_hier_id,t2.conf_value_id,t3.value,t4.config_key
		from till_hier_master as t1 left join till_config_hier as t2 on t1.till_hier_id=t2.till_hier_id
		left join config_value_master as t3 on t2.conf_value_id=t3.conf_value_id
		left join configuration_master as t4 on t3.conf_id=t4.conf_id		
		where t1.format_id=#formatId:VARCHAR# and t1.store_id=#storeId:VARCHAR# and  (t1.till_no  is null or t1.till_no=#tillNo:INTEGER#)
		and t3.is_till=#isTill:CHAR#
	</select>
  	
  	<select id="getConfigValuesForStore" resultMap="ibatorgenerated_productConfiguration" parameterClass="com.tcs.pos.local.config.util.ProductConfiguration" >
  	
    	select t1.till_no,t1.till_hier_id,t2.conf_value_id,t3.value,t4.config_key,t5.applicability
		from till_hier_master as t1 left join till_config_hier as t2 on t1.till_hier_id=t2.till_hier_id
		left join config_value_master as t3 on t2.conf_value_id=t3.conf_value_id
		left join configuration_master as t4 on t3.conf_id=t4.conf_id
		left join applicability_master as t5 on t4.applicability=t5.applicability
		where t1.format_id=#formatId:VARCHAR# and t1.store_id=#storeId:VARCHAR# 
		<isNotNull prepend="and" property="isBO">
			t3.is_bo=#isBO:CHAR#
		</isNotNull> 
		<isNotNull prepend="and" property="isTill">
			t3.is_till=#isTill:CHAR#
		</isNotNull> 
		<isNotNull prepend="and" property="isCI">
			t3.is_ci=#isCI:CHAR#
		</isNotNull> 
		 FOR READ ONLY
  	</select>
  	
  	<select id="getAppConfigValuesByApplTill" resultMap="ibatorgenerated_productConfiguration" parameterClass="com.tcs.pos.local.config.util.ProductConfiguration">
  	
		select t1.till_hier_id,t1.till_no,t2.conf_value_id,t3.value,t4.config_key,t5.applicability
		from till_hier_master as t1	left join till_config_hier as t2 on t1.till_hier_id=t2.till_hier_id
		left join config_value_master as t3	on t2.conf_value_id=t3.conf_value_id
		left join configuration_master as t4 on t3.conf_id=t4.conf_id
		left join applicability_master as t5 on t4.applicability=t5.applicability
		where t1.format_id=#formatId:VARCHAR# and t1.store_id=#storeId:VARCHAR#	and (t1.till_no is null or t1.till_no=#tillNo:INTEGER#) 
		<isNotNull prepend="and" property="isBO">
			t3.is_bo=#isBO:CHAR#
		</isNotNull> 
		<isNotNull prepend="and" property="isTill">
			t3.is_till=#isTill:CHAR#
		</isNotNull> 
		<isNotNull prepend="and" property="isCI">
			t3.is_ci=#isCI:CHAR#
		</isNotNull> 
		and	t4.applicability=#applicability:CHAR# FOR READ ONLY
  	</select>
  	
  	<select id="getConfigValuesByApplForStore" resultMap="ibatorgenerated_productConfiguration" parameterClass="com.tcs.pos.local.config.util.ProductConfiguration">
  	
		select t1.till_hier_id,t1.till_no,t2.conf_value_id,t3.value,t4.config_key,t5.applicability
		from till_hier_master as t1 left join till_config_hier as t2
		on t1.till_hier_id=t2.till_hier_id left join config_value_master as t3
		on t2.conf_value_id=t3.conf_value_id left join configuration_master as t4
		on t3.conf_id=t4.conf_id left join applicability_master as t5
		on t4.applicability=t5.applicability
		where t1.format_id=#formatId:VARCHAR# and t1.store_id=#storeId:VARCHAR# 
		<isNotNull prepend="and" property="isBO">
			t3.is_bo=#isBO:CHAR#
		</isNotNull> 
		<isNotNull prepend="and" property="isTill">
			t3.is_till=#isTill:CHAR#
		</isNotNull> 
		<isNotNull prepend="and" property="isCI">
			t3.is_ci=#isCI:CHAR#
		</isNotNull> 
		and	t4.applicability=#applicability:CHAR# FOR READ ONLY
  	</select>
  	
  	 <select id="getConfigValuesByKey" resultMap="ibatorgenerated_productConfiguration" parameterClass="com.tcs.pos.local.config.util.ProductConfiguration">
  	 
		select t1.till_hier_id,t1.till_no,t2.conf_value_id,t3.value,t4.config_key
		from till_hier_master as t1 left join till_config_hier as t2 on t1.till_hier_id=t2.till_hier_id
		left join config_value_master as t3 on t2.conf_value_id=t3.conf_value_id left join configuration_master as t4
		on t3.conf_id=t4.conf_id
		where t1.format_id=#formatId:VARCHAR# and (t1.store_id is null or t1.store_id=#storeId:VARCHAR#)	and  (t1.till_no is null or t1.till_no=#tillNo:INTEGER#) 
		and t3.is_till=#isTill:CHAR# and  t4.config_key=#confKey:VARCHAR# FOR READ ONLY
  	</select>
  	
  	<select id="getConfigValuesForFormat" resultMap="ibatorgenerated_productConfiguration" parameterClass="com.tcs.pos.local.config.util.ProductConfiguration">
  	 
		select t1.till_hier_id,t1.till_no,t2.conf_value_id,t3.value,t4.config_key,t5.applicability
		from till_hier_master as t1 left join till_config_hier as t2 on t1.till_hier_id=t2.till_hier_id
		left join config_value_master as t3 on t2.conf_value_id=t3.conf_value_id left join configuration_master as t4
		on t3.conf_id=t4.conf_id left join applicability_master as t5 on t4.applicability=t5.applicability
		where t1.format_id=#formatId:VARCHAR# and t1.store_id is null FOR READ ONLY
		<!-- 
		<isNotNull prepend="and" property="isBO">
			t3.is_bo=#isBO:CHAR#;
		</isNotNull> 
		<isNotNull prepend="and" property="isTill">
			t3.is_till=#isTill:CHAR#;
		</isNotNull> 
		<isNotNull prepend="and" property="isCI">
			t3.is_ci=#isCI:CHAR#;
		</isNotNull> 
	    -->
  	</select>
  	
  	<select id="getConfigValuesByApplForFormat" resultMap="ibatorgenerated_productConfiguration" parameterClass="com.tcs.pos.local.config.util.ProductConfiguration">
  	
		select t1.till_hier_id,t1.till_no,t1.store_id,t2.conf_value_id,t3.value,t4.config_key,t5.applicability
		from till_hier_master as t1 left join till_config_hier as t2
		on t1.till_hier_id=t2.till_hier_id left join config_value_master as t3
		on t2.conf_value_id=t3.conf_value_id left join configuration_master as t4
		on t3.conf_id=t4.conf_id left join applicability_master as t5
		on t4.applicability=t5.applicability
		where t1.format_id=#formatId:VARCHAR# and t1.store_id is null 
		<isNotNull prepend="and" property="isBO">
			t3.is_bo=#isBO:CHAR#
		</isNotNull> 
		<isNotNull prepend="and" property="isTill">
			t3.is_till=#isTill:CHAR#
		</isNotNull> 
		<isNotNull prepend="and" property="isCI">
			t3.is_ci=#isCI:CHAR#
		</isNotNull> 
		and	t4.applicability=#applicability:CHAR# FOR READ ONLY
  	</select>
  	
  	<select id="getConfigValuesByConfKey" resultMap="ibatorgenerated_productConfiguration_value" parameterClass="com.tcs.pos.local.config.util.ProductConfiguration">

	SELECT VALUE FROM CONFIG_VALUE_MASTER WHERE CONF_VALUE_ID =
	(SELECT TOP 1 CONF_VALUE_ID FROM TILL_CONFIG_HIER WHERE TILL_HIER_ID = (SELECT
	TILL_HIER_ID FROM TILL_HIER_MASTER WHERE TILL_NO = #tillNo:INTEGER#)
	AND CONF_VALUE_ID IN (SELECT CONF_VALUE_ID FROM CONFIG_VALUE_MASTER WHERE
	CONF_ID =
	(SELECT CONF_ID FROM CONFIGURATION_MASTER WHERE CONFIG_KEY = #confKey:VARCHAR#)))

  	</select>
  	
   <select id="getKeyValueCounterSpecific" resultClass = "java.lang.String" parameterClass="com.tcs.pos.local.config.util.ProductConfiguration">
	
	SELECT CONFIG_VALUES FROM APPLN_CONFIG_VALUES WHERE ID = #tillNo:INTEGER# and APP_CONFIG_KEY = #confKey:VARCHAR#
	
  </select>
  
  <select id="getLicenseData" resultMap="abatorgenerated_PostalPosZoneResult">
    select TOP 1 OFFICE_ID, UNIQUE_ID, IS_ZONE_VALID, EXP_DATE, CREATED_BY, CREATED_ON, MODIFIED_BY,MODIFIED_ON
    from POSTAL_POS_ZONE
  </select>
  
  <select id="getDBDTServiceData" resultClass = "java.util.Date">
    select getdate()
  </select>
  
   <select id="getPrintertype" resultClass = "java.lang.String" parameterClass="com.tcs.pos.local.config.util.ProductConfiguration">
   SELECT CONFIG_VALUES FROM APPLN_CONFIG_VALUES
   WHERE APP_CONFIG_KEY='IS_USB_PRINTER' AND id=#tillNo:INTEGER#
  </select>
  
  
  
  
</sqlMap>