<?xml version="1.0" encoding="UTF-8" ?>
<!DOCTYPE sqlMap PUBLIC "-//ibatis.apache.org//DTD SQL Map 2.0//EN" "http://ibatis.apache.org/dtd/sql-map-2.dtd" >
<sqlMap namespace="POSTAL_INTL_ADDL_SERVICE_CHARGE_MASTER" >
  <resultMap id="abatorgenerated_PostalIntlAddlServiceChargeMasterResult2" class="com.tcs.postal.common.data.mail.PostalIntlAddlServiceChargeMaster" >
    <!--
      WARNING - This element is automatically generated by Abator for iBATIS, do not modify.
      This element was generated on Thu Jan 30 16:27:39 IST 2014.
    -->
   
   <!-- <result column="SERVICE_ID" property="serviceId" jdbcType="VARCHAR" /> -->
   
    <result column="ADDL_SERVICE_PRICE" property="addlServicePrice" jdbcType="REAL" />

    <result column="ADDL_SERVICE_ID" property="addlServiceId" jdbcType="VARCHAR" />
  </resultMap>
    <resultMap id="abatorgenerated_PostalIntlAddlServiceChargeMasterResult" class="com.tcs.postal.common.data.mail.PostalIntlAddlServiceChargeMaster" >
    <!--
      WARNING - This element is automatically generated by Abator for iBATIS, do not modify.
      This element was generated on Thu Jan 30 16:27:39 IST 2014.
    -->
    <result column="INTL_ADDL_SERVICE_CHARGE_ID" property="intlAddlServiceChargeId" jdbcType="INTEGER" />
    <result column="SERVICE_ID" property="serviceId" jdbcType="VARCHAR" />
    <result column="COUNTRY_ID" property="countryId" jdbcType="VARCHAR" />
    <result column="ADDL_SERVICE_PRICE" property="addlServicePrice" jdbcType="REAL" />
    <result column="CREATED_BY" property="createdBy" jdbcType="VARCHAR" />
    <result column="CREATED_ON" property="createdOn" jdbcType="TIMESTAMP" />
    <result column="MODIFIED_BY" property="modifiedBy" jdbcType="VARCHAR" />
    <result column="MODIFIED_ON" property="modifiedOn" jdbcType="TIMESTAMP" />
    <result column="ADDL_SERVICE_ID" property="addlServiceId" jdbcType="VARCHAR" />
  </resultMap>
  
  <resultMap id="getIntlAddlServicesListResult" class="com.tcs.postal.common.data.mail.PostalIntlAddlServiceChargeMaster" >
   <result column="ADDL_SERVICE_ID" property="addlServiceId" jdbcType="VARCHAR" />
    <result column="ADDL_SERVICE_NAME" property="addlServiceName" jdbcType="VARCHAR" />
    <result column="SERVICE_ID" property="serviceId" jdbcType="VARCHAR" />
    <result column="ADDL_SERVICE_PRICE" property="intlAddlServicePrice" jdbcType="DOUBLE" />
  </resultMap>
  <select id="abatorgenerated_selectByPrimaryKey" resultMap="abatorgenerated_PostalIntlAddlServiceChargeMasterResult" parameterClass="com.tcs.postal.common.data.mail.PostalIntlAddlServiceChargeMaster" >
    <!--
      WARNING - This element is automatically generated by Abator for iBATIS, do not modify.
      This element was generated on Thu Jan 30 16:27:39 IST 2014.
    -->
    select INTL_ADDL_SERVICE_CHARGE_ID, SERVICE_ID, COUNTRY_ID, ADDL_SERVICE_PRICE, CREATED_BY,
      CREATED_ON, MODIFIED_BY, MODIFIED_ON, ADDL_SERVICE_ID
    from POSTAL_INTL_ADDL_SERVICE_CHARGE_MASTER
    where INTL_ADDL_SERVICE_CHARGE_ID = #intlAddlServiceChargeId:INTEGER# FOR READ ONLY
  </select>
  <delete id="abatorgenerated_deleteByPrimaryKey" parameterClass="com.tcs.postal.common.data.mail.PostalIntlAddlServiceChargeMaster" >
    <!--
      WARNING - This element is automatically generated by Abator for iBATIS, do not modify.
      This element was generated on Thu Jan 30 16:27:39 IST 2014.
    -->
    delete from POSTAL_INTL_ADDL_SERVICE_CHARGE_MASTER
    where INTL_ADDL_SERVICE_CHARGE_ID = #intlAddlServiceChargeId:INTEGER#
  </delete>
  <insert id="abatorgenerated_insert" parameterClass="com.tcs.postal.common.data.mail.PostalIntlAddlServiceChargeMaster" >
    <!--
      WARNING - This element is automatically generated by Abator for iBATIS, do not modify.
      This element was generated on Thu Jan 30 16:27:39 IST 2014.
    -->
    insert into POSTAL_INTL_ADDL_SERVICE_CHARGE_MASTER (INTL_ADDL_SERVICE_CHARGE_ID, SERVICE_ID,
      COUNTRY_ID, ADDL_SERVICE_PRICE, CREATED_BY, CREATED_ON, MODIFIED_BY, MODIFIED_ON,
      ADDL_SERVICE_ID)
    values (#intlAddlServiceChargeId:INTEGER#, #serviceId:VARCHAR#, #countryId:VARCHAR#,
      #addlServicePrice:REAL#, #createdBy:VARCHAR#, getdate(), #modifiedBy:VARCHAR#,
      getdate(), #addlServiceId:VARCHAR#)
  </insert>
  <update id="abatorgenerated_updateByPrimaryKey" parameterClass="com.tcs.postal.common.data.mail.PostalIntlAddlServiceChargeMaster" >
    <!--
      WARNING - This element is automatically generated by Abator for iBATIS, do not modify.
      This element was generated on Thu Jan 30 16:27:39 IST 2014.
    -->
    update POSTAL_INTL_ADDL_SERVICE_CHARGE_MASTER
    set SERVICE_ID = #serviceId:VARCHAR#,
      COUNTRY_ID = #countryId:VARCHAR#,
      ADDL_SERVICE_PRICE = #addlServicePrice:REAL#,
      CREATED_BY = #createdBy:VARCHAR#,
      CREATED_ON = getdate(),
      MODIFIED_BY = #modifiedBy:VARCHAR#,
      MODIFIED_ON = getdate(),
      ADDL_SERVICE_ID = #addlServiceId:VARCHAR#
    where INTL_ADDL_SERVICE_CHARGE_ID = #intlAddlServiceChargeId:INTEGER#
  </update>
  <update id="abatorgenerated_updateByPrimaryKeySelective" parameterClass="com.tcs.postal.common.data.mail.PostalIntlAddlServiceChargeMaster" >
    <!--
      WARNING - This element is automatically generated by Abator for iBATIS, do not modify.
      This element was generated on Thu Jan 30 16:27:39 IST 2014.
    -->
    update POSTAL_INTL_ADDL_SERVICE_CHARGE_MASTER
    <dynamic prepend="set" >
      <isNotNull prepend="," property="serviceId" >
        SERVICE_ID = #serviceId:VARCHAR#
      </isNotNull>
      <isNotNull prepend="," property="countryId" >
        COUNTRY_ID = #countryId:VARCHAR#
      </isNotNull>
      <isNotNull prepend="," property="addlServicePrice" >
        ADDL_SERVICE_PRICE = #addlServicePrice:REAL#
      </isNotNull>
      <isNotNull prepend="," property="createdBy" >
        CREATED_BY = #createdBy:VARCHAR#
      </isNotNull>
      <isNotNull prepend="," property="createdOn" >
        CREATED_ON = getdate()
      </isNotNull>
      <isNotNull prepend="," property="modifiedBy" >
        MODIFIED_BY = #modifiedBy:VARCHAR#
      </isNotNull>
      <isNotNull prepend="," property="modifiedOn" >
        MODIFIED_ON = getdate()
      </isNotNull>
      <isNotNull prepend="," property="addlServiceId" >
        ADDL_SERVICE_ID = #addlServiceId:VARCHAR#
      </isNotNull>
    </dynamic>
    where INTL_ADDL_SERVICE_CHARGE_ID = #intlAddlServiceChargeId:INTEGER#
  </update>
     <select id="getServiceIdList1" parameterClass="com.tcs.postal.common.data.mail.PostalIntlAddlServiceChargeMaster" resultMap="abatorgenerated_PostalIntlAddlServiceChargeMasterResult2">
    <!--
      WARNING - This element is automatically generated by Abator for iBATIS, do not modify.
      This element was generated on Mon Sep 23 18:59:14 IST 2013.
    -->
    <!-- select DISTINCT addMap.ADDL_SERVICE_ID,chmas.SERVICE_ID,chmas.ADDL_SERVICE_PRICE
     ADDL_SERVICE_PRICE
    from POSTAL_SERVICE_MASTER_ADDL_SERVICE_MAPPING addMap,POSTAL_INTL_ADDL_SERVICE_CHARGE_MASTER chmas
    where addMap.ADDL_SERVICE_ID = chmas.ADDL_SERVICE_ID and chmas.SERVICE_ID = #serviceId:VARCHAR#-->
    select DISTINCT addMap.ADDL_SERVICE_ID,addMap.ADDL_SERVICE_PRICE from POSTAL_SERVICE_MASTER_ADDL_SERVICE_MAPPING addMap,POSTAL_ADDL_SERVICE_MASTER pasm
	where addMap.ADDL_SERVICE_ID = pasm.ADDL_SERVICE_ID and addMap.SERVICE_ID = #serviceId:VARCHAR# FOR READ ONLY    
  </select>
  <select id="getIntlAddlServicesList" resultMap="getIntlAddlServicesListResult" parameterClass="com.tcs.postal.common.data.mail.PostalIntlAddlServiceChargeMaster">
    select t.ADDL_SERVICE_ID, pasm.ADDL_SERVICE_NAME, t.SERVICE_ID, t.ADDL_SERVICE_PRICE from POSTAL_ADDL_SERVICE_MASTER pasm join 
	(select DISTINCT addMap.ADDL_SERVICE_ID,chmas.SERVICE_ID,chmas.ADDL_SERVICE_PRICE
    from POSTAL_SERVICE_MASTER_ADDL_SERVICE_MAPPING addMap join POSTAL_INTL_ADDL_SERVICE_CHARGE_MASTER chmas
	on addMap.ADDL_SERVICE_ID=chmas.ADDL_SERVICE_ID  
	where chmas.SERVICE_ID = #serviceId:VARCHAR# and chmas.COUNTRY_ID=#countryId:VARCHAR#) t 
	on pasm.ADDL_SERVICE_ID=t.ADDL_SERVICE_ID FOR READ ONLY
    
  </select>
</sqlMap>