<?xml version="1.0" encoding="UTF-8" ?>
<!DOCTYPE sqlMap PUBLIC "-//ibatis.apache.org//DTD SQL Map 2.0//EN" "http://ibatis.apache.org/dtd/sql-map-2.dtd" >
<sqlMap namespace="POSTAL_INTERNATIONAL_SERVICE_CHARGE_MASTER" >
  <resultMap id="abatorgenerated_PostalInternationalServiceChargeMasterResult" class="com.tcs.postal.common.data.mail.PostalInternationalServiceChargeMaster" >
    <!--
      WARNING - This element is automatically generated by Abator for iBATIS, do not modify.
      This element was generated on Mon Sep 23 19:44:52 IST 2013.
    -->
    <result column="INTERNATIONAL_SERVICE_CHARGE_ID" property="internationalServiceChargeId" jdbcType="VARCHAR" />
    <result column="SERVICE_ID" property="serviceId" jdbcType="VARCHAR" />
    <result column="MIN_RANGE" property="minRange" jdbcType="DOUBLE" />
    <result column="MAX_RANGE" property="maxRange" jdbcType="DOUBLE" />
    <result column="VOLUME" property="volume" jdbcType="DOUBLE" />
    <result column="COUNTRY_ID" property="countryId" jdbcType="VARCHAR" />
    <result column="BASE_PRICE" property="basePrice" jdbcType="DOUBLE" />
    <result column="VALUE" property="value" jdbcType="DOUBLE" />
    <result column="SERVICE_TAX" property="serviceTax" jdbcType="DOUBLE" />
    <result column="E_CESS" property="eCess" jdbcType="DOUBLE" />
    <result column="H_E_CESS" property="hECess" jdbcType="DOUBLE" />
    <result column="CREATED_BY" property="createdBy" jdbcType="VARCHAR" />
    <result column="CREATED_ON" property="createdOn" jdbcType="TIMESTAMP" />
    <result column="MODIFIED_BY" property="modifiedBy" jdbcType="VARCHAR" />
    <result column="MODIFIED_ON" property="modifiedOn" jdbcType="TIMESTAMP" />
  </resultMap>
  <resultMap id="abatorgenerated_PostalInternationalServiceChargeMasterResult1" class="com.tcs.postal.common.data.mail.PostalInternationalServiceChargeMaster" >
    <!--
      WARNING - This element is automatically generated by Abator for iBATIS, do not modify.
      This element was generated on Mon Sep 23 19:44:52 IST 2013.
    -->
    <result column="INTL_SERVICE_CHARGE_ID" property="internationalServiceChargeId" jdbcType="VARCHAR" />
    <result column="SERVICE_ID" property="serviceId" jdbcType="VARCHAR" />
    <result column="BASE_PRICE" property="basePrice" jdbcType="DOUBLE" />
    <result column="MIN_WEIGHT" property="minRange" jdbcType="DOUBLE" />
    <result column="MAX_WEIGHT" property="maxRange" jdbcType="DOUBLE" />
   
  </resultMap>
  <resultMap id="abatorgenerated_PostalInternationalServiceChargeMasterResult2" class="com.tcs.postal.common.data.mail.PostalInternationalServiceChargeMaster" >
    <!--
      WARNING - This element is automatically generated by Abator for iBATIS, do not modify.
      This element was generated on Mon Sep 23 19:44:52 IST 2013.
    -->
    <result column="BASE_PRICE" property="basePrice" jdbcType="DOUBLE" />
   
  </resultMap>
  <select id="abatorgenerated_selectByPrimaryKey" resultMap="abatorgenerated_PostalInternationalServiceChargeMasterResult" parameterClass="com.tcs.postal.common.data.mail.PostalInternationalServiceChargeMaster" >
    <!--
      WARNING - This element is automatically generated by Abator for iBATIS, do not modify.
      This element was generated on Mon Sep 23 19:44:52 IST 2013.
    -->
    select INTERNATIONAL_SERVICE_CHARGE_ID, SERVICE_ID, MIN_RANGE, MAX_RANGE, VOLUME, COUNTRY_ID,
      BASE_PRICE, VALUE, SERVICE_TAX, E_CESS, H_E_CESS, CREATED_BY, CREATED_ON, MODIFIED_BY, MODIFIED_ON
    from POSTAL_INTERNATIONAL_SERVICE_CHARGE_MASTER
    where INTERNATIONAL_SERVICE_CHARGE_ID = #internationalServiceChargeId:VARCHAR# FOR READ ONLY
  </select>
   <select id="getPriceList" resultMap="abatorgenerated_PostalInternationalServiceChargeMasterResult1" parameterClass="com.tcs.postal.common.data.mail.PostalInternationalServiceChargeMaster" >
    <!--
      WARNING - This element is automatically generated by Abator for iBATIS, do not modify.
      This element was generated on Mon Sep 23 19:44:52 IST 2013.
    -->
     select INTL_SERVICE_CHARGE_ID, SERVICE_ID ,BASE_PRICE,MAX_WEIGHT,MIN_WEIGHT 
     from POSTAL_INTL_SERVICE_CHARGE_MASTER FOR READ ONLY
   
  </select>
   <select id="getTariffList" resultMap="abatorgenerated_PostalInternationalServiceChargeMasterResult2" parameterClass="com.tcs.postal.common.data.mail.PostalInternationalServiceChargeMaster" >
    <!--
      WARNING - This element is automatically generated by Abator for iBATIS, do not modify.
      This element was generated on Mon Sep 23 19:44:52 IST 2013.
    -->
    select BASE_PRICE from POSTAL_INTL_SERVICE_CHARGE_MASTER where MIN_WEIGHT  <isLessThan>= #minRange:DOUBLE# </isLessThan>
    and MAX_WEIGHT >= #maxRange:DOUBLE# and SERVICE_ID=#serviceId:VARCHAR# FOR READ ONLY
  </select>
  <delete id="abatorgenerated_deleteByPrimaryKey" parameterClass="com.tcs.postal.common.data.mail.PostalInternationalServiceChargeMaster" >
    <!--
      WARNING - This element is automatically generated by Abator for iBATIS, do not modify.
      This element was generated on Mon Sep 23 19:44:52 IST 2013.
    -->
    delete from POSTAL_INTERNATIONAL_SERVICE_CHARGE_MASTER
    where INTERNATIONAL_SERVICE_CHARGE_ID = #internationalServiceChargeId:VARCHAR#
  </delete>
  <insert id="abatorgenerated_insert" parameterClass="com.tcs.postal.common.data.mail.PostalInternationalServiceChargeMaster" >
    <!--
      WARNING - This element is automatically generated by Abator for iBATIS, do not modify.
      This element was generated on Mon Sep 23 19:44:52 IST 2013.
    -->
    insert into POSTAL_INTERNATIONAL_SERVICE_CHARGE_MASTER (INTERNATIONAL_SERVICE_CHARGE_ID,
      SERVICE_ID, MIN_RANGE, MAX_RANGE, VOLUME, COUNTRY_ID, BASE_PRICE, VALUE, SERVICE_TAX, E_CESS,
      H_E_CESS, CREATED_BY, CREATED_ON, MODIFIED_BY, MODIFIED_ON)
    values (#internationalServiceChargeId:VARCHAR#, #serviceId:VARCHAR#, #minRange:DOUBLE#,
      #maxRange:DOUBLE#, #volume:DOUBLE#, #countryId:VARCHAR#, #basePrice:DOUBLE#, #value:DOUBLE#,
      #serviceTax:DOUBLE#, #eCess:DOUBLE#, #hECess:DOUBLE#, #createdBy:VARCHAR#,
      getdate(), #modifiedBy:VARCHAR#, getdate())
  </insert>
  <update id="abatorgenerated_updateByPrimaryKey" parameterClass="com.tcs.postal.common.data.mail.PostalInternationalServiceChargeMaster" >
    <!--
      WARNING - This element is automatically generated by Abator for iBATIS, do not modify.
      This element was generated on Mon Sep 23 19:44:52 IST 2013.
    -->
    update POSTAL_INTERNATIONAL_SERVICE_CHARGE_MASTER
    set SERVICE_ID = #serviceId:VARCHAR#,
      MIN_RANGE = #minRange:DOUBLE#,
      MAX_RANGE = #maxRange:DOUBLE#,
      VOLUME = #volume:DOUBLE#,
      COUNTRY_ID = #countryId:VARCHAR#,
      BASE_PRICE = #basePrice:DOUBLE#,
      VALUE = #value:DOUBLE#,
      SERVICE_TAX = #serviceTax:DOUBLE#,
      E_CESS = #eCess:DOUBLE#,
      H_E_CESS = #hECess:DOUBLE#,
      CREATED_BY = #createdBy:VARCHAR#,
      CREATED_ON = getdate(),
      MODIFIED_BY = #modifiedBy:VARCHAR#,
      MODIFIED_ON = getdate()
    where INTERNATIONAL_SERVICE_CHARGE_ID = #internationalServiceChargeId:VARCHAR#
  </update>
  <update id="abatorgenerated_updateByPrimaryKeySelective" parameterClass="com.tcs.postal.common.data.mail.PostalInternationalServiceChargeMaster" >
    <!--
      WARNING - This element is automatically generated by Abator for iBATIS, do not modify.
      This element was generated on Mon Sep 23 19:44:52 IST 2013.
    -->
    update POSTAL_INTERNATIONAL_SERVICE_CHARGE_MASTER
    <dynamic prepend="set" >
      <isNotNull prepend="," property="serviceId" >
        SERVICE_ID = #serviceId:VARCHAR#
      </isNotNull>
      <isNotNull prepend="," property="minRange" >
        MIN_RANGE = #minRange:DOUBLE#
      </isNotNull>
      <isNotNull prepend="," property="maxRange" >
        MAX_RANGE = #maxRange:DOUBLE#
      </isNotNull>
      <isNotNull prepend="," property="volume" >
        VOLUME = #volume:DOUBLE#
      </isNotNull>
      <isNotNull prepend="," property="countryId" >
        COUNTRY_ID = #countryId:VARCHAR#
      </isNotNull>
      <isNotNull prepend="," property="basePrice" >
        BASE_PRICE = #basePrice:DOUBLE#
      </isNotNull>
      <isNotNull prepend="," property="value" >
        VALUE = #value:DOUBLE#
      </isNotNull>
      <isNotNull prepend="," property="serviceTax" >
        SERVICE_TAX = #serviceTax:DOUBLE#
      </isNotNull>
      <isNotNull prepend="," property="eCess" >
        E_CESS = #eCess:DOUBLE#
      </isNotNull>
      <isNotNull prepend="," property="hECess" >
        H_E_CESS = #hECess:DOUBLE#
      </isNotNull>
      <isNotNull prepend="," property="createdBy" >
        CREATED_BY = #createdBy:VARCHAR#
      </isNotNull>
      <isNotNull prepend="," property="createdOn" >
        CREATED_ON = getdate()
      </isNotNull>
      <isNotNull prepend="," property="modifiedBy" >
        MODIFIED_BY = #modifiedBy:VARCHAR#
      </isNotNull>
      <isNotNull prepend="," property="modifiedOn" >
        MODIFIED_ON = getdate()
      </isNotNull>
    </dynamic>
    where INTERNATIONAL_SERVICE_CHARGE_ID = #internationalServiceChargeId:VARCHAR#
  </update>
</sqlMap>