<?xml version="1.0" encoding="UTF-8" ?>
<!DOCTYPE sqlMap PUBLIC "-//ibatis.apache.org//DTD SQL Map 2.0//EN" "http://ibatis.apache.org/dtd/sql-map-2.dtd" >
<sqlMap namespace="DOP_NEIGHBOUR_STATE_MASTER" >
  <resultMap id="abatorgenerated_DopNeighbourStateMasterResult" class="com.tcs.postal.common.data.mail.DopNeighbourStateMaster" >
    <!--
      WARNING - This element is automatically generated by Abator for iBATIS, do not modify.
      This element was generated on Sat Apr 05 12:20:28 GMT+05:30 2014.
    -->
    <result column="NEIGHBOUR_STATE_ID" property="neighbourStateId" jdbcType="INTEGER" />
    <result column="BOOKING_STATE_CODE" property="bookingStateCode" jdbcType="VARCHAR" />
    <result column="NEIGHBOUR_STATE_CODE" property="neighbourStateCode" jdbcType="VARCHAR" />
    <result column="CREATED_BY" property="createdBy" jdbcType="VARCHAR" />
    <result column="CREATED_ON" property="createdOn" jdbcType="TIMESTAMP" />
    <result column="MODIFIED_BY" property="modifiedBy" jdbcType="VARCHAR" />
    <result column="MODIFIED_ON" property="modifiedOn" jdbcType="TIMESTAMP" />
  </resultMap>
  <select id="abatorgenerated_selectByPrimaryKey" resultMap="abatorgenerated_DopNeighbourStateMasterResult" parameterClass="com.tcs.postal.common.data.mail.DopNeighbourStateMaster" >
    <!--
      WARNING - This element is automatically generated by Abator for iBATIS, do not modify.
      This element was generated on Sat Apr 05 12:20:28 GMT+05:30 2014.
    -->
    select NEIGHBOUR_STATE_ID, BOOKING_STATE_CODE, NEIGHBOUR_STATE_CODE, CREATED_BY, CREATED_ON,
      MODIFIED_BY, MODIFIED_ON
    from DOP_NEIGHBOUR_STATE_MASTER
    where NEIGHBOUR_STATE_ID = #neighbourStateId:INTEGER# FOR READ ONLY
  </select>
  <delete id="abatorgenerated_deleteByPrimaryKey" parameterClass="com.tcs.postal.common.data.mail.DopNeighbourStateMaster" >
    <!--
      WARNING - This element is automatically generated by Abator for iBATIS, do not modify.
      This element was generated on Sat Apr 05 12:20:28 GMT+05:30 2014.
    -->
    delete from DOP_NEIGHBOUR_STATE_MASTER
    where NEIGHBOUR_STATE_ID = #neighbourStateId:INTEGER#
  </delete>
  <insert id="abatorgenerated_insert" parameterClass="com.tcs.postal.common.data.mail.DopNeighbourStateMaster" >
    <!--
      WARNING - This element is automatically generated by Abator for iBATIS, do not modify.
      This element was generated on Sat Apr 05 12:20:28 GMT+05:30 2014.
    -->
    insert into DOP_NEIGHBOUR_STATE_MASTER (NEIGHBOUR_STATE_ID, BOOKING_STATE_CODE,
      NEIGHBOUR_STATE_CODE, CREATED_BY, CREATED_ON, MODIFIED_BY, MODIFIED_ON)
    values (#neighbourStateId:INTEGER#, #bookingStateCode:VARCHAR#, #neighbourStateCode:VARCHAR#,
      #createdBy:VARCHAR#, getdate(), #modifiedBy:VARCHAR#, getdate())
  </insert>
  <update id="abatorgenerated_updateByPrimaryKey" parameterClass="com.tcs.postal.common.data.mail.DopNeighbourStateMaster" >
    <!--
      WARNING - This element is automatically generated by Abator for iBATIS, do not modify.
      This element was generated on Sat Apr 05 12:20:28 GMT+05:30 2014.
    -->
    update DOP_NEIGHBOUR_STATE_MASTER
    set BOOKING_STATE_CODE = #bookingStateCode:VARCHAR#,
      NEIGHBOUR_STATE_CODE = #neighbourStateCode:VARCHAR#,
      CREATED_BY = #createdBy:VARCHAR#,
      CREATED_ON = getdate(),
      MODIFIED_BY = #modifiedBy:VARCHAR#,
      MODIFIED_ON = getdate()
    where NEIGHBOUR_STATE_ID = #neighbourStateId:INTEGER#
  </update>
  <update id="abatorgenerated_updateByPrimaryKeySelective" parameterClass="com.tcs.postal.common.data.mail.DopNeighbourStateMaster" >
    <!--
      WARNING - This element is automatically generated by Abator for iBATIS, do not modify.
      This element was generated on Sat Apr 05 12:20:28 GMT+05:30 2014.
    -->
    update DOP_NEIGHBOUR_STATE_MASTER
    <dynamic prepend="set" >
      <isNotNull prepend="," property="bookingStateCode" >
        BOOKING_STATE_CODE = #bookingStateCode:VARCHAR#
      </isNotNull>
      <isNotNull prepend="," property="neighbourStateCode" >
        NEIGHBOUR_STATE_CODE = #neighbourStateCode:VARCHAR#
      </isNotNull>
      <isNotNull prepend="," property="createdBy" >
        CREATED_BY = #createdBy:VARCHAR#
      </isNotNull>
      <isNotNull prepend="," property="createdOn" >
        CREATED_ON = getdate()
      </isNotNull>
      <isNotNull prepend="," property="modifiedBy" >
        MODIFIED_BY = #modifiedBy:VARCHAR#
      </isNotNull>
      <isNotNull prepend="," property="modifiedOn" >
        MODIFIED_ON = getdate()
      </isNotNull>
    </dynamic>
    where NEIGHBOUR_STATE_ID = #neighbourStateId:INTEGER#
  </update>
  
   <resultMap id="abatorgenerated_getListNeighourStateCode" class="com.tcs.postal.common.data.mail.DopNeighbourStateMaster" >
    <!--
      WARNING - This element is automatically generated by Abator for iBATIS, do not modify.
      This element was generated on Sat Apr 05 12:20:28 GMT+05:30 2014.
    -->
   <result column="NEIGHBOUR_STATE_CODE" property="neighbourStateCode" jdbcType="VARCHAR" />
   </resultMap>
  
   <select id="getListNeighourStateCode" resultMap="abatorgenerated_getListNeighourStateCode" parameterClass="com.tcs.postal.common.data.mail.DopNeighbourStateMaster" >
    <!--
      WARNING - This element is automatically generated by Abator for iBATIS, do not modify.
      This element was generated on Sat Apr 05 12:20:28 GMT+05:30 2014.
    -->
   SELECT NEIGHBOUR_STATE_CODE FROM DOP_NEIGHBOUR_STATE_MASTER WHERE BOOKING_STATE_CODE=#bookingStateCode:VARCHAR# FOR READ ONLY
  </select>
  
</sqlMap>