<?xml version="1.0" encoding="UTF-8" ?>
<!DOCTYPE sqlMap PUBLIC "-//ibatis.apache.org//DTD SQL Map 2.0//EN" "http://ibatis.apache.org/dtd/sql-map-2.dtd" >
<sqlMap namespace="dop_destination_cost_master" >
  <resultMap id="abatorgenerated_DopDestinationCostMasterResult" class="com.tcs.dop.common.data.speedpost.DopDestinationCostMaster" >
    <!--
      WARNING - This element is automatically generated by Abator for iBATIS, do not modify.
      This element was generated on Tue May 14 11:09:49 IST 2013.
    -->
    <result column="destination_id" property="destinationId" jdbcType="INTEGER" />
    <result column="destination" property="destination" jdbcType="VARCHAR" />
    <result column="base" property="base" jdbcType="DOUBLE" />
    <result column="pod" property="pod" jdbcType="DOUBLE" />
    <result column="tax" property="tax" jdbcType="DOUBLE" />
  </resultMap>
  
  <resultMap id="abatorgenerated_totalCalculate" class="com.tcs.dop.common.data.speedpost.DopDestinationCostMaster" >
    <!--
      WARNING - This element is automatically generated by Abator for iBATIS, do not modify.
      This element was generated on Tue May 14 11:09:49 IST 2013.
    -->
    <result column="destination_id" property="destinationId" jdbcType="INTEGER" />
    <result column="destination" property="destination" jdbcType="VARCHAR" />
    <result column="base" property="base" jdbcType="DOUBLE" />
    <result column="pod" property="pod" jdbcType="DOUBLE" />
    <result column="tax" property="tax" jdbcType="DOUBLE" />
  </resultMap>
  
  <select id="abatorgenerated_selectByPrimaryKey" resultMap="abatorgenerated_DopDestinationCostMasterResult" parameterClass="com.tcs.dop.common.data.speedpost.DopDestinationCostMaster" >
    <!--
      WARNING - This element is automatically generated by Abator for iBATIS, do not modify.
      This element was generated on Tue May 14 11:09:49 IST 2013.
    -->
    select destination_id, destination, base, pod, tax
    from dop_destination_cost_master
    where destination_id = #destinationId:INTEGER# FOR READ ONLY
  </select>
 
  <delete id="abatorgenerated_deleteByPrimaryKey" parameterClass="com.tcs.dop.common.data.speedpost.DopDestinationCostMaster" >
    <!--
      WARNING - This element is automatically generated by Abator for iBATIS, do not modify.
      This element was generated on Tue May 14 11:09:49 IST 2013.
    -->
    delete from dop_destination_cost_master
    where destination_id = #destinationId:INTEGER#
  </delete>
  
  <insert id="abatorgenerated_insert" parameterClass="com.tcs.dop.common.data.speedpost.DopDestinationCostMaster" >
    <!--
      WARNING - This element is automatically generated by Abator for iBATIS, do not modify.
      This element was generated on Tue May 14 11:09:49 IST 2013.
    -->
    insert into dop_destination_cost_master (destination_id, destination, base, pod, tax)
    values (#destinationId:INTEGER#, #destination:VARCHAR#, #base:DOUBLE#, #pod:DOUBLE#,
      #tax:DOUBLE#)
  </insert>
    <update id="abatorgenerated_updateByPrimaryKeySelective" parameterClass="com.tcs.dop.common.data.speedpost.DopDestinationCostMaster" >
    <!--
      WARNING - This element is automatically generated by Abator for iBATIS, do not modify.
      This element was generated on Tue May 14 11:09:49 IST 2013.
    -->
    update dop_destination_cost_master
    <dynamic prepend="set" >
      <isNotNull prepend="," property="destination" >
        destination = #destination:VARCHAR#
      </isNotNull>
      <isNotNull prepend="," property="base" >
        base = #base:DOUBLE#
      </isNotNull>
      <isNotNull prepend="," property="pod" >
        pod = #pod:DOUBLE#
      </isNotNull>
      <isNotNull prepend="," property="tax" >
        tax = #tax:DOUBLE#
      </isNotNull>
    </dynamic>
    where destination_id = #destinationId:INTEGER#
  </update>
 <select id="abatorgenerated_totalCalculate" resultMap="abatorgenerated_totalCalculate" parameterClass="com.tcs.dop.common.data.speedpost.DopDestinationCostMaster" >
    <!--
      WARNING - This element is automatically generated by Abator for iBATIS, do not modify.
      This element was generated on Tue May 14 11:09:49 IST 2013.
    -->
    select destination_id, destination, base, pod, tax
    from dop_destination_cost_master
    where destination_id = #destinationId:INTEGER# FOR READ ONLY
  </select>
</sqlMap>