<?xml version="1.0" encoding="UTF-8" ?>
<!DOCTYPE sqlMap PUBLIC "-//ibatis.apache.org//DTD SQL Map 2.0//EN" "http://ibatis.apache.org/dtd/sql-map-2.dtd" >
<sqlMap namespace="DOP_STATE_CUSTOMER_MASTER" >
  <resultMap id="abatorgenerated_DopStateCustomerMasterResult" class="com.tcs.postal.common.data.mail.DopStateCustomerMaster" >
    <!--
      WARNING - This element is automatically generated by Abator for iBATIS, do not modify.
      This element was generated on Tue Jan 21 21:05:16 GMT+05:30 2014.
    -->
    <result column="STATE_CODE" property="stateCode" jdbcType="VARCHAR" />
    <result column="CUSTOMER_ID" property="customerId" jdbcType="VARCHAR" />
    <result column="STATE_NAME" property="stateName" jdbcType="VARCHAR" />
    <result column="STATUS" property="status" jdbcType="BIT" />
    <result column="CREATED_BY" property="createdBy" jdbcType="VARCHAR" />
    <result column="CREATED_ON" property="createdOn" jdbcType="TIMESTAMP" />
    <result column="MODIFIED_BY" property="modifiedBy" jdbcType="VARCHAR" />
    <result column="MODIFIED_ON" property="modifiedOn" jdbcType="TIMESTAMP" />
     
  </resultMap>
  <resultMap id="abatorgenerated_DopStateCustomerMasterResultNew" class="com.tcs.postal.common.data.mail.DopStateCustomerMaster" >
    <!--
      WARNING - This element is automatically generated by Abator for iBATIS, do not modify.
      This element was generated on Tue Jan 21 21:05:16 GMT+05:30 2014.
    -->
    <result column="STATE_CODE" property="stateCode" jdbcType="VARCHAR" />  
    <result column="STATE_NAME" property="stateName" jdbcType="VARCHAR" />
    <result column="CUSTOMER_ID" property="customerId" jdbcType="VARCHAR" />
  </resultMap>
  
  <resultMap id="getStateNameResult" class="com.tcs.postal.common.data.mail.DopStateCustomerMaster" >
    <result column="STATE_CODE" property="stateCode" jdbcType="VARCHAR" />
    <result column="CUSTOMER_ID" property="customerId" jdbcType="VARCHAR" />
    <result column="STATE_NAME" property="stateName" jdbcType="VARCHAR" />
    <result column="STATUS" property="status" jdbcType="BIT" />     
  </resultMap>
  
  
  <select id="abatorgenerated_selectByPrimaryKey" resultMap="abatorgenerated_DopStateCustomerMasterResult" parameterClass="com.tcs.postal.common.data.mail.DopStateCustomerMaster" >
    <!--
      WARNING - This element is automatically generated by Abator for iBATIS, do not modify.
      This element was generated on Tue Jan 21 21:05:16 GMT+05:30 2014.
    -->
    select STATE_CODE, CUSTOMER_ID, STATE_NAME, STATUS, CREATED_BY, CREATED_ON, MODIFIED_BY,
      MODIFIED_ON
    from DOP_STATE_CUSTOMER_MASTER
    where STATE_CODE = #stateCode:VARCHAR# FOR READ ONLY
  </select>
  <delete id="abatorgenerated_deleteByPrimaryKey" parameterClass="com.tcs.postal.common.data.mail.DopStateCustomerMaster" >
    <!--
      WARNING - This element is automatically generated by Abator for iBATIS, do not modify.
      This element was generated on Tue Jan 21 21:05:16 GMT+05:30 2014.
    -->
    delete from DOP_STATE_CUSTOMER_MASTER
    where STATE_CODE = #stateCode:VARCHAR#
  </delete>
  <insert id="abatorgenerated_insert" parameterClass="com.tcs.postal.common.data.mail.DopStateCustomerMaster" >
    <!--
      WARNING - This element is automatically generated by Abator for iBATIS, do not modify.
      This element was generated on Tue Jan 21 21:05:16 GMT+05:30 2014.
    -->
    insert into DOP_STATE_CUSTOMER_MASTER (STATE_CODE, CUSTOMER_ID, STATE_NAME, STATUS, CREATED_BY,
      CREATED_ON, MODIFIED_BY, MODIFIED_ON)
    values (#stateCode:VARCHAR#, #customerId:VARCHAR#, #stateName:VARCHAR#, #status:BIT#,
      #createdBy:VARCHAR#, getdate(), #modifiedBy:VARCHAR#, getdate())
  </insert>
  <update id="abatorgenerated_updateByPrimaryKey" parameterClass="com.tcs.postal.common.data.mail.DopStateCustomerMaster" >
    <!--
      WARNING - This element is automatically generated by Abator for iBATIS, do not modify.
      This element was generated on Tue Jan 21 21:05:16 GMT+05:30 2014.
    -->
    update DOP_STATE_CUSTOMER_MASTER
    set CUSTOMER_ID = #customerId:VARCHAR#,
      STATE_NAME = #stateName:VARCHAR#,
      STATUS = #status:BIT#,
      CREATED_BY = #createdBy:VARCHAR#,
      CREATED_ON = getdate(),
      MODIFIED_BY = #modifiedBy:VARCHAR#,
      MODIFIED_ON = getdate()
    where STATE_CODE = #stateCode:VARCHAR#
  </update>
  <update id="abatorgenerated_updateByPrimaryKeySelective" parameterClass="com.tcs.postal.common.data.mail.DopStateCustomerMaster" >
    <!--
      WARNING - This element is automatically generated by Abator for iBATIS, do not modify.
      This element was generated on Tue Jan 21 21:05:16 GMT+05:30 2014.
    -->
    update DOP_STATE_CUSTOMER_MASTER
    <dynamic prepend="set" >
      <isNotNull prepend="," property="customerId" >
        CUSTOMER_ID = #customerId:VARCHAR#
      </isNotNull>
      <isNotNull prepend="," property="stateName" >
        STATE_NAME = #stateName:VARCHAR#
      </isNotNull>
      <isNotNull prepend="," property="status" >
        STATUS = #status:BIT#
      </isNotNull>
      <isNotNull prepend="," property="createdBy" >
        CREATED_BY = #createdBy:VARCHAR#
      </isNotNull>
      <isNotNull prepend="," property="createdOn" >
        CREATED_ON = getdate()
      </isNotNull>
      <isNotNull prepend="," property="modifiedBy" >
        MODIFIED_BY = #modifiedBy:VARCHAR#
      </isNotNull>
      <isNotNull prepend="," property="modifiedOn" >
        MODIFIED_ON = getdate()
      </isNotNull>
    </dynamic>
    where STATE_CODE = #stateCode:VARCHAR#
  </update>
  
  <!-- Added by Varsha for Walk in Cust ID -->
	 <select id="abatorgenerated_fetchWalkInCustId" resultClass="java.lang.String" parameterClass="com.tcs.postal.common.data.mail.DopStateCustomerMaster" >
    <!--
      WARNING - This element is automatically generated by Abator for iBATIS, do not modify.
      This element was generated on Tue Jan 21 21:05:16 GMT+05:30 2014.
    -->
  <!-- SELECT cm.CUSTOMER_ID FROM DOP_STATE_CUSTOMER_MASTER cm, STORE_MASTER sm where sm.STATE = cm.STATE_CODE and sm.STORE_ID = #storeId:VARCHAR# -->
  SELECT DISTINCT (dscm.CUSTOMER_ID) FROM DOP_STATE_CUSTOMER_MASTER dscm,POSTAL_OFFICE_MASTER pom,STORE_MASTER sm WHERE dscm.STATE_CODE = pom.STATE 
and pom.OFFICE_ID = (select OFFICE_ID from STORE_MASTER WHERE STORE_ID = #storeId:VARCHAR#) FOR READ ONLY
  </select>	
     <select id="getStates" resultMap="abatorgenerated_DopStateCustomerMasterResultNew" parameterClass="com.tcs.postal.common.data.mail.DopStateCustomerMaster" >
    <!--
      WARNING - This element is automatically generated by Abator for iBATIS, do not modify.594802	55
      This element was generated on Tue Jan 21 21:05:16 GMT+05:30 2014.
    -->
    select STATE_CODE, STATE_NAME, CUSTOMER_ID
    from DOP_STATE_CUSTOMER_MASTER WHERE STATUS=1 ORDER BY STATE_NAME FOR READ ONLY
  </select>	
   <select id="getStatesForFranking" resultMap="abatorgenerated_DopStateCustomerMasterResultNew" parameterClass="com.tcs.postal.common.data.mail.DopStateCustomerMaster" >
    <!--
      WARNING - This element is automatically generated by Abator for iBATIS, do not modify.
      This element was generated on Tue Jan 21 21:05:16 GMT+05:30 2014.
    -->
    select STATE_CODE, STATE_NAME, CUSTOMER_ID
    from DOP_STATE_CUSTOMER_MASTER WHERE STATUS=1 ORDER BY STATE_NAME FOR READ ONLY
  </select>
   <resultMap id="abatorgenerated_DopStateCustomerMasterResultstateName" class="com.tcs.postal.common.data.mail.DopStateCustomerMaster" >
    <!--
      WARNING - This element is automatically generated by Abator for iBATIS, do not modify.
      This element was generated on Tue Jan 21 21:05:16 GMT+05:30 2014.
    -->
   
    <result column="STATE_NAME" property="stateName" jdbcType="VARCHAR" />
  
  </resultMap>
   <select id="getStatesName" resultClass="java.lang.String" parameterClass="com.tcs.postal.common.data.mail.DopStateCustomerMaster" >
    <!--
      WARNING - This element is automatically generated by Abator for iBATIS, do not modify.
      This element was generated on Tue Jan 21 21:05:16 GMT+05:30 2014.
    -->
    select STATE_NAME
    from DOP_STATE_CUSTOMER_MASTER WHERE  STATE_CODE = #stateCode:VARCHAR# FOR READ ONLY
  </select>
  <resultMap id="abatorgenerated_DopStateCustomerMasterResultCustomerId" class="com.tcs.postal.common.data.mail.DopStateCustomerMaster" >
    
   
    <result column="CUSTOMER_ID" property="customerId" jdbcType="VARCHAR" />
  
  </resultMap>
   <select id="selectCustomerId" resultMap="abatorgenerated_DopStateCustomerMasterResultCustomerId" parameterClass="com.tcs.postal.common.data.mail.DopStateCustomerMaster" >
   
    SELECT CUSTOMER_ID from DOP_STATE_CUSTOMER_MASTER where STATE_CODE=#stateCode:VARCHAR# FOR READ ONLY
    
  </select>
  
   <resultMap id="abatorgenerated_DopStateCustomerMasterResultState" class="com.tcs.postal.common.data.mail.DopStateCustomerMaster" >
    <!--
      WARNING - This element is automatically generated by Abator for iBATIS, do not modify.
      This element was generated on Wed Apr 02 15:39:27 GMT+05:30 2014.
    -->
    <result column="STATE_CODE" property="stateCode" jdbcType="VARCHAR" />
    <result column="CUSTOMER_ID" property="customerId" jdbcType="VARCHAR" />
    <result column="STATE_NAME" property="stateName" jdbcType="VARCHAR" />

  </resultMap>
   <select id="fetchState" resultMap="abatorgenerated_DopStateCustomerMasterResultState" parameterClass="com.tcs.postal.common.data.mail.DopStateCustomerMaster" >
    <!--
      WARNING - This element is automatically generated by Abator for iBATIS, do not modify.
      This element was generated on Wed Apr 02 15:39:27 GMT+05:30 2014.
    -->
    select STATE_CODE, CUSTOMER_ID, STATE_NAME
    from DOP_STATE_CUSTOMER_MASTER
    order by STATE_NAME FOR READ ONLY
  </select>
  
  <resultMap id="abatorgenerated_IntlStateResult" class="com.tcs.postal.common.data.mail.DopStateCustomerMaster" >
 
    <result column="COUNTRY_ID" property="countryId" jdbcType="VARCHAR" />
    <result column="STATE_CODE" property="stateCode" jdbcType="VARCHAR" />
    <result column="STATE_NAME" property="stateName" jdbcType="VARCHAR" />

  </resultMap>
  
  <select id="fetchIntlState" resultMap="abatorgenerated_IntlStateResult" parameterClass="com.tcs.postal.common.data.mail.DopStateCustomerMaster" >
   SELECT COUNTRY_ID,STATE_CODE,STATE_NAME FROM postal.POSTAL_INTL_COUNTRY_STATE_MASTER where COUNTRY_ID=#countryId:VARCHAR#
  </select>
  
  <select id="getStateName" resultMap="getStateNameResult" parameterClass="com.tcs.postal.common.data.mail.DopStateCustomerMaster" >
    select STATE_CODE, CUSTOMER_ID, STATE_NAME, STATUS
    from DOP_STATE_CUSTOMER_MASTER
    where STATE_CODE = #stateCode:VARCHAR# FOR READ ONLY
  </select>
  
</sqlMap>