<?xml version="1.0" encoding="UTF-8" ?>
<!DOCTYPE sqlMap PUBLIC "-//ibatis.apache.org//DTD SQL Map 2.0//EN" "http://ibatis.apache.org/dtd/sql-map-2.dtd" >
<sqlMap namespace="POSTAL_BILLER_RECEIPT_NO" >
  <resultMap id="abatorgenerated_PostalBillerReceiptNoResult" class="com.tcs.postal.common.data.tps.PostalBillerReceiptNo" >
    <!--
      WARNING - This element is automatically generated by Abator for iBATIS, do not modify.
      This element was generated on Thu Dec 19 11:32:13 IST 2013.
    -->
    <result column="BILLER_ID" property="billerId" jdbcType="INTEGER" />
    <result column="CREATED_ON" property="createdOn" jdbcType="TIMESTAMP" />
    <result column="MODIFIED_BY" property="modifiedBy" jdbcType="VARCHAR" />
    <result column="MODIFIED_ON" property="modifiedOn" jdbcType="TIMESTAMP" />
    <result column="CREATED_BY" property="createdBy" jdbcType="VARCHAR" />
    <result column="FINAL_RECEIPT_NO" property="finalReceiptNo" jdbcType="VARCHAR" />
  </resultMap>
  
  <resultMap id="billerReceiptNoResult" class="com.tcs.postal.common.data.tps.PostalBillerReceiptNo" >
   <result column="FINAL_RECEIPT_NO" property="finalReceiptNo" jdbcType="VARCHAR" />
  </resultMap>
  
  <select id="abatorgenerated_selectByPrimaryKey" resultMap="abatorgenerated_PostalBillerReceiptNoResult" parameterClass="com.tcs.postal.common.data.tps.PostalBillerReceiptNo" >
    <!--
      WARNING - This element is automatically generated by Abator for iBATIS, do not modify.
      This element was generated on Thu Dec 19 11:32:13 IST 2013.
    -->
    select BILLER_ID, CREATED_ON, MODIFIED_BY, MODIFIED_ON, CREATED_BY, FINAL_RECEIPT_NO
    from POSTAL_BILLER_RECEIPT_NO
    where BILLER_ID = #billerId:INTEGER# FOR READ ONLY
  </select>
  <delete id="abatorgenerated_deleteByPrimaryKey" parameterClass="com.tcs.postal.common.data.tps.PostalBillerReceiptNo" >
    <!--
      WARNING - This element is automatically generated by Abator for iBATIS, do not modify.
      This element was generated on Thu Dec 19 11:32:13 IST 2013.
    -->
    delete from POSTAL_BILLER_RECEIPT_NO
    where BILLER_ID = #billerId:INTEGER#
  </delete>
  <insert id="abatorgenerated_insert" parameterClass="com.tcs.postal.common.data.tps.PostalBillerReceiptNo" >
    <!--
      WARNING - This element is automatically generated by Abator for iBATIS, do not modify.
      This element was generated on Thu Dec 19 11:32:13 IST 2013.
    -->
    insert into POSTAL_BILLER_RECEIPT_NO (BILLER_ID, CREATED_ON, MODIFIED_BY, MODIFIED_ON,
      CREATED_BY, FINAL_RECEIPT_NO)
    values (#billerId:INTEGER#, getdate(), #modifiedBy:VARCHAR#, getdate(),
      #createdBy:VARCHAR#, #finalReceiptNo:VARCHAR#)
  </insert>
  <update id="abatorgenerated_updateByPrimaryKey" parameterClass="com.tcs.postal.common.data.tps.PostalBillerReceiptNo" >
    <!--
      WARNING - This element is automatically generated by Abator for iBATIS, do not modify.
      This element was generated on Thu Dec 19 11:32:13 IST 2013.
    -->
    update POSTAL_BILLER_RECEIPT_NO
    set CREATED_ON = getdate(),
      MODIFIED_BY = #modifiedBy:VARCHAR#,
      MODIFIED_ON = getdate(),
      CREATED_BY = #createdBy:VARCHAR#,
      FINAL_RECEIPT_NO = #finalReceiptNo:VARCHAR#
    where BILLER_ID = #billerId:INTEGER#
  </update>
  <update id="abatorgenerated_updateByPrimaryKeySelective" parameterClass="com.tcs.postal.common.data.tps.PostalBillerReceiptNo" >
    <!--
      WARNING - This element is automatically generated by Abator for iBATIS, do not modify.
      This element was generated on Thu Dec 19 11:32:13 IST 2013.
    -->
    update POSTAL_BILLER_RECEIPT_NO
    <dynamic prepend="set" >
      <isNotNull prepend="," property="createdOn" >
        CREATED_ON = getdate()
      </isNotNull>
      <isNotNull prepend="," property="modifiedBy" >
        MODIFIED_BY = #modifiedBy:VARCHAR#
      </isNotNull>
      <isNotNull prepend="," property="modifiedOn" >
        MODIFIED_ON = getdate()
      </isNotNull>
      <isNotNull prepend="," property="createdBy" >
        CREATED_BY = #createdBy:VARCHAR#
      </isNotNull>
      <isNotNull prepend="," property="finalReceiptNo" >
        FINAL_RECEIPT_NO = #finalReceiptNo:VARCHAR#
      </isNotNull>
    </dynamic>
    where BILLER_ID = #billerId:INTEGER#
  </update>
  
  
  <select id="getBillerReceiptNo" resultMap="billerReceiptNoResult" parameterClass="com.tcs.postal.common.data.tps.PostalBillerReceiptNo" >
    
    select FINAL_RECEIPT_NO
    from POSTAL_BILLER_RECEIPT_NO
    where BILLER_ID = #billerId:INTEGER# FOR READ ONLY
  </select>
  <update id="updateBillerReceiptNo" parameterClass="com.tcs.postal.common.data.tps.PostalBillerReceiptNo" >
  
    update POSTAL_BILLER_RECEIPT_NO
    set FINAL_RECEIPT_NO = #finalReceiptNo:VARCHAR#,
      MODIFIED_BY = #modifiedBy:VARCHAR#,
      MODIFIED_ON = getdate()
    where CONFIGURATION_ID = #configurationId:INTEGER#
  </update>
</sqlMap>