<?xml version="1.0" encoding="UTF-8" ?>
<!DOCTYPE sqlMap PUBLIC "-//ibatis.apache.org//DTD SQL Map 2.0//EN" "http://ibatis.apache.org/dtd/sql-map-2.dtd" >
<sqlMap namespace="POSTAL_ADDRESS_MASTER" >
  <resultMap id="abatorgenerated_PostalAddressMasterResult" class="com.tcs.postal.common.data.mail.PostalAddressMaster" >
    <!--
      WARNING - This element is automatically generated by Abator for iBATIS, do not modify.
      This element was generated on Mon Sep 23 18:59:14 IST 2013.
    -->
    <result column="ADDRESS_ID" property="addressId" jdbcType="INTEGER" />
    <result column="PIN" property="pin" jdbcType="INTEGER" />
    <result column="CITY" property="city" jdbcType="VARCHAR" />
    <result column="STATE" property="state" jdbcType="VARCHAR" />
    <result column="ADDRESS1" property="address1" jdbcType="VARCHAR" />
    <result column="ADDRESS2" property="address2" jdbcType="VARCHAR" />
    <result column="ADDRESS3" property="address3" jdbcType="VARCHAR" />
  </resultMap>
  <select id="abatorgenerated_selectByPrimaryKey" resultMap="abatorgenerated_PostalAddressMasterResult" parameterClass="com.tcs.postal.common.data.mail.PostalAddressMaster" >
    <!--
      WARNING - This element is automatically generated by Abator for iBATIS, do not modify.
      This element was generated on Mon Sep 23 18:59:14 IST 2013.
    -->
    select ADDRESS_ID, PIN, CITY, STATE, ADDRESS1, ADDRESS2, ADDRESS3
    from POSTAL_ADDRESS_MASTER
    where ADDRESS_ID = #addressId:INTEGER# FOR READ ONLY
  </select>
  <delete id="abatorgenerated_deleteByPrimaryKey" parameterClass="com.tcs.postal.common.data.mail.PostalAddressMaster" >
    <!--
      WARNING - This element is automatically generated by Abator for iBATIS, do not modify.
      This element was generated on Mon Sep 23 18:59:14 IST 2013.
    -->
    delete from POSTAL_ADDRESS_MASTER
    where ADDRESS_ID = #addressId:INTEGER#
  </delete>
  <insert id="abatorgenerated_insert" parameterClass="com.tcs.postal.common.data.mail.PostalAddressMaster" >
    <!--
      WARNING - This element is automatically generated by Abator for iBATIS, do not modify.
      This element was generated on Mon Sep 23 18:59:14 IST 2013.
    -->
    insert into POSTAL_ADDRESS_MASTER (ADDRESS_ID, PIN, CITY, STATE, ADDRESS1, ADDRESS2, ADDRESS3)
    values (#addressId:INTEGER#, #pin:INTEGER#, #city:VARCHAR#, #state:VARCHAR#, #address1:VARCHAR#,
      #address2:VARCHAR#, #address3:VARCHAR#)
  </insert>
  <update id="abatorgenerated_updateByPrimaryKey" parameterClass="com.tcs.postal.common.data.mail.PostalAddressMaster" >
    <!--
      WARNING - This element is automatically generated by Abator for iBATIS, do not modify.
      This element was generated on Mon Sep 23 18:59:14 IST 2013.
    -->
    update POSTAL_ADDRESS_MASTER
    set PIN = #pin:INTEGER#,
      CITY = #city:VARCHAR#,
      STATE = #state:VARCHAR#,
      ADDRESS1 = #address1:VARCHAR#,
      ADDRESS2 = #address2:VARCHAR#,
      ADDRESS3 = #address3:VARCHAR#
    where ADDRESS_ID = #addressId:INTEGER#
  </update>
  <update id="abatorgenerated_updateByPrimaryKeySelective" parameterClass="com.tcs.postal.common.data.mail.PostalAddressMaster" >
    <!--
      WARNING - This element is automatically generated by Abator for iBATIS, do not modify.
      This element was generated on Mon Sep 23 18:59:14 IST 2013.
    -->
    update POSTAL_ADDRESS_MASTER
    <dynamic prepend="set" >
      <isNotNull prepend="," property="pin" >
        PIN = #pin:INTEGER#
      </isNotNull>
      <isNotNull prepend="," property="city" >
        CITY = #city:VARCHAR#
      </isNotNull>
      <isNotNull prepend="," property="state" >
        STATE = #state:VARCHAR#
      </isNotNull>
      <isNotNull prepend="," property="address1" >
        ADDRESS1 = #address1:VARCHAR#
      </isNotNull>
      <isNotNull prepend="," property="address2" >
        ADDRESS2 = #address2:VARCHAR#
      </isNotNull>
      <isNotNull prepend="," property="address3" >
        ADDRESS3 = #address3:VARCHAR#
      </isNotNull>
    </dynamic>
    where ADDRESS_ID = #addressId:INTEGER#
  </update>
</sqlMap>