<?xml version="1.0" encoding="UTF-8" ?>
<!DOCTYPE sqlMap PUBLIC "-//ibatis.apache.org//DTD SQL Map 2.0//EN" "http://ibatis.apache.org/dtd/sql-map-2.dtd" >
<sqlMap namespace="DOP_NPS_SERVICE_TYPE_MASTER" >
  <resultMap id="abatorgenerated_DopNpsServiceTypeMasterResult" class="com.tcs.pos.common.data.NPS.DopNpsServiceTypeMaster" >
    <!--
      WARNING - This element is automatically generated by Abator for iBATIS, do not modify.
      This element was generated on Thu Aug 14 17:47:20 GMT+05:30 2014.
    -->
    <result column="SERVICE_TYPE_CODE" property="serviceTypeCode" jdbcType="VARCHAR" />
    <result column="SERVICE_TYPE_NAME" property="serviceTypeName" jdbcType="VARCHAR" />
    <result column="CREATED_BY" property="createdBy" jdbcType="VARCHAR" />
    <result column="CREATED_ON" property="createdOn" jdbcType="TIMESTAMP" />
    <result column="MODIFIED_BY" property="modifiedBy" jdbcType="VARCHAR" />
    <result column="MODIFIED_ON" property="modifiedOn" jdbcType="TIMESTAMP" />
  </resultMap>
  <resultMap id="abatorgenerated_DopNpsServiceTypeMasterResultWithBLOBs" class="com.tcs.pos.common.data.NPS.DopNpsServiceTypeMaster" extends="DOP_NPS_SERVICE_TYPE_MASTER.abatorgenerated_DopNpsServiceTypeMasterResult" >
    <!--
      WARNING - This element is automatically generated by Abator for iBATIS, do not modify.
      This element was generated on Thu Aug 14 17:47:20 GMT+05:30 2014.
    -->
    <result column="SERVICE_TYPE_TEMPLATE" property="serviceTypeTemplate" jdbcType="LONGVARCHAR" />
  </resultMap>
  <select id="abatorgenerated_selectByPrimaryKey" resultMap="abatorgenerated_DopNpsServiceTypeMasterResultWithBLOBs" parameterClass="com.tcs.pos.common.data.NPS.DopNpsServiceTypeMaster" >
    <!--
      WARNING - This element is automatically generated by Abator for iBATIS, do not modify.
      This element was generated on Thu Aug 14 17:47:20 GMT+05:30 2014.
    -->
    select SERVICE_TYPE_CODE, SERVICE_TYPE_NAME, CREATED_BY, CREATED_ON, MODIFIED_BY, MODIFIED_ON,
      SERVICE_TYPE_TEMPLATE
    from DOP_NPS_SERVICE_TYPE_MASTER
    where SERVICE_TYPE_CODE = #serviceTypeCode:VARCHAR#
  </select>
  <delete id="abatorgenerated_deleteByPrimaryKey" parameterClass="com.tcs.pos.common.data.NPS.DopNpsServiceTypeMaster" >
    <!--
      WARNING - This element is automatically generated by Abator for iBATIS, do not modify.
      This element was generated on Thu Aug 14 17:47:20 GMT+05:30 2014.
    -->
    delete from DOP_NPS_SERVICE_TYPE_MASTER
    where SERVICE_TYPE_CODE = #serviceTypeCode:VARCHAR#
  </delete>
  <insert id="abatorgenerated_insert" parameterClass="com.tcs.pos.common.data.NPS.DopNpsServiceTypeMaster" >
    <!--
      WARNING - This element is automatically generated by Abator for iBATIS, do not modify.
      This element was generated on Thu Aug 14 17:47:20 GMT+05:30 2014.
    -->
    insert into DOP_NPS_SERVICE_TYPE_MASTER (SERVICE_TYPE_CODE, SERVICE_TYPE_NAME, CREATED_BY,
      CREATED_ON, MODIFIED_BY, MODIFIED_ON, SERVICE_TYPE_TEMPLATE)
    values (#serviceTypeCode:VARCHAR#, #serviceTypeName:VARCHAR#, #createdBy:VARCHAR#,
      getdate(), #modifiedBy:VARCHAR#, getdate(),
      #serviceTypeTemplate:LONGVARCHAR#)
  </insert>
  <update id="abatorgenerated_updateByPrimaryKeyWithBLOBs" parameterClass="com.tcs.pos.common.data.NPS.DopNpsServiceTypeMaster" >
    <!--
      WARNING - This element is automatically generated by Abator for iBATIS, do not modify.
      This element was generated on Thu Aug 14 17:47:20 GMT+05:30 2014.
    -->
    update DOP_NPS_SERVICE_TYPE_MASTER
    set SERVICE_TYPE_NAME = #serviceTypeName:VARCHAR#,
      CREATED_BY = #createdBy:VARCHAR#,
      CREATED_ON = getdate(),
      MODIFIED_BY = #modifiedBy:VARCHAR#,
      MODIFIED_ON = getdate(),
      SERVICE_TYPE_TEMPLATE = #serviceTypeTemplate:LONGVARCHAR#
    where SERVICE_TYPE_CODE = #serviceTypeCode:VARCHAR#
  </update>
  <update id="abatorgenerated_updateByPrimaryKey" parameterClass="com.tcs.pos.common.data.NPS.DopNpsServiceTypeMaster" >
    <!--
      WARNING - This element is automatically generated by Abator for iBATIS, do not modify.
      This element was generated on Thu Aug 14 17:47:20 GMT+05:30 2014.
    -->
    update DOP_NPS_SERVICE_TYPE_MASTER
    set SERVICE_TYPE_NAME = #serviceTypeName:VARCHAR#,
      CREATED_BY = #createdBy:VARCHAR#,
      CREATED_ON = getdate(),
      MODIFIED_BY = #modifiedBy:VARCHAR#,
      MODIFIED_ON = getdate()
    where SERVICE_TYPE_CODE = #serviceTypeCode:VARCHAR#
  </update>
  <update id="abatorgenerated_updateByPrimaryKeySelective" parameterClass="com.tcs.pos.common.data.NPS.DopNpsServiceTypeMaster" >
    <!--
      WARNING - This element is automatically generated by Abator for iBATIS, do not modify.
      This element was generated on Thu Aug 14 17:47:20 GMT+05:30 2014.
    -->
    update DOP_NPS_SERVICE_TYPE_MASTER
    <dynamic prepend="set" >
      <isNotNull prepend="," property="serviceTypeName" >
        SERVICE_TYPE_NAME = #serviceTypeName:VARCHAR#
      </isNotNull>
      <isNotNull prepend="," property="createdBy" >
        CREATED_BY = #createdBy:VARCHAR#
      </isNotNull>
      <isNotNull prepend="," property="createdOn" >
        CREATED_ON = getdate()
      </isNotNull>
      <isNotNull prepend="," property="modifiedBy" >
        MODIFIED_BY = #modifiedBy:VARCHAR#
      </isNotNull>
      <isNotNull prepend="," property="modifiedOn" >
        MODIFIED_ON = getdate()
      </isNotNull>
      <isNotNull prepend="," property="serviceTypeTemplate" >
        SERVICE_TYPE_TEMPLATE = #serviceTypeTemplate:LONGVARCHAR#
      </isNotNull>
    </dynamic>
    where SERVICE_TYPE_CODE = #serviceTypeCode:VARCHAR#
  </update>
  <resultMap id="getSvcNameSvcIDWithXMLsListResult" class="com.tcs.pos.common.data.NPS.DopNpsServiceTypeMaster">
   
    <result column="SERVICE_TYPE_CODE" property="serviceTypeCode" jdbcType="VARCHAR" />
    <result column="SERVICE_TYPE_NAME" property="serviceTypeName" jdbcType="VARCHAR" />
    <result column="ASSOCIATED_SERVICE_TYPE_CODE" property="associatedServiceTypeCode" jdbcType="VARCHAR" />
    <result column="IS_TEMP_PRAN_NEEDED" property="isTempPranNeeded" jdbcType="BIT" />
     
    </resultMap>
  
  <select id="getSvcNameSvcIDWithXMLsList" resultMap="getSvcNameSvcIDWithXMLsListResult" parameterClass="com.tcs.pos.common.data.NPS.DopNpsServiceTypeMaster" >
    SELECT dnstm.SERVICE_TYPE_CODE,dnstm.SERVICE_TYPE_NAME,dnstm.ASSOCIATED_SERVICE_TYPE_CODE,dnstm.IS_TEMP_PRAN_NEEDED
    FROM DOP_NPS_SERVICE_TYPE_MASTER dnstm JOIN POSTAL_BILLER_PRODUCT_MASTER pbpm
    ON dnstm.SERVICE_TYPE_CODE=pbpm.PRODUCT_ID AND pbpm.EXPIRY_DATE &gt; getdate() AND pbpm.BILLER_ID=#associatedServiceTypeCode:VARCHAR#
    FOR READ ONLY 
	</select>
	
	
	  <resultMap id="getXMLsAsPerSvcCodeResult" class="com.tcs.pos.common.data.NPS.DopNpsServiceTypeMaster">
    <!--
      WARNING - This element is automatically generated by Abator for iBATIS, do not modify.
      This element was generated on Thu Aug 14 17:47:20 GMT+05:30 2014.
    -->
    
    <result column="SERVICE_TYPE_TEMPLATE" property="serviceTypeTemplate" jdbcType="BLOB" />
     
    </resultMap>
	
	<select id="getXMLsAsPerSvcCode" resultClass="java.lang.String" parameterClass="com.tcs.pos.common.data.NPS.DopNpsServiceTypeMaster" >
    SELECT SERVICE_TYPE_TEMPLATE FROM DOP_NPS_SERVICE_TYPE_MASTER  where SERVICE_TYPE_CODE = #serviceTypeCode:VARCHAR# for read ONLY 
	</select>
  
</sqlMap>