<?xml version="1.0" encoding="UTF-8" ?>
<!DOCTYPE sqlMap PUBLIC "-//ibatis.apache.org//DTD SQL Map 2.0//EN" "http://ibatis.apache.org/dtd/sql-map-2.dtd" >
<sqlMap namespace="DOP_DIRECT_POST_TARGET_GROUP_MASTER" >
  <resultMap id="abatorgenerated_DopDirectPostTargetGroupMasterResult" class="com.tcs.pos.common.data.invoice.DopDirectPostTargetGroupMaster" >
    <!--
      WARNING - This element is automatically generated by Abator for iBATIS, do not modify.
      This element was generated on Wed Oct 30 17:08:05 IST 2013.
    -->
    <result column="TARGET_GROUP_ID" property="targetGroupId" jdbcType="INTEGER" />
    <result column="TARGET_GROUP_NAME" property="targetGroupName" jdbcType="VARCHAR" />
    <result column="CREATED_BY" property="createdBy" jdbcType="VARCHAR" />
    <result column="CREATED_ON" property="createdOn" jdbcType="TIMESTAMP" />
    <result column="MODIFIED_BY" property="modifiedBy" jdbcType="VARCHAR" />
    <result column="MODIFIED_ON" property="modifiedOn" jdbcType="TIMESTAMP" />
    <result column="USER_GROUP_ID" property="userGroupId" jdbcType="INTEGER" />
  </resultMap>
  <resultMap id="abatorgenerated_DopDirectPostTargetGroupMasterResult1" class="com.tcs.pos.common.data.invoice.DopDirectPostTargetGroupMaster" >
    <!--
      WARNING - This element is automatically generated by Abator for iBATIS, do not modify.
      This element was generated on Wed Oct 30 17:08:05 IST 2013.
    -->
    <result column="TARGET_GROUP_ID" property="targetGroupId" jdbcType="INTEGER" />
    <result column="TARGET_GROUP_NAME" property="targetGroupName" jdbcType="VARCHAR" />
    <result column="CREATED_BY" property="createdBy" jdbcType="VARCHAR" />
    <result column="CREATED_ON" property="createdOn" jdbcType="TIMESTAMP" />
    <result column="MODIFIED_BY" property="modifiedBy" jdbcType="VARCHAR" />
    <result column="MODIFIED_ON" property="modifiedOn" jdbcType="TIMESTAMP" />
  </resultMap>
  <select id="abatorgenerated_selectByPrimaryKey" resultMap="abatorgenerated_DopDirectPostTargetGroupMasterResult" parameterClass="com.tcs.pos.common.data.invoice.DopDirectPostTargetGroupMaster" >
    <!--
      WARNING - This element is automatically generated by Abator for iBATIS, do not modify.
      This element was generated on Wed Oct 30 17:08:05 IST 2013.
    -->
    select TARGET_GROUP_ID, TARGET_GROUP_NAME, CREATED_BY, CREATED_ON, MODIFIED_BY, MODIFIED_ON
    from DOP_DIRECT_POST_TARGET_GROUP_MASTER
    where TARGET_GROUP_ID = #targetGroupId:INTEGER# FOR READ ONLY
  </select>
  <delete id="abatorgenerated_deleteByPrimaryKey" parameterClass="com.tcs.pos.common.data.invoice.DopDirectPostTargetGroupMaster" >
    <!--
      WARNING - This element is automatically generated by Abator for iBATIS, do not modify.
      This element was generated on Wed Oct 30 17:08:05 IST 2013.
    -->
    delete from DOP_DIRECT_POST_TARGET_GROUP_MASTER
    where TARGET_GROUP_ID = #targetGroupId:INTEGER#
  </delete>
  <insert id="abatorgenerated_insert" parameterClass="com.tcs.pos.common.data.invoice.DopDirectPostTargetGroupMaster" >
    <!--
      WARNING - This element is automatically generated by Abator for iBATIS, do not modify.
      This element was generated on Wed Oct 30 17:08:05 IST 2013.
    -->
    insert into DOP_DIRECT_POST_TARGET_GROUP_MASTER (TARGET_GROUP_ID, TARGET_GROUP_NAME, CREATED_BY,
      CREATED_ON, MODIFIED_BY, MODIFIED_ON)
    values (#targetGroupId:INTEGER#, #targetGroupName:VARCHAR#, #createdBy:VARCHAR#,
      getdate(), #modifiedBy:VARCHAR#, getdate())
  </insert>
  <update id="abatorgenerated_updateByPrimaryKey" parameterClass="com.tcs.pos.common.data.invoice.DopDirectPostTargetGroupMaster" >
    <!--
      WARNING - This element is automatically generated by Abator for iBATIS, do not modify.
      This element was generated on Wed Oct 30 17:08:05 IST 2013.
    -->
    update DOP_DIRECT_POST_TARGET_GROUP_MASTER
    set TARGET_GROUP_NAME = #targetGroupName:VARCHAR#,
      CREATED_BY = #createdBy:VARCHAR#,
      CREATED_ON = getdate(),
      MODIFIED_BY = #modifiedBy:VARCHAR#,
      MODIFIED_ON = getdate()
    where TARGET_GROUP_ID = #targetGroupId:INTEGER#
  </update>
  <update id="abatorgenerated_updateByPrimaryKeySelective" parameterClass="com.tcs.pos.common.data.invoice.DopDirectPostTargetGroupMaster" >
    <!--
      WARNING - This element is automatically generated by Abator for iBATIS, do not modify.
      This element was generated on Wed Oct 30 17:08:05 IST 2013.
    -->
    update DOP_DIRECT_POST_TARGET_GROUP_MASTER
    <dynamic prepend="set" >
      <isNotNull prepend="," property="targetGroupName" >
        TARGET_GROUP_NAME = #targetGroupName:VARCHAR#
      </isNotNull>
      <isNotNull prepend="," property="createdBy" >
        CREATED_BY = #createdBy:VARCHAR#
      </isNotNull>
      <isNotNull prepend="," property="createdOn" >
        CREATED_ON = getdate()
      </isNotNull>
      <isNotNull prepend="," property="modifiedBy" >
        MODIFIED_BY = #modifiedBy:VARCHAR#
      </isNotNull>
      <isNotNull prepend="," property="modifiedOn" >
        MODIFIED_ON = getdate()
      </isNotNull>
    </dynamic>
    where TARGET_GROUP_ID = #targetGroupId:INTEGER#
  </update>
  <select id="abatorgenerated_selectAll" resultMap="abatorgenerated_DopDirectPostTargetGroupMasterResult1" parameterClass="com.tcs.pos.common.data.invoice.DopDirectPostTargetGroupMaster" >
    <!--
      WARNING - This element is automatically generated by Abator for iBATIS, do not modify.
      This element was generated on Wed Oct 30 17:08:05 IST 2013.
    -->
    select TARGET_GROUP_ID, TARGET_GROUP_NAME, CREATED_BY, CREATED_ON, MODIFIED_BY, MODIFIED_ON
    from DOP_DIRECT_POST_TARGET_GROUP_MASTER where USER_GROUP_ID=#userGroupId:INTEGER# FOR READ ONLY
  </select>
</sqlMap>