<?xml version="1.0" encoding="UTF-8" ?>
<!DOCTYPE sqlMap PUBLIC "-//ibatis.apache.org//DTD SQL Map 2.0//EN" "http://ibatis.apache.org/dtd/sql-map-2.dtd" >
<sqlMap namespace="DOP_EXPRESS_OR_BUSINESS_PARCEL" >
  <resultMap id="abatorgenerated_DopExpressOrBusinessParcelResult" class="com.tcs.postal.common.data.mail.DopExpressOrBusinessParcel" >
    <!--
      WARNING - This element is automatically generated by Abator for iBATIS, do not modify.
      This element was generated on Thu Apr 03 16:25:16 GMT+05:30 2014.
    -->
     <result column="CITY_NAME" property="cityName" jdbcType="VARCHAR" />
    <result column="CITY_CODE" property="cityCode" jdbcType="VARCHAR" />
    <result column="SERVICE_ID" property="serviceId" jdbcType="VARCHAR" />
    <result column="STATE_CODE" property="stateCode" jdbcType="VARCHAR" />
    <result column="IS_CAPITAL" property="isCapital" jdbcType="BIT" />
    <result column="IS_METRO" property="isMetro" jdbcType="BIT" />
    <result column="IS_NCR" property="isNcr" jdbcType="BIT" />
    <result column="CREATED_BY" property="createdBy" jdbcType="VARCHAR" />
    <result column="CREATED_ON" property="createdOn" jdbcType="TIMESTAMP" />
    <result column="MODIFIED_BY" property="modifiedBy" jdbcType="VARCHAR" />
    <result column="MODIFIED_ON" property="modifiedOn" jdbcType="TIMESTAMP" />
  </resultMap>
  <select id="abatorgenerated_selectByPrimaryKey" resultMap="abatorgenerated_DopExpressOrBusinessParcelResult" parameterClass="com.tcs.postal.common.data.mail.DopExpressOrBusinessParcelKey" >
    <!--
      WARNING - This element is automatically generated by Abator for iBATIS, do not modify.
      This element was generated on Thu Apr 03 16:25:16 GMT+05:30 2014.
    -->
    select CITY_NAME,CITY_CODE, SERVICE_ID, STATE_CODE, IS_CAPITAL, IS_METRO, IS_NCR, CREATED_BY, CREATED_ON,
      MODIFIED_BY, MODIFIED_ON
    from DOP_EXPRESS_OR_BUSINESS_PARCEL
    where CITY_CODE = #cityCode:VARCHAR#
      and SERVICE_ID = #serviceId:VARCHAR# FOR READ ONLY
  </select>
  <delete id="abatorgenerated_deleteByPrimaryKey" parameterClass="com.tcs.postal.common.data.mail.DopExpressOrBusinessParcelKey" >
    <!--
      WARNING - This element is automatically generated by Abator for iBATIS, do not modify.
      This element was generated on Thu Apr 03 16:25:16 GMT+05:30 2014.
    -->
    delete from DOP_EXPRESS_OR_BUSINESS_PARCEL
    where CITY_CODE = #cityCode:VARCHAR#
      and SERVICE_ID = #serviceId:VARCHAR#
  </delete>
  <insert id="abatorgenerated_insert" parameterClass="com.tcs.postal.common.data.mail.DopExpressOrBusinessParcel" >
    <!--
      WARNING - This element is automatically generated by Abator for iBATIS, do not modify.
      This element was generated on Thu Apr 03 16:25:16 GMT+05:30 2014.
    -->
    insert into DOP_EXPRESS_OR_BUSINESS_PARCEL (CITY_NAME,CITY_CODE, SERVICE_ID, STATE_CODE, IS_CAPITAL,
      IS_METRO, IS_NCR, CREATED_BY, CREATED_ON, MODIFIED_BY, MODIFIED_ON)
    values (#cityName:VARCHAR#,#cityCode:VARCHAR#, #serviceId:VARCHAR#, #stateCode:VARCHAR#, #isCapital:BIT#,
      #isMetro:BIT#, #isNcr:BIT#, #createdBy:VARCHAR#, getdate(), #modifiedBy:VARCHAR#,
      getdate())
  </insert>
  <update id="abatorgenerated_updateByPrimaryKey" parameterClass="com.tcs.postal.common.data.mail.DopExpressOrBusinessParcel" >
    <!--
      WARNING - This element is automatically generated by Abator for iBATIS, do not modify.
      This element was generated on Thu Apr 03 16:25:16 GMT+05:30 2014.
    -->
    update DOP_EXPRESS_OR_BUSINESS_PARCEL
    set STATE_CODE = #stateCode:VARCHAR#,
      IS_CAPITAL = #isCapital:BIT#,
      IS_METRO = #isMetro:BIT#,
      IS_NCR = #isNcr:BIT#,
      CREATED_BY = #createdBy:VARCHAR#,
      CREATED_ON = getdate(),
      MODIFIED_BY = #modifiedBy:VARCHAR#,
      MODIFIED_ON = getdate()
      CITY_NAME = #cityName:VARCHAR#
    where CITY_CODE = #cityCode:VARCHAR#
      and SERVICE_ID = #serviceId:VARCHAR#
  </update>
  <update id="abatorgenerated_updateByPrimaryKeySelective" parameterClass="com.tcs.postal.common.data.mail.DopExpressOrBusinessParcel" >
    <!--
      WARNING - This element is automatically generated by Abator for iBATIS, do not modify.
      This element was generated on Thu Apr 03 16:25:16 GMT+05:30 2014.
    -->
    update DOP_EXPRESS_OR_BUSINESS_PARCEL
    <dynamic prepend="set" >
     <isNotNull prepend="," property="cityName" >
        CITY_NAME = #cityName:VARCHAR#
      </isNotNull>
      <isNotNull prepend="," property="stateCode" >
        STATE_CODE = #stateCode:VARCHAR#
      </isNotNull>
      <isNotNull prepend="," property="isCapital" >
        IS_CAPITAL = #isCapital:BIT#
      </isNotNull>
      <isNotNull prepend="," property="isMetro" >
        IS_METRO = #isMetro:BIT#
      </isNotNull>
      <isNotNull prepend="," property="isNcr" >
        IS_NCR = #isNcr:BIT#
      </isNotNull>
      <isNotNull prepend="," property="createdBy" >
        CREATED_BY = #createdBy:VARCHAR#
      </isNotNull>
      <isNotNull prepend="," property="createdOn" >
        CREATED_ON = getdate()
      </isNotNull>
      <isNotNull prepend="," property="modifiedBy" >
        MODIFIED_BY = #modifiedBy:VARCHAR#
      </isNotNull>
      <isNotNull prepend="," property="modifiedOn" >
        MODIFIED_ON = getdate()
      </isNotNull>
    </dynamic>
    where CITY_CODE = #cityCode:VARCHAR#
      and SERVICE_ID = #serviceId:VARCHAR#
  </update>
  
  
  
   <select id="getExpBusParcelDetails" resultMap="abatorgenerated_DopExpressOrBusinessParcelResult" parameterClass="com.tcs.postal.common.data.mail.DopExpressOrBusinessParcel" >
    <!--
      WARNING - This element is automatically generated by Abator for iBATIS, do not modify.
      This element was generated on Thu Apr 03 16:25:16 GMT+05:30 2014.
    -->
    select CITY_NAME,CITY_CODE, SERVICE_ID, STATE_CODE, IS_CAPITAL, IS_METRO, IS_NCR, CREATED_BY, CREATED_ON,
      MODIFIED_BY, MODIFIED_ON
    from DOP_EXPRESS_OR_BUSINESS_PARCEL
    where CITY_NAME = #cityName:VARCHAR#
      and SERVICE_ID = #serviceId:VARCHAR# FOR READ ONLY
  </select>
  
  
</sqlMap>