<?xml version="1.0" encoding="UTF-8" ?>
<!DOCTYPE sqlMap PUBLIC "-//ibatis.apache.org//DTD SQL Map 2.0//EN" "http://ibatis.apache.org/dtd/sql-map-2.dtd" >
<sqlMap namespace="POSTAL_BULK_MAIL_BOOKING" >
  <resultMap id="abatorgenerated_PostalBulkMailBookingResult" class="com.tcs.pos.common.data.bulkpost.PostalBulkMailBooking" >
    <!--
      WARNING - This element is automatically generated by Abator for iBATIS, do not modify.
      This element was generated on Wed Mar 26 11:53:34 GMT+05:30 2014.
    -->
    <result column="BOOKING_REFERENCE_NO" property="bookingReferenceNo" jdbcType="VARCHAR" />
    <result column="BULK_BOOKING_TYPE" property="bulkBookingType" jdbcType="VARCHAR" />
    <result column="WEIGHT" property="weight" jdbcType="REAL" />
    <result column="CREATED_BY" property="createdBy" jdbcType="VARCHAR" />
    <result column="CREATED_ON" property="createdOn" jdbcType="TIMESTAMP" />
    <result column="MODIFIED_BY" property="modifiedBy" jdbcType="VARCHAR" />
    <result column="MODIFIED_ON" property="modifiedOn" jdbcType="TIMESTAMP" />
    <result column="SERVICE_ID" property="serviceId" jdbcType="VARCHAR" />
    <result column="SPECIAL_JOURNAL_NO" property="specialJournalNo" jdbcType="VARCHAR" />
    <result column="CUSTOMER_TYPE" property="customerType" jdbcType="VARCHAR" />
    <result column="CUSTOMER_ID" property="customerId" jdbcType="VARCHAR" />
    <result column="CONTRACT_NO" property="contractNo" jdbcType="VARCHAR" />
    <result column="IS_BNPL" property="isBnpl" jdbcType="BIT" />
    <result column="BNPL_BALANCE" property="bnplBalance" jdbcType="REAL" />
    <result column="LINE_OF_BUSINESS" property="addlVarchar1" jdbcType="VARCHAR" />
    <result column="CONTRACT_LINE_ITEM_ID" property="contractLineItemNo" jdbcType="VARCHAR" />
    <result column="AGENT_ID" property="agentId" jdbcType="VARCHAR" />
    <result column="AGENT_TYPE" property="agentType" jdbcType="VARCHAR" />
    <result column="ACCOUNT_TYPE" property="contractType" jdbcType="VARCHAR" /> 
    
    <result column="BARCODE_PREFIX" property="barcodePrefix" jdbcType="VARCHAR" />    
    <result column="FROM_BARCODE_SERIES" property="fromBarcodeSerise" jdbcType="VARCHAR" />
    <result column="TO_BARCODE_SERIES" property="toBarcodeSerise" jdbcType="VARCHAR" />
    <result column="BARCODE_SERIES_ACT_DATE" property="actDate" jdbcType="DATE" />
    <result column="BARCODE_SERIES_EXP_DATE" property="expDate" jdbcType="DATE" /> 
  </resultMap>
  <select id="abatorgenerated_selectByPrimaryKey" resultMap="abatorgenerated_PostalBulkMailBookingResult" parameterClass="com.tcs.pos.common.data.bulkpost.PostalBulkMailBooking" >
    <!--
      WARNING - This element is automatically generated by Abator for iBATIS, do not modify.
      This element was generated on Wed Mar 26 11:53:34 GMT+05:30 2014.
    -->
    select BOOKING_REFERENCE_NO, BULK_BOOKING_TYPE, WEIGHT, CREATED_BY, CREATED_ON,
      MODIFIED_BY, MODIFIED_ON, SERVICE_ID
    from POSTAL_BULK_MAIL_BOOKING
    where BOOKING_REFERENCE_NO = #bookingReferenceNo:VARCHAR# FOR READ ONLY
  </select>
  <select id="abatorgenerated_selectNew" resultMap="abatorgenerated_PostalBulkMailBookingResult" parameterClass="com.tcs.pos.common.data.bulkpost.PostalBulkMailBooking" >
    <!--
      WARNING - This element is automatically generated by Abator for iBATIS, do not modify.
      This element was generated on Wed Mar 26 11:53:34 GMT+05:30 2014.
    -->
    <!--  select distinct(pbmb.BOOKING_REFERENCE_NO),  pbmb.BULK_BOOKING_TYPE, pbmb.WEIGHT, pbmb.CREATED_BY, pbmb.CREATED_ON,
      pbmb.MODIFIED_BY, pbmb.MODIFIED_ON, pbmb.SERVICE_ID, pbmb.SPECIAL_JOURNAL_NO,pbms.ADDL_VARCHAR_1
    from POSTAL_BULK_MAIL_BOOKING pbmb, POSTAL_BULK_MAIL_STAGING pbms where SERVICE_ID!='EMO' and pbmb.BOOKING_REFERENCE_NO=pbms.BOOKING_REFERENCE_NO
    -->
      <!--  select BOOKING_REFERENCE_NO,  BULK_BOOKING_TYPE, WEIGHT, CREATED_BY, CREATED_ON,
      MODIFIED_BY, MODIFIED_ON, SERVICE_ID, SPECIAL_JOURNAL_NO, CUSTOMER_TYPE, CUSTOMER_ID, CONTRACT_NO, IS_BNPL, BNPL_BALANCE
    from POSTAL_BULK_MAIL_BOOKING  where SERVICE_ID!='EMO' FOR READ ONLY -->
    SELECT BOOKING_REFERENCE_NO,  BULK_BOOKING_TYPE, WEIGHT, CREATED_BY, CREATED_ON,
      MODIFIED_BY, MODIFIED_ON, SERVICE_ID, SPECIAL_JOURNAL_NO, CUSTOMER_TYPE, CUSTOMER_ID, CONTRACT_NO, IS_BNPL, BNPL_BALANCE, LINE_OF_BUSINESS,
      CONTRACT_LINE_ITEM_ID, AGENT_ID, AGENT_TYPE,ACCOUNT_TYPE,BARCODE_PREFIX,FROM_BARCODE_SERIES,TO_BARCODE_SERIES,BARCODE_SERIES_ACT_DATE,BARCODE_SERIES_EXP_DATE
      FROM "postal"."POSTAL_BULK_MAIL_BOOKING"  where BOOKING_REFERENCE_NO in
	(select distinct BOOKING_REFERENCE_NO from POSTAL_BULK_MAIL_STAGING where IS_PROCESSED=0) FOR READ ONLY
  </select>
  <select id="abatorgenerated_selectMoManifest" resultMap="abatorgenerated_PostalBulkMailBookingResult" parameterClass="com.tcs.pos.common.data.bulkpost.PostalBulkMailBooking" >
    <!--
      WARNING - This element is automatically generated by Abator for iBATIS, do not modify.
      This element was generated on Wed Mar 26 11:53:34 GMT+05:30 2014.
    -->
    select BOOKING_REFERENCE_NO,  BULK_BOOKING_TYPE, WEIGHT, CREATED_BY, CREATED_ON,
      MODIFIED_BY, MODIFIED_ON, SERVICE_ID, SPECIAL_JOURNAL_NO, CUSTOMER_TYPE, CUSTOMER_ID, CONTRACT_NO, IS_BNPL, BNPL_BALANCE
    from POSTAL_BULK_MAIL_BOOKING where SERVICE_ID=#serviceId:VARCHAR# FOR READ ONLY
  </select>
  <delete id="abatorgenerated_deleteByPrimaryKey" parameterClass="com.tcs.pos.common.data.bulkpost.PostalBulkMailBooking" >
    <!--
      WARNING - This element is automatically generated by Abator for iBATIS, do not modify.
      This element was generated on Wed Mar 26 11:53:34 GMT+05:30 2014.
    -->
    delete from POSTAL_BULK_MAIL_BOOKING
    where BOOKING_REFERENCE_NO = #bookingReferenceNo:VARCHAR#
  </delete>
  <insert id="abatorgenerated_insert" parameterClass="com.tcs.pos.common.data.bulkpost.PostalBulkMailBooking" >
    <!--
      WARNING - This element is automatically generated by Abator for iBATIS, do not modify.
      This element was generated on Wed Mar 26 11:53:34 GMT+05:30 2014.
    -->
    insert into POSTAL_BULK_MAIL_BOOKING (BOOKING_REFERENCE_NO, BULK_BOOKING_TYPE,
      WEIGHT, CREATED_BY, CREATED_ON, MODIFIED_BY, MODIFIED_ON, SERVICE_ID)
    values (#bookingReferenceNo:VARCHAR#, #bulkBookingType:VARCHAR#,
      #weight:REAL#, #createdBy:VARCHAR#, getdate(), #modifiedBy:VARCHAR#,
      getdate(), #serviceId:VARCHAR#)
  </insert>
  <update id="abatorgenerated_updateByPrimaryKey" parameterClass="com.tcs.pos.common.data.bulkpost.PostalBulkMailBooking" >
    <!--
      WARNING - This element is automatically generated by Abator for iBATIS, do not modify.
      This element was generated on Wed Mar 26 11:53:34 GMT+05:30 2014.
    -->
    update POSTAL_BULK_MAIL_BOOKING
    set 
      BULK_BOOKING_TYPE = #bulkBookingType:VARCHAR#,
      WEIGHT = #weight:REAL#,
      CREATED_BY = #createdBy:VARCHAR#,
      CREATED_ON = getdate(),
      MODIFIED_BY = #modifiedBy:VARCHAR#,
      MODIFIED_ON = getdate(),
      SERVICE_ID = #serviceId:VARCHAR#
    where BOOKING_REFERENCE_NO = #bookingReferenceNo:VARCHAR#
  </update>
  <update id="abatorgenerated_updateByPrimaryKeySelective" parameterClass="com.tcs.pos.common.data.bulkpost.PostalBulkMailBooking" >
    <!--
      WARNING - This element is automatically generated by Abator for iBATIS, do not modify.
      This element was generated on Wed Mar 26 11:53:34 GMT+05:30 2014.
    -->
    update POSTAL_BULK_MAIL_BOOKING
    <dynamic prepend="set" >
     
      <isNotNull prepend="," property="bulkBookingType" >
        BULK_BOOKING_TYPE = #bulkBookingType:VARCHAR#
      </isNotNull>
      <isNotNull prepend="," property="weight" >
        WEIGHT = #weight:REAL#
      </isNotNull>
      <isNotNull prepend="," property="createdBy" >
        CREATED_BY = #createdBy:VARCHAR#
      </isNotNull>
      <isNotNull prepend="," property="createdOn" >
        CREATED_ON = getdate()
      </isNotNull>
      <isNotNull prepend="," property="modifiedBy" >
        MODIFIED_BY = #modifiedBy:VARCHAR#
      </isNotNull>
      <isNotNull prepend="," property="modifiedOn" >
        MODIFIED_ON = getdate()
      </isNotNull>
      <isNotNull prepend="," property="serviceId" >
        SERVICE_ID = #serviceId:VARCHAR#
      </isNotNull>
    </dynamic>
    where BOOKING_REFERENCE_NO = #bookingReferenceNo:VARCHAR#
  </update>
  
  <insert id="abatorgenerated_insertbooking" parameterClass="com.tcs.pos.common.data.bulkpost.PostalBulkMailBooking" >
  insert into POSTAL_BULK_MAIL_BOOKING(BOOKING_REFERENCE_NO, BULK_BOOKING_TYPE, WEIGHT, CREATED_BY, CREATED_ON, MODIFIED_BY, MODIFIED_ON, SERVICE_ID,SPECIAL_JOURNAL_NO,
  CUSTOMER_TYPE,CUSTOMER_ID,CONTRACT_NO,IS_BNPL,BNPL_BALANCE,LINE_OF_BUSINESS)
  values (#bookingReferenceNo:VARCHAR#, #bulkBookingType:VARCHAR#, #weight:REAL#, #createdBy:VARCHAR#, getdate(),
  #modifiedBy:VARCHAR#, getdate(), #serviceId:VARCHAR#,#specialJournalNo:VARCHAR#,
  #customerType:VARCHAR#,#customerId:VARCHAR#,#contractNo:VARCHAR#,#isBnpl:BIT#,#bnplBalance:REAL#,#lineOfBusiness:VARCHAR#)
  </insert>
      
   <delete id="abatorgenerated_deleteUnprocessedArticle" parameterClass="com.tcs.pos.common.data.bulkpost.PostalBulkMailBooking" >
    delete from POSTAL_BULK_MAIL_BOOKING where BOOKING_REFERENCE_NO=#bookingReferenceNo:VARCHAR#
  </delete>
</sqlMap>