<?xml version="1.0" encoding="UTF-8" ?>
<!DOCTYPE sqlMap PUBLIC "-//ibatis.apache.org//DTD SQL Map 2.0//EN" "http://ibatis.apache.org/dtd/sql-map-2.dtd" >
<sqlMap namespace="DOP_POSTBOXBAG_SALE">
  <resultMap id="abatorgenerated_DopServiceSaleResult" class="com.tcs.dop.common.data.postbagboxtempbooking.DopPostboxbagSale" >
    <!--
      WARNING - This element is automatically generated by Abator for iBATIS, do not modify.
      This element was generated on Mon Feb 17 13:05:32 IST 2014.
    -->
    <result column="INVOICE_NO" property="invoiceNo" jdbcType="VARCHAR" />
    <result column="POSTBOX_NO" property="postBoxNo" jdbcType="VARCHAR" />
    <result column="POSTBAG_NO" property="postBagNo" jdbcType="VARCHAR" />
    <result column="LINE_ITEM_ID" property="lineItemId" jdbcType="INTEGER" />
    <result column="SERVICE_ID" property="serviceId" jdbcType="VARCHAR" />
    <result column="NAME" property="name" jdbcType="VARCHAR" />
    <result column="REPRESENTATIVE_NAME" property="representativeName" jdbcType="VARCHAR" />
    <result column="ADDRESS1" property="address1" jdbcType="VARCHAR" />
    <result column="ADDRESS2" property="address2" jdbcType="VARCHAR" />
    <result column="ADDRESS3" property="address3" jdbcType="VARCHAR" />
    <result column="CITY" property="city" jdbcType="VARCHAR" />
    <result column="STATE" property="state" jdbcType="VARCHAR" />
    <result column="ZIP" property="zip" jdbcType="INTEGER" />
    <result column="MOBILE" property="mobile" jdbcType="VARCHAR" />
    <result column="EMAIL" property="email" jdbcType="VARCHAR" />
    <result column="SERIAL_NO" property="serialNo" jdbcType="VARCHAR" />
    <result column="ACTIVATION_DATE" property="activationDate" jdbcType="DATE" />
    <result column="DURATION" property="duration" jdbcType="INTEGER" />
    <result column="EXPIRY_DATE" property="expiryDate" jdbcType="DATE" />
    <result column="AMOUNT" property="amount" jdbcType="NUMERIC" />
    <result column="CREATED_BY" property="createdBy" jdbcType="VARCHAR" />
    <result column="CREATED_ON" property="createdOn" jdbcType="TIMESTAMP" />
    <result column="MODIFIED_BY" property="modifiedBy" jdbcType="VARCHAR" />
    <result column="MODIFIED_ON" property="modifiedOn" jdbcType="TIMESTAMP" />
    <result column="REPRESENTATIVE_DESIGNATION" property="representativeDesignation" jdbcType="VARCHAR" />
    <result column="BUSINESS_NATURE" property="businessNature" jdbcType="VARCHAR" />
    <result column="IS_INDIVIDUAL" property="isIndividual" jdbcType="BIT" />
    <result column="REMARKS" property="remarks" jdbcType="VARCHAR" />
    <result column="IS_REVERSED" property="isReversed" jdbcType="BIT" />
  </resultMap>
  
  <resultMap id="abatorgenerated_DopServiceSaleResultNew" class="com.tcs.pos.common.data.payment.DopServiceSale" >
    <!--
      WARNING - This element is automatically generated by Abator for iBATIS, do not modify.
      This element was generated on Mon Feb 17 13:05:32 IST 2014.
    -->
    <result column="INVOICE_NO" property="invoiceNo" jdbcType="VARCHAR" />
    <result column="POSTBOX_NO" property="postBoxNo" jdbcType="VARCHAR" />
    <result column="POSTBAG_NO" property="postBagNo" jdbcType="VARCHAR" />
    <result column="LINE_ITEM_ID" property="lineItemId" jdbcType="INTEGER" />
    <result column="SERVICE_ID" property="serviceId" jdbcType="VARCHAR" />
    <result column="NAME" property="name" jdbcType="VARCHAR" />
    <result column="REPRESENTATIVE_NAME" property="representativeName" jdbcType="VARCHAR" />
    <result column="ADDRESS1" property="address1" jdbcType="VARCHAR" />
    <result column="ADDRESS2" property="address2" jdbcType="VARCHAR" />
    <result column="ADDRESS3" property="address3" jdbcType="VARCHAR" />
    <result column="CITY" property="city" jdbcType="VARCHAR" />
    <result column="STATE" property="state" jdbcType="VARCHAR" />
    <result column="ZIP" property="zip" jdbcType="INTEGER" />
    <result column="MOBILE" property="mobile" jdbcType="VARCHAR" />
    <result column="EMAIL" property="email" jdbcType="VARCHAR" />
    <result column="SERIAL_NO" property="serialNo" jdbcType="VARCHAR" />
    <result column="ACTIVATION_DATE" property="activationDate" jdbcType="DATE" />
    <result column="DURATION" property="duration" jdbcType="INTEGER" />
    <result column="EXPIRY_DATE" property="expiryDate" jdbcType="DATE" />
    <result column="AMOUNT" property="amount" jdbcType="NUMERIC" />
    <result column="CREATED_BY" property="createdBy" jdbcType="VARCHAR" />
    <result column="CREATED_ON" property="createdOn" jdbcType="TIMESTAMP" />
    <result column="MODIFIED_BY" property="modifiedBy" jdbcType="VARCHAR" />
    <result column="MODIFIED_ON" property="modifiedOn" jdbcType="TIMESTAMP" />
    <result column="REPRESENTATIVE_DESIGNATION" property="representativeDesignation" jdbcType="VARCHAR" />
    <result column="BUSINESS_NATURE" property="businessNature" jdbcType="VARCHAR" />
    <result column="IS_INDIVIDUAL" property="isIndividual" jdbcType="BIT" />
    <result column="REMARKS" property="remarks" jdbcType="VARCHAR" />
    <result column="IS_REVERSED" property="isReversed" jdbcType="BIT" />
  </resultMap>
   <resultMap id="abatorgenerated_DopServiceSaleResult_New" class="com.tcs.pos.common.data.payment.DopServiceSale" >
    <!--
      WARNING - This element is automatically generated by Abator for iBATIS, do not modify.
      This element was generated on Mon Feb 17 13:05:32 IST 2014.
    -->
    <result column="SERVICE_NAME" property="serviceName" jdbcType="VARCHAR" />
    <result column="AMOUNT" property="amount" jdbcType="REAL" />
  </resultMap>
  <select id="abatorgenerated_selectByPrimaryKey" resultMap="abatorgenerated_DopServiceSaleResultNew" parameterClass="com.tcs.pos.common.data.payment.DopServiceSale" >
    <!--
      WARNING - This element is automatically generated by Abator for iBATIS, do not modify.
      This element was generated on Mon Feb 17 13:05:32 IST 2014.
    -->
     select INVOICE_NO, LINE_ITEM_ID, SERVICE_ID, NAME, REPRESENTATIVE_NAME, ADDRESS1, ADDRESS2, ADDRESS3, CITY, STATE, 
     ZIP, MOBILE, EMAIL, SERIAL_NO, ACTIVATION_DATE, DURATION, EXPIRY_DATE, AMOUNT, CREATED_BY, CREATED_ON, MODIFIED_BY, MODIFIED_ON, 
     REPRESENTATIVE_DESIGNATION, BUSINESS_NATURE, IS_INDIVIDUAL, REMARKS, IS_REVERSED,POSTBAG_NO, POSTBOX_NO 
     from DOP_POSTBOXBAG_SALE 
     where INVOICE_NO = #invoiceNo:VARCHAR# and LINE_ITEM_ID = #lineItemId:INTEGER# FOR READ ONLY

  </select>
  <delete id="abatorgenerated_deleteByPrimaryKey" parameterClass="com.tcs.pos.common.data.payment.DopServiceSaleKey" >
    <!--
      WARNING - This element is automatically generated by Abator for iBATIS, do not modify.
      This element was generated on Mon Feb 17 13:05:32 IST 2014.
    -->
    delete from DOP_POSTBOXBAG_SALE
    where INVOICE_NO = #invoiceNo:VARCHAR#
      and LINE_ITEM_ID = #lineItemId:INTEGER#
  </delete>
  <insert id="abatorgenerated_insert" parameterClass="com.tcs.pos.common.data.payment.DopServiceSale" >
    <!--
      WARNING - This element is automatically generated by Abator for iBATIS, do not modify.
      This element was generated on Mon Feb 17 13:05:32 IST 2014.
    -->
    insert into DOP_POSTBOXBAG_SALE (INVOICE_NO, LINE_ITEM_ID, SERVICE_ID, NAME, REPRESENTATIVE_NAME,
      ADDRESS1, ADDRESS2, ADDRESS3, CITY, STATE, ZIP, MOBILE, EMAIL, SERIAL_NO, ACTIVATION_DATE,
      DURATION, EXPIRY_DATE, AMOUNT, CREATED_BY, CREATED_ON, MODIFIED_BY, MODIFIED_ON,
      REPRESENTATIVE_DESIGNATION, BUSINESS_NATURE, IS_INDIVIDUAL,IS_REVERSED,POSTBOX_NO,POSTBAG_NO,SANCTION_NO)
    values (#invoiceNo:VARCHAR#, #lineItemId:INTEGER#, #serviceId:VARCHAR#, #name:VARCHAR#,
      #representativeName:VARCHAR#, #address1:VARCHAR#, #address2:VARCHAR#, #address3:VARCHAR#,
      #city:VARCHAR#, #state:VARCHAR#, #zip:INTEGER#, #mobile:VARCHAR#, #email:VARCHAR#,
      #serialNo:VARCHAR#, #activationDate:DATE#, #duration:INTEGER#, #expiryDate:DATE#,
      #amount:REAL#, #createdBy:VARCHAR#, getdate(), #modifiedBy:VARCHAR#,
      getdate(), #representativeDesignation:VARCHAR#, #businessNature:VARCHAR#,
      #isIndividual:BIT#,#isReversed:BIT#,#postBoxNo:VARCHAR#,#postBagNo:VARCHAR#,#sanctionNo:VARCHAR#)
  </insert>
  <update id="abatorgenerated_updateByPrimaryKey" parameterClass="com.tcs.pos.common.data.payment.DopServiceSale" >
    <!--
      WARNING - This element is automatically generated by Abator for iBATIS, do not modify.
      This element was generated on Mon Feb 17 13:05:32 IST 2014.
    -->
    update DOP_POSTBOXBAG_SALE
    set SERVICE_ID = #serviceId:VARCHAR#,
      NAME = #name:VARCHAR#,
      REPRESENTATIVE_NAME = #representativeName:VARCHAR#,
      ADDRESS1 = #address1:VARCHAR#,
      ADDRESS2 = #address2:VARCHAR#,
      ADDRESS3 = #address3:VARCHAR#,
      CITY = #city:VARCHAR#,
      STATE = #state:VARCHAR#,
      ZIP = #zip:INTEGER#,
      MOBILE = #mobile:VARCHAR#,
      EMAIL = #email:VARCHAR#,
      SERIAL_NO = #serialNo:VARCHAR#,
      ACTIVATION_DATE = #activationDate:DATE#,
      DURATION = #duration:INTEGER#,
      EXPIRY_DATE = #expiryDate:DATE#,
      AMOUNT = #amount:REAL#,
      CREATED_BY = #createdBy:VARCHAR#,
      CREATED_ON = getdate(),
      MODIFIED_BY = #modifiedBy:VARCHAR#,
      MODIFIED_ON = getdate(),
      REPRESENTATIVE_DESIGNATION = #representativeDesignation:VARCHAR#,
      BUSINESS_NATURE = #businessNature:VARCHAR#,
      IS_INDIVIDUAL = #isIndividual:BIT#
    where INVOICE_NO = #invoiceNo:VARCHAR#
      and LINE_ITEM_ID = #lineItemId:INTEGER#
  </update>
  <update id="abatorgenerated_updateByPrimaryKeySelective" parameterClass="com.tcs.pos.common.data.payment.DopServiceSale" >
    <!--
      WARNING - This element is automatically generated by Abator for iBATIS, do not modify.
      This element was generated on Mon Feb 17 13:05:32 IST 2014.
    -->
    update DOP_POSTBOXBAG_SALE
    <dynamic prepend="set" >
      <isNotNull prepend="," property="serviceId" >
        SERVICE_ID = #serviceId:VARCHAR#
      </isNotNull>
      <isNotNull prepend="," property="name" >
        NAME = #name:VARCHAR#
      </isNotNull>
      <isNotNull prepend="," property="representativeName" >
        REPRESENTATIVE_NAME = #representativeName:VARCHAR#
      </isNotNull>
      <isNotNull prepend="," property="address1" >
        ADDRESS1 = #address1:VARCHAR#
      </isNotNull>
      <isNotNull prepend="," property="address2" >
        ADDRESS2 = #address2:VARCHAR#
      </isNotNull>
      <isNotNull prepend="," property="address3" >
        ADDRESS3 = #address3:VARCHAR#
      </isNotNull>
      <isNotNull prepend="," property="city" >
        CITY = #city:VARCHAR#
      </isNotNull>
      <isNotNull prepend="," property="state" >
        STATE = #state:VARCHAR#
      </isNotNull>
      <isNotNull prepend="," property="zip" >
        ZIP = #zip:INTEGER#
      </isNotNull>
      <isNotNull prepend="," property="mobile" >
        MOBILE = #mobile:VARCHAR#
      </isNotNull>
      <isNotNull prepend="," property="email" >
        EMAIL = #email:VARCHAR#
      </isNotNull>
      <isNotNull prepend="," property="serialNo" >
        SERIAL_NO = #serialNo:VARCHAR#
      </isNotNull>
      <isNotNull prepend="," property="activationDate" >
        ACTIVATION_DATE = #activationDate:DATE#
      </isNotNull>
      <isNotNull prepend="," property="duration" >
        DURATION = #duration:INTEGER#
      </isNotNull>
      <isNotNull prepend="," property="expiryDate" >
        EXPIRY_DATE = #expiryDate:DATE#
      </isNotNull>
      <isNotNull prepend="," property="amount" >
        AMOUNT = #amount:REAL#
      </isNotNull>
      <isNotNull prepend="," property="createdBy" >
        CREATED_BY = #createdBy:VARCHAR#
      </isNotNull>
      <isNotNull prepend="," property="createdOn" >
        CREATED_ON = getdate()
      </isNotNull>
      <isNotNull prepend="," property="modifiedBy" >
        MODIFIED_BY = #modifiedBy:VARCHAR#
      </isNotNull>
      <isNotNull prepend="," property="modifiedOn" >
        MODIFIED_ON = getdate()
      </isNotNull>
      <isNotNull prepend="," property="representativeDesignation" >
        REPRESENTATIVE_DESIGNATION = #representativeDesignation:VARCHAR#
      </isNotNull>
      <isNotNull prepend="," property="businessNature" >
        BUSINESS_NATURE = #businessNature:VARCHAR#
      </isNotNull>
      <isNotNull prepend="," property="isIndividual" >
        IS_INDIVIDUAL = #isIndividual:BIT#
      </isNotNull>
      <isNotNull prepend="," property="sanctionNo" >
        SANCTION_NO = #sanctionNo:VARCHAR#
      </isNotNull>
    </dynamic>
	where INVOICE_NO = #invoiceNo:VARCHAR#
	and LINE_ITEM_ID = #lineItemId:INTEGER#
	<dynamic>
		<isNotNull>
			<isNotEmpty prepend="AND" property="postBoxNo">
				POSTBOX_NO = #postBoxNo:VARCHAR#
      		</isNotEmpty>
		</isNotNull>
		<isNotEmpty prepend="AND" property="postBagNo">
			POSTBAG_NO = #postBagNo:VARCHAR#
        </isNotEmpty>
	</dynamic>
  </update>
      <select id="abatorgenerated_selectByPoNumber" resultMap="abatorgenerated_DopServiceSaleResult" parameterClass="com.tcs.pos.common.data.payment.DopServiceSale" >
    <!--
      WARNING - This element is automatically generated by Abator for iBATIS, do not modify.
      This element was generated on Wed Feb 12 15:37:27 IST 2014.
    -->
	SELECT TOP 1 dpbbs.INVOICE_NO, dpbbs.POSTBOX_NO, dpbbs.POSTBAG_NO, dpbbs.LINE_ITEM_ID, dpbbs.SERVICE_ID, dpbbs.NAME, dpbbs.REPRESENTATIVE_NAME,dpbbs.REMARKS,dpbbs.IS_REVERSED, dpbbs.ADDRESS1, dpbbs.ADDRESS2,
    dpbbs.ADDRESS3, dpbbs.CITY, dpbbs.STATE, dpbbs.ZIP, dpbbs.MOBILE, dpbbs.EMAIL, dpbbs.SERIAL_NO, dpbbs.ACTIVATION_DATE, dpbbs.DURATION, dpbbs.EXPIRY_DATE,
    dpbbs.AMOUNT, dpbbs.CREATED_BY, dpbbs.CREATED_ON, dpbbs.MODIFIED_BY, dpbbs.MODIFIED_ON,dpbbs.REPRESENTATIVE_DESIGNATION,dpbbs.BUSINESS_NATURE,dpbbs.IS_INDIVIDUAL,
    dpbbs.POSTBAG_NO,dpbbs.POSTBOX_NO
    from DOP_POSTBOXBAG_SALE dpbbs INNER JOIN INVOICE i on i.SYS_INVOICE_NO=dpbbs.INVOICE_NO
    where  dpbbs.SERIAL_NO='A'
    AND i.STATUS='I'
    AND (i.BILL_VOID_FLG ='N' or i.BILL_VOID_FLG is null)
    AND (i.BILL_ON_HOLD_FLG='N' or i.BILL_ON_HOLD_FLG is null)
    <!--getDate() BETWEEN ACTIVATION_DATE and EXPIRY_DATE -->
    <dynamic > 
    			<isNotNull>
      			<isNotEmpty prepend="AND" property="postBoxNo" >				
      				dpbbs.POSTBOX_NO = #postBoxNo:VARCHAR#
      			</isNotEmpty>
      			</isNotNull>
		      	<isNotEmpty prepend="AND" property="postBagNo" >
 					dpbbs.POSTBAG_NO = #postBagNo:VARCHAR#
                </isNotEmpty>
	</dynamic>
    ORDER BY dpbbs.EXPIRY_DATE FOR READ ONLY
  </select>
      <select id="fetchMiscSvcPostBagTranDetails" resultMap="abatorgenerated_DopServiceSaleResult_New" parameterClass="com.tcs.pos.common.data.payment.DopServiceSale" >
    <!--
      WARNING - This element is automatically generated by Abator for iBATIS, do not modify.
      This element was generated on Wed Feb 12 15:37:27 IST 2014.
    -->
	select DISTINCT psm.SERVICE_NAME, sum(dss.AMOUNT) as AMOUNT from  invoice i
	inner join DOP_POSTBOXBAG_SALE dss on i.SYS_INVOICE_NO=dss.INVOICE_NO
	inner join POSTAL_SERVICE_MASTER psm  on dss.SERVICE_ID=psm.SERVICE_ID
	where  
	i.invoice_date =#invoiceDate:DATE#
	and i.cashier_id=#cashierId:VARCHAR#  
	and i.shift_no=#shiftNo:CHAR#
	and i.STORE_ID =#storeId:VARCHAR#
	and i.STATUS ='I'
	and i.TILL_NO =#tillNo:INTEGER#
	and i.INVOICE_TYPE_ID = '1'
	and (i.BILL_VOID_FLG is null or i.BILL_VOID_FLG = 'N')
	and (i.BILL_ON_HOLD_FLG is null or i.BILL_ON_HOLD_FLG = 'N')
	GROUP BY psm.SERVICE_NAME FOR READ ONLY
  </select>
  
  <resultMap id="abatorgenerated_initDataForTable" class="com.tcs.dop.common.data.postbagboxtempbooking.DopPostboxbagSale" >
  	<result column="AMOUNT" property="amount" jdbcType="NUMERIC" />
    <result column="SERVICE_NAME" property="serviceName" jdbcType="VARCHAR" />
    <result column="CREATED_ON" property="createdOn" jdbcType="TIMESTAMP" />
  </resultMap>
  <select id="initDataForTable" resultMap="abatorgenerated_initDataForTable" parameterClass="com.tcs.dop.common.data.postbagboxtempbooking.DopPostboxbagSale" >
    select dps.AMOUNT, psm.SERVICE_NAME, dps.CREATED_ON
    from DOP_POSTBOXBAG_SALE AS dps inner join POSTAL_SERVICE_MASTER AS psm, LOGIN_REGISTER AS lr, INVOICE iv
	where dps.SERVICE_ID=#serviceId:VARCHAR# and dps.CREATED_BY=#createdBy:VARCHAR#
	  and lr.USER_ID=dps.CREATED_BY and lr.SHIFT_NO=#shiftNo:VARCHAR# and lr.LOGOUT_TIME is NULL
	  and dps.INVOICE_NO=iv.SYS_INVOICE_NO and iv.STATUS='I' and (iv.BILL_ON_HOLD_FLG ='N' or iv.BILL_ON_HOLD_FLG is NULL) and (iv.BILL_VOID_FLG ='N' or iv.BILL_VOID_FLG is NULL) 
      and convert(date,iv.INVOICE_DATE)=#storeDate:DATE# FOR READ ONLY
  </select> 
  
    <update id="abatorgenerated_updateByPostBagNoForAddressChange"  parameterClass="com.tcs.pos.common.data.payment.DopServiceSale" >
    <!--
      WARNING - This element is automatically generated by Abator for iBATIS, do not modify.
      This element was generated on Mon Feb 17 13:05:32 IST 2014.
    -->
    update DOP_POSTBOXBAG_SALE
    set 
      ADDRESS1 = #address1:VARCHAR#,
      ADDRESS2 = #address2:VARCHAR#,
      ADDRESS3 = #address3:VARCHAR#,
      CITY = #city:VARCHAR#,
      STATE = #state:VARCHAR#,
      ZIP = #zip:INTEGER# ,
      REPRESENTATIVE_NAME = #representativeName:VARCHAR#,
      REPRESENTATIVE_DESIGNATION = #representativeDesignation:VARCHAR#,
      MODIFIED_BY=#modifiedBy:VARCHAR#,
      MODIFIED_ON=getdate()     
      where INVOICE_NO = #invoiceNo:VARCHAR#
      and LINE_ITEM_ID = #lineItemId:INTEGER#
      <dynamic>
		<isNotNull>
			<isNotEmpty prepend="AND" property="postBoxNo">
				POSTBOX_NO = #postBoxNo:VARCHAR#
      		</isNotEmpty>
		</isNotNull>
		<isNotEmpty prepend="AND" property="postBagNo">
			POSTBAG_NO = #postBagNo:VARCHAR#
        </isNotEmpty>
	</dynamic>
  </update>
  
  
   <update id="abatorgenerated_updateByPostBagNoForDuplicateKey"  parameterClass="com.tcs.pos.common.data.payment.DopServiceSale" >
    <!--
      WARNING - This element is automatically generated by Abator for iBATIS, do not modify.
      This element was generated on Mon Feb 17 13:05:32 IST 2014.
    -->
    update DOP_POSTBOXBAG_SALE
    set 
     AMOUNT = #amount:REAL#,
     SANCTION_NO = #sanctionNo:VARCHAR#,
     MODIFIED_BY=#modifiedBy:VARCHAR#,
     MODIFIED_ON=getdate()
    where INVOICE_NO = #invoiceNo:VARCHAR#
      and LINE_ITEM_ID = #lineItemId:INTEGER#
      and SERIAL_NO = #serialNo:VARCHAR#
  </update>
  <update id="abatorgenerated_updateForPoBoxCancel"  parameterClass="com.tcs.dop.common.data.postbagboxtempbooking.DopPostboxbagSale" >
    <!--
      WARNING - This element is automatically generated by Abator for iBATIS, do not modify.
      This element was generated on Mon Feb 17 13:05:32 IST 2014.
    -->
    update DOP_POSTBOXBAG_SALE
    set SERIAL_NO=#serialNo:VARCHAR#,
    EXPIRY_DATE=#expiryDate:DATE#, MODIFIED_BY=#modifiedBy:VARCHAR#,MODIFIED_ON=getdate(),REMARKS=#remarks:VARCHAR#
    where INVOICE_NO = #invoiceNo:VARCHAR#
    and LINE_ITEM_ID = #lineItemId:INTEGER#
    <dynamic>
		<isNotNull>
			<isNotEmpty prepend="AND" property="postBoxNo">
				POSTBOX_NO = #postBoxNo:VARCHAR#
      		</isNotEmpty>
		</isNotNull>
		<isNotEmpty prepend="AND" property="postBagNo">
			POSTBAG_NO = #postBagNo:VARCHAR#
        </isNotEmpty>
	</dynamic>
  </update>
  <select id="getPoBagBoxByInvoiceNo" resultMap="abatorgenerated_DopServiceSaleResult" parameterClass="com.tcs.pos.common.data.payment.DopServiceSale" >
	SELECT TOP 1 dpbbs.INVOICE_NO, dpbbs.POSTBOX_NO, dpbbs.POSTBAG_NO, dpbbs.LINE_ITEM_ID, dpbbs.SERVICE_ID, dpbbs.NAME, dpbbs.REPRESENTATIVE_NAME,dpbbs.REMARKS,dpbbs.IS_REVERSED, dpbbs.ADDRESS1, dpbbs.ADDRESS2,
    dpbbs.ADDRESS3, dpbbs.CITY, dpbbs.STATE, dpbbs.ZIP, dpbbs.MOBILE, dpbbs.EMAIL, dpbbs.SERIAL_NO, dpbbs.ACTIVATION_DATE, dpbbs.DURATION, dpbbs.EXPIRY_DATE,
    dpbbs.AMOUNT, dpbbs.CREATED_BY, dpbbs.CREATED_ON, dpbbs.MODIFIED_BY, dpbbs.MODIFIED_ON,dpbbs.REPRESENTATIVE_DESIGNATION,dpbbs.BUSINESS_NATURE,dpbbs.IS_INDIVIDUAL,
    dpbbs.POSTBAG_NO, dpbbs.POSTBOX_NO
    from DOP_POSTBOXBAG_SALE dpbbs INNER JOIN INVOICE i on i.SYS_INVOICE_NO=dpbbs.INVOICE_NO
    where dpbbs.INVOICE_NO = #invoiceNo:VARCHAR# and dpbbs.SERIAL_NO='A' 
    AND i.STATUS='I'
    AND (i.BILL_VOID_FLG ='N' or i.BILL_VOID_FLG is null)
    AND (i.BILL_ON_HOLD_FLG='N' or i.BILL_ON_HOLD_FLG is null)
    FOR READ ONLY <!--getDate() BETWEEN ACTIVATION_DATE and EXPIRY_DATE ORDER BY EXPIRY_DATE -->
  </select>
  
   <update id="updateOldReference"  parameterClass="com.tcs.pos.common.data.payment.DopServiceSale" >
	update DOP_POSTBOXBAG_SALE
	set
	MODIFIED_BY=#modifiedBy:VARCHAR#,
	MODIFIED_ON=getdate(),
	SERIAL_NO=#serialNo:VARCHAR#
	where INVOICE_NO = #invoiceNo:VARCHAR#
	and LINE_ITEM_ID = #lineItemId:INTEGER#
	<dynamic>
		<isNotNull>
			<isNotEmpty prepend="AND" property="postBoxNo">
				POSTBOX_NO = #postBoxNo:VARCHAR#
      		</isNotEmpty>
		</isNotNull>
		<isNotEmpty prepend="AND" property="postBagNo">
			POSTBAG_NO = #postBagNo:VARCHAR#
        </isNotEmpty>
	</dynamic>
  </update>
</sqlMap>