<?xml version="1.0" encoding="UTF-8" ?>
<!DOCTYPE sqlMap PUBLIC "-//ibatis.apache.org//DTD SQL Map 2.0//EN" "http://ibatis.apache.org/dtd/sql-map-2.dtd" >
<sqlMap namespace="POSTAL_CASH_MANAGEMENT" >
  <resultMap id="abatorgenerated_PostalCashManagementResult" class="com.tcs.pos.common.data.dayactivites.workallocation.PostalCashManagement" >
    <!--
      WARNING - This element is automatically generated by Abator for iBATIS, do not modify.
      This element was generated on Mon Feb 17 15:56:21 GMT+05:30 2014.
    -->
    <result column="CASH_MANAGEMENT_ID" property="cashManagementId" jdbcType="BIGINT" />
    <result column="FORMAT_ID" property="formatId" jdbcType="VARCHAR" />
    <result column="STORE_ID" property="storeId" jdbcType="VARCHAR" />
    <result column="TILL_NO" property="tillNo" jdbcType="INTEGER" />
    <result column="BUSINESS_DATE" property="businessDate" jdbcType="DATE" />
    <result column="SHIFT_NO" property="shiftNo" jdbcType="INTEGER" />
    <result column="CASH_DENOMINATION_ID" property="cashDenominationId" jdbcType="INTEGER" />
    <result column="QUANTITY" property="quantity" jdbcType="INTEGER" />
    <result column="TOTAL_AMOUNT" property="totalAmount" jdbcType="REAL" />
    <result column="IS_POSITIVE_AMOUNT" property="isPositiveAmount" jdbcType="BIT" />
    <result column="REMARKS" property="remarks" jdbcType="VARCHAR" />
    <result column="CREATED_BY" property="createdBy" jdbcType="VARCHAR" />
    <result column="CREATED_ON" property="createdOn" jdbcType="TIMESTAMP" />
    <result column="MODIFIED_BY" property="modifiedBy" jdbcType="VARCHAR" />
    <result column="MODIFIED_ON" property="modifiedOn" jdbcType="TIMESTAMP" />
  </resultMap>
  <select id="abatorgenerated_selectByPrimaryKey" resultMap="abatorgenerated_PostalCashManagementResult" parameterClass="com.tcs.pos.common.data.dayactivites.workallocation.PostalCashManagementKey" >
    <!--
      WARNING - This element is automatically generated by Abator for iBATIS, do not modify.
      This element was generated on Mon Feb 17 15:56:21 GMT+05:30 2014.
    -->
    select CASH_MANAGEMENT_ID, FORMAT_ID, STORE_ID, TILL_NO, BUSINESS_DATE, SHIFT_NO,
      CASH_DENOMINATION_ID, QUANTITY, TOTAL_AMOUNT, IS_POSITIVE_AMOUNT, REMARKS, CREATED_BY,
      CREATED_ON, MODIFIED_BY, MODIFIED_ON
    from POSTAL_CASH_MANAGEMENT
    where CASH_MANAGEMENT_ID = #cashManagementId:BIGINT#
      and FORMAT_ID = #formatId:VARCHAR#
      and STORE_ID = #storeId:VARCHAR# FOR READ ONLY
  </select>
  <delete id="abatorgenerated_deleteByPrimaryKey" parameterClass="com.tcs.pos.common.data.dayactivites.workallocation.PostalCashManagementKey" >
    <!--
      WARNING - This element is automatically generated by Abator for iBATIS, do not modify.
      This element was generated on Mon Feb 17 15:56:21 GMT+05:30 2014.
    -->
    delete from POSTAL_CASH_MANAGEMENT
    where CASH_MANAGEMENT_ID = #cashManagementId:BIGINT#
      and FORMAT_ID = #formatId:VARCHAR#
      and STORE_ID = #storeId:VARCHAR#
  </delete>
  <insert id="abatorgenerated_insert" parameterClass="com.tcs.pos.common.data.dayactivites.workallocation.PostalCashManagement" >
    <!--
      WARNING - This element is automatically generated by Abator for iBATIS, do not modify.
      This element was generated on Mon Feb 17 15:56:21 GMT+05:30 2014.
    -->
    insert into POSTAL_CASH_MANAGEMENT (CASH_MANAGEMENT_ID, FORMAT_ID, STORE_ID, TILL_NO,
      BUSINESS_DATE, SHIFT_NO, CASH_DENOMINATION_ID, QUANTITY, TOTAL_AMOUNT, IS_POSITIVE_AMOUNT,
      REMARKS, CREATED_BY, CREATED_ON, MODIFIED_BY, MODIFIED_ON)
    values (#cashManagementId:BIGINT#, #formatId:VARCHAR#, #storeId:VARCHAR#, #tillNo:INTEGER#,
      #businessDate:DATE#, #shiftNo:INTEGER#, #cashDenominationId:INTEGER#, #quantity:INTEGER#,
      #totalAmount:REAL#, #isPositiveAmount:BIT#, #remarks:VARCHAR#, #createdBy:VARCHAR#,
      getdate(), #modifiedBy:VARCHAR#, getdate())
  </insert>
  <update id="abatorgenerated_updateByPrimaryKey" parameterClass="com.tcs.pos.common.data.dayactivites.workallocation.PostalCashManagement" >
    <!--
      WARNING - This element is automatically generated by Abator for iBATIS, do not modify.
      This element was generated on Mon Feb 17 15:56:21 GMT+05:30 2014.
    -->
    update POSTAL_CASH_MANAGEMENT
    set TILL_NO = #tillNo:INTEGER#,
      BUSINESS_DATE = #businessDate:DATE#,
      SHIFT_NO = #shiftNo:INTEGER#,
      CASH_DENOMINATION_ID = #cashDenominationId:INTEGER#,
      QUANTITY = #quantity:INTEGER#,
      TOTAL_AMOUNT = #totalAmount:REAL#,
      IS_POSITIVE_AMOUNT = #isPositiveAmount:BIT#,
      REMARKS = #remarks:VARCHAR#,
      CREATED_BY = #createdBy:VARCHAR#,
      CREATED_ON = getdate(),
      MODIFIED_BY = #modifiedBy:VARCHAR#,
      MODIFIED_ON = getdate()
    where CASH_MANAGEMENT_ID = #cashManagementId:BIGINT#
      and FORMAT_ID = #formatId:VARCHAR#
      and STORE_ID = #storeId:VARCHAR#
  </update>
  <update id="abatorgenerated_updateByPrimaryKeySelective" parameterClass="com.tcs.pos.common.data.dayactivites.workallocation.PostalCashManagement" >
    <!--
      WARNING - This element is automatically generated by Abator for iBATIS, do not modify.
      This element was generated on Mon Feb 17 15:56:21 GMT+05:30 2014.
    -->
    update POSTAL_CASH_MANAGEMENT
    <dynamic prepend="set" >
      <isNotNull prepend="," property="tillNo" >
        TILL_NO = #tillNo:INTEGER#
      </isNotNull>
      <isNotNull prepend="," property="businessDate" >
        BUSINESS_DATE = #businessDate:DATE#
      </isNotNull>
      <isNotNull prepend="," property="shiftNo" >
        SHIFT_NO = #shiftNo:INTEGER#
      </isNotNull>
      <isNotNull prepend="," property="cashDenominationId" >
        CASH_DENOMINATION_ID = #cashDenominationId:INTEGER#
      </isNotNull>
      <isNotNull prepend="," property="quantity" >
        QUANTITY = #quantity:INTEGER#
      </isNotNull>
      <isNotNull prepend="," property="totalAmount" >
        TOTAL_AMOUNT = #totalAmount:REAL#
      </isNotNull>
      <isNotNull prepend="," property="isPositiveAmount" >
        IS_POSITIVE_AMOUNT = #isPositiveAmount:BIT#
      </isNotNull>
      <isNotNull prepend="," property="remarks" >
        REMARKS = #remarks:VARCHAR#
      </isNotNull>
      <isNotNull prepend="," property="createdBy" >
        CREATED_BY = #createdBy:VARCHAR#
      </isNotNull>
      <isNotNull prepend="," property="createdOn" >
        CREATED_ON = getdate()
      </isNotNull>
      <isNotNull prepend="," property="modifiedBy" >
        MODIFIED_BY = #modifiedBy:VARCHAR#
      </isNotNull>
      <isNotNull prepend="," property="modifiedOn" >
        MODIFIED_ON = getdate()
      </isNotNull>
    </dynamic>
    where CASH_MANAGEMENT_ID = #cashManagementId:BIGINT#
      and FORMAT_ID = #formatId:VARCHAR#
      and STORE_ID = #storeId:VARCHAR#
  </update>
  
   <select id="fetchMaxCashManagementId" resultClass="java.lang.Long" parameterClass="com.tcs.pos.common.data.dayactivites.workallocation.PostalCashManagementKey" >
    <!--
      WARNING - This element is automatically generated by Abator for iBATIS, do not modify.
      This element was generated on Mon Feb 17 15:56:21 GMT+05:30 2014.
    -->
    select max(CASH_MANAGEMENT_ID + 1) from POSTAL_CASH_MANAGEMENT FOR READ ONLY
    
  </select>
  <update id="updateAccept" parameterClass="com.tcs.pos.common.data.dayactivites.workallocation.PostalCashManagement" >
    <!--
      WARNING - This element is automatically generated by Abator for iBATIS, do not modify.
      This element was generated on Mon Feb 17 15:56:21 GMT+05:30 2014.
    -->
    update POSTAL_CASH_MANAGEMENT
  	 set
        TILL_NO = #tillNo:INTEGER#,
        SHIFT_NO = #shiftNo:INTEGER# ,      
        MODIFIED_BY = #modifiedBy:VARCHAR#,
        MODIFIED_ON = getdate()
    where QUANTITY = #quantity:INTEGER#
      and TOTAL_AMOUNT = #totalAmount:REAL#
      and FORMAT_ID = #formatId:VARCHAR#
      and STORE_ID = #storeId:VARCHAR#
  </update>
</sqlMap>