<?xml version="1.0" encoding="UTF-8" ?>
<!DOCTYPE sqlMap PUBLIC "-//ibatis.apache.org//DTD SQL Map 2.0//EN" "http://ibatis.apache.org/dtd/sql-map-2.dtd" >
<sqlMap namespace="DOP_MISCELLANEOUS_SERVICE_SALE" >
  <resultMap id="abatorgenerated_DopMiscellaneousServiceSaleResult" class="com.tcs.dop.pos.common.data.miscservice.DopMiscellaneousServiceSale" >
    <!--
      WARNING - This element is automatically generated by Abator for iBATIS, do not modify.
      This element was generated on Fri Feb 14 18:45:05 GMT+05:30 2014.
    -->
    <result column="INVOICE_NO" property="invoiceNo" jdbcType="VARCHAR" />
    <result column="LINE_ITEM_ID" property="lineItemId" jdbcType="INTEGER" />
    <result column="SERVICE_ID" property="serviceId" jdbcType="VARCHAR" />
    <result column="CREATED_BY" property="createdBy" jdbcType="VARCHAR" />
    <result column="CREATED_ON" property="createdOn" jdbcType="TIMESTAMP" />
    <result column="MODIFIED_BY" property="modifiedBy" jdbcType="VARCHAR" />
    <result column="MODIFIED_ON" property="modifiedOn" jdbcType="TIMESTAMP" />
  </resultMap>
  <resultMap id="abatorgenerated_DopMiscellaneousServiceSaleResultWithBLOBs" class="com.tcs.dop.pos.common.data.miscservice.DopMiscellaneousServiceSale" extends="DOP_MISCELLANEOUS_SERVICE_SALE.abatorgenerated_DopMiscellaneousServiceSaleResult" >
    <!--
      WARNING - This element is automatically generated by Abator for iBATIS, do not modify.
      This element was generated on Fri Feb 14 18:45:05 GMT+05:30 2014.
    -->
    <result column="TRANSACTION_DETAIL" property="transactionDetail" jdbcType="LONGVARCHAR" />
  </resultMap>
  <resultMap id="abatorgenerated_DopMiscellaneousServiceSaleResultWithBLOB" class="com.tcs.dop.pos.common.data.miscservice.DopMiscellaneousServiceSale"  >
    <!--
      WARNING - This element is automatically generated by Abator for iBATIS, do not modify.
      This element was generated on Fri Feb 14 18:45:05 GMT+05:30 2014.
    -->
    <result column="TRANSACTION_DETAIL" property="transactionDetail" jdbcType="BLOB" />
    <result column="INVOICE_NO" property="invoiceNo" jdbcType="VARCHAR" />
    <result column="LINE_ITEM_ID" property="lineItemId" jdbcType="INTEGER" />
    <result column="SERVICE_ID" property="serviceId" jdbcType="VARCHAR" />
    <result column="CREATED_BY" property="createdBy" jdbcType="VARCHAR" />
    <result column="CREATED_ON" property="createdOn" jdbcType="TIMESTAMP" />
    <result column="MODIFIED_BY" property="modifiedBy" jdbcType="VARCHAR" />
    <result column="MODIFIED_ON" property="modifiedOn" jdbcType="TIMESTAMP" />
  </resultMap>
  <resultMap id="abatorgenerated_DopMiscellaneousServiceSale_New" class="com.tcs.dop.pos.common.data.miscservice.DopMiscellaneousServiceSale"  >
    <!--
      WARNING - This element is automatically generated by Abator for iBATIS, do not modify.
      This element was generated on Fri Feb 14 18:45:05 GMT+05:30 2014.
    -->
    <result column="SERVICE_NAME" property="serviceName" jdbcType="VARCHAR" />
    <result column="TOTAL_AMOUNT" property="totalAmount" jdbcType="REAL" />
  </resultMap>
  
  <resultMap id="serviceWiseSale" class="com.tcs.dop.pos.common.data.miscservice.DopMiscellaneousServiceSale" >
  	<result column="ARTICLE_NO" property="articleNo" jdbcType="VARCHAR" />
  	<result column="INVOICE_NO" property="invoiceNo" jdbcType="VARCHAR" />
    <result column="SERVICE_NAME" property="serviceName" jdbcType="VARCHAR" />
    <result column="PREPAID_AMOUNT" property="prepaidAmount" jdbcType="REAL" />
    <result column="TOTAL_AMOUNT" property="totalAmount" jdbcType="REAL" />
    <result column="CREATED_ON" property="createdOn" jdbcType="TIMESTAMP" />
    <result column="STATUS" property="status" jdbcType="CHAR" />
    <result column="IS_INSURED" property="isInsured" jdbcType="BIT" />
    <result column="VPP_AMOUNT" property="vppAmount" jdbcType="REAL" />
    <result column="INSURANCE_AMOUNT" property="insuranceAmount" jdbcType="REAL" />
    <result column="COD_AMOUNT" property="codAmount" jdbcType="REAL" />
  	<result column="TRANSACTION_DETAIL" property="transactionDetail" jdbcType="BLOB" />
  	<result column="CHANNEL" property="channel" jdbcType="VARCHAR" />
  </resultMap>
  
  <resultMap id="VASDetails" class="com.tcs.dop.pos.common.data.miscservice.DopMiscellaneousServiceSale" >
  	<result column="PREPAID_AMOUNT" property="prepaidAmount" jdbcType="REAL" />
    <result column="TOTAL_AMOUNT" property="totalAmount" jdbcType="REAL" />
    <result column="VPP_AMOUNT" property="vppAmount" jdbcType="REAL" />
    <result column="INSURANCE_AMOUNT" property="insuranceAmount" jdbcType="REAL" />
    <result column="COD_AMOUNT" property="codAmount" jdbcType="REAL" />
  </resultMap>
  
  <select id="abatorgenerated_selectByPrimaryKey" resultMap="abatorgenerated_DopMiscellaneousServiceSaleResultWithBLOBs" parameterClass="com.tcs.dop.pos.common.data.miscservice.DopMiscellaneousServiceSaleKey" >
    <!--
      WARNING - This element is automatically generated by Abator for iBATIS, do not modify.
      This element was generated on Fri Feb 14 18:45:05 GMT+05:30 2014.
    -->
    select INVOICE_NO, LINE_ITEM_ID, SERVICE_ID, CREATED_BY, CREATED_ON, MODIFIED_BY, MODIFIED_ON,
      TRANSACTION_DETAIL
    from DOP_MISCELLANEOUS_SERVICE_SALE
    where INVOICE_NO = #invoiceNo:VARCHAR#
      and LINE_ITEM_ID = #lineItemId:INTEGER# FOR READ ONLY
  </select>
  <select id="abatorgenerated_selectByInvoiceNo" resultMap="abatorgenerated_DopMiscellaneousServiceSaleResultWithBLOB" parameterClass="com.tcs.dop.pos.common.data.miscservice.DopMiscellaneousServiceSaleKey" >
    <!--
      WARNING - This element is automatically generated by Abator for iBATIS, do not modify.
      This element was generated on Fri Feb 14 18:45:05 GMT+05:30 2014.
    -->
    select INVOICE_NO, LINE_ITEM_ID, SERVICE_ID, CREATED_BY, CREATED_ON, MODIFIED_BY, MODIFIED_ON,
      TRANSACTION_DETAIL
    from DOP_MISCELLANEOUS_SERVICE_SALE
    where INVOICE_NO = #invoiceNo:VARCHAR# FOR READ ONLY
  </select>
  <delete id="abatorgenerated_deleteByPrimaryKey" parameterClass="com.tcs.dop.pos.common.data.miscservice.DopMiscellaneousServiceSaleKey" >
    <!--
      WARNING - This element is automatically generated by Abator for iBATIS, do not modify.
      This element was generated on Fri Feb 14 18:45:05 GMT+05:30 2014.
    -->
    delete from DOP_MISCELLANEOUS_SERVICE_SALE
    where INVOICE_NO = #invoiceNo:VARCHAR#
      and LINE_ITEM_ID = #lineItemId:INTEGER#
  </delete>
  <insert id="abatorgenerated_insert" parameterClass="com.tcs.dop.pos.common.data.miscservice.DopMiscellaneousServiceSale" >
    <!--
      WARNING - This element is automatically generated by Abator for iBATIS, do not modify.
      This element was generated on Fri Feb 14 18:45:05 GMT+05:30 2014.
    -->
    insert into DOP_MISCELLANEOUS_SERVICE_SALE (INVOICE_NO, LINE_ITEM_ID, SERVICE_ID, CREATED_BY,
      CREATED_ON, MODIFIED_BY, MODIFIED_ON, TRANSACTION_DETAIL,IS_REVERSED)
    values (#invoiceNo:VARCHAR#, #lineItemId:INTEGER#, #serviceId:VARCHAR#, #createdBy:VARCHAR#,
      getdate(), #modifiedBy:VARCHAR#, getdate(),
      #transactionDetail:LONGVARCHAR#,#isReversed:BIT#)
  </insert>
  <update id="abatorgenerated_updateByPrimaryKeyWithBLOBs" parameterClass="com.tcs.dop.pos.common.data.miscservice.DopMiscellaneousServiceSale" >
    <!--
      WARNING - This element is automatically generated by Abator for iBATIS, do not modify.
      This element was generated on Fri Feb 14 18:45:05 GMT+05:30 2014.
    -->
    update DOP_MISCELLANEOUS_SERVICE_SALE
    set SERVICE_ID = #serviceId:VARCHAR#,
      CREATED_BY = #createdBy:VARCHAR#,
      CREATED_ON = getdate(),
      MODIFIED_BY = #modifiedBy:VARCHAR#,
      MODIFIED_ON = getdate(),
      TRANSACTION_DETAIL = #transactionDetail:LONGVARCHAR#
    where INVOICE_NO = #invoiceNo:VARCHAR#
      and LINE_ITEM_ID = #lineItemId:INTEGER#
  </update>
  <update id="abatorgenerated_updateByPrimaryKey" parameterClass="com.tcs.dop.pos.common.data.miscservice.DopMiscellaneousServiceSale" >
    <!--
      WARNING - This element is automatically generated by Abator for iBATIS, do not modify.
      This element was generated on Fri Feb 14 18:45:05 GMT+05:30 2014.
    -->
    update DOP_MISCELLANEOUS_SERVICE_SALE
    set SERVICE_ID = #serviceId:VARCHAR#,
      CREATED_BY = #createdBy:VARCHAR#,
      CREATED_ON = getdate(),
      MODIFIED_BY = #modifiedBy:VARCHAR#,
      MODIFIED_ON = getdate()
    where INVOICE_NO = #invoiceNo:VARCHAR#
      and LINE_ITEM_ID = #lineItemId:INTEGER#
  </update>
  <update id="abatorgenerated_updateByPrimaryKeySelective" parameterClass="com.tcs.dop.pos.common.data.miscservice.DopMiscellaneousServiceSale" >
    <!--
      WARNING - This element is automatically generated by Abator for iBATIS, do not modify.
      This element was generated on Fri Feb 14 18:45:05 GMT+05:30 2014.
    -->
    update DOP_MISCELLANEOUS_SERVICE_SALE
    <dynamic prepend="set" >
      <isNotNull prepend="," property="serviceId" >
        SERVICE_ID = #serviceId:VARCHAR#
      </isNotNull>
      <isNotNull prepend="," property="createdBy" >
        CREATED_BY = #createdBy:VARCHAR#
      </isNotNull>
      <isNotNull prepend="," property="createdOn" >
        CREATED_ON = getdate()
      </isNotNull>
      <isNotNull prepend="," property="modifiedBy" >
        MODIFIED_BY = #modifiedBy:VARCHAR#
      </isNotNull>
      <isNotNull prepend="," property="modifiedOn" >
        MODIFIED_ON = getdate()
      </isNotNull>
      <isNotNull prepend="," property="transactionDetail" >
        TRANSACTION_DETAIL = #transactionDetail:LONGVARCHAR#
      </isNotNull>
    </dynamic>
    where INVOICE_NO = #invoiceNo:VARCHAR#
      and LINE_ITEM_ID = #lineItemId:INTEGER#
  </update>
  <select id="fetchMiscSvcTranDetails" resultMap="abatorgenerated_DopMiscellaneousServiceSale_New" parameterClass="com.tcs.dop.pos.common.data.miscservice.DopMiscellaneousServiceSale" >
    <!--
      WARNING - This element is automatically generated by Abator for iBATIS, do not modify.
      This element was generated on Fri Feb 14 18:45:05 GMT+05:30 2014.
    -->
    select DISTINCT psm.SERVICE_NAME, sum(i.TOTAL_AMOUNT) as TOTAL_AMOUNT from  invoice i
	inner join DOP_MISCELLANEOUS_SERVICE_SALE dmss on i.SYS_INVOICE_NO=dmss.INVOICE_NO
	inner join POSTAL_SERVICE_MASTER psm  on dmss.SERVICE_ID=psm.SERVICE_ID
	where   
	i.invoice_date =#invoiceDate#
	and i.cashier_id=#cashierId#  
	and i.shift_no=#shiftNo#
	and i.STORE_ID =#storeId#
	and i.STATUS ='I'
	and i.INVOICE_TYPE_ID = '1'
	and (i.BILL_VOID_FLG is null or i.BILL_VOID_FLG = 'N')
	and (i.BILL_ON_HOLD_FLG is null or i.BILL_ON_HOLD_FLG = 'N')
	GROUP BY psm.SERVICE_NAME FOR READ ONLY
  </select>
  
  <resultMap id="abatorgenerated_initDataForTable" class="com.tcs.dop.pos.common.data.miscservice.DopMiscellaneousServiceSale" >
  	<result column="TRANSACTION_DETAIL" property="transactionDetail" jdbcType="BLOB" />
    <result column="SERVICE_NAME" property="serviceName" jdbcType="VARCHAR" />
    <result column="CREATED_ON" property="createdOn" jdbcType="TIMESTAMP" />
  </resultMap>
  <select id="initDataForTable" resultMap="abatorgenerated_initDataForTable" parameterClass="com.tcs.dop.pos.common.data.miscservice.DopMiscellaneousServiceSale" >
    select dmss.TRANSACTION_DETAIL, psm.SERVICE_NAME, dmss.CREATED_ON
    from DOP_MISCELLANEOUS_SERVICE_SALE AS dmss inner join POSTAL_SERVICE_MASTER AS psm, LOGIN_REGISTER AS lr, INVOICE iv
	where dmss.SERVICE_ID=#serviceId:VARCHAR# and dmss.CREATED_BY=#createdBy:VARCHAR# 
	  and lr.USER_ID=dmss.CREATED_BY and lr.SHIFT_NO=#shiftNo:VARCHAR# and lr.LOGOUT_TIME is NULL
	  and dmss.INVOICE_NO=iv.SYS_INVOICE_NO and iv.STATUS='I' and (iv.BILL_ON_HOLD_FLG ='N' or iv.BILL_ON_HOLD_FLG is NULL) and (iv.BILL_VOID_FLG ='N' or iv.BILL_VOID_FLG is NULL) 
      and convert(date,iv.INVOICE_DATE)=#storeDate:DATE# FOR READ ONLY
  </select> 
  
  <select id="serviceWiseSale" resultMap="serviceWiseSale" parameterClass="com.tcs.dop.pos.common.data.miscservice.DopMiscellaneousServiceSale" >
	
	Select Tab3.ARTICLE_NO,
	 	Tab3.INVOICE_NO,
        Tab3.SERVICE_ID AS SERVICE_NAME, 
        Tab3.PREPAID_AMOUNT,
        CONVERT(VARCHAR,Tab3.CREATED_ON,120)as [CREATED_ON],
        Tab3.STATUS, 
        Tab3.IS_INSURED,
        Tab3.INSURANCE_AMOUNT,
        Tab3.VPP_AMOUNT,
        Tab3.TOTAL_AMOUNT,
        Tab4.COD_AMOUNT,
        TRANSACTION_DETAIL = NULL,
        CHANNEL = 'POS'      
      
	FROM 
		(SELECT Tab2.* from
			(select Tab1.* from 
				(select distinct(pms.ARTICLE_NO) as ARTICLE_NO,pms.PREPAID_AMOUNT,CONVERT(VARCHAR,pms.CREATED_ON,120)as [CREATED_ON],
        				CASE WHEN (ipbi.STATUS IS NULL or ipbi.STATUS IN ('C')) THEN 'B' ELSE ipbi.STATUS END STATUS,pms.XML_DATA,pms.SERVICE_ID,pms.CREATED_BY,
        				ipbi.IS_INSURED,CASE WHEN pms.INSURANCE_AMOUNT IS NULL THEN  0.00 ELSE pms.INSURANCE_AMOUNT END as INSURANCE_AMOUNT,
        				pms.VPP_AMOUNT,CASE WHEN pms.IS_SKIP_PAYMENT= 1  THEN  0.00 ELSE pms.TOTAL_AMOUNT END AS TOTAL_AMOUNT,pms.INVOICE_NO        				
				from POSTAL_MAIL_SERVICE as pms left outer join IPVS_POS_BOOKING_INTERFACE as ipbi
						ON pms.ARTICLE_NO=ipbi.ARTICLE_NO
				WHERE pms.SERVICE_ID=#serviceId:VARCHAR# AND pms.CREATED_BY=#createdBy:VARCHAR#  and pms.IS_ARTICLE_VOID=0 
					  <!-- and pms.IS_REVERSED = 0 -->)Tab1
			INNER JOIN INVOICE iv ON Tab1.INVOICE_NO=iv.SYS_INVOICE_NO
			where  iv.STATUS='I' and (iv.BILL_ON_HOLD_FLG ='N' or iv.BILL_ON_HOLD_FLG is NULL) 
				   and (iv.BILL_VOID_FLG ='N' or iv.BILL_VOID_FLG is NULL)
				   and convert(date,iv.INVOICE_DATE)=#storeDate:DATE#  
				   and iv.TILL_NO = #tillNo:INTEGER# 
				   and iv.SHIFT_NO=#shiftNo:VARCHAR#
				   and iv.INVOICE_TYPE_ID in (1,5)
				   and Tab1.STATUS IN ('B','D','P',''))Tab2
		INNER JOIN POSTAL_SERVICE_MASTER AS psm ON Tab2.SERVICE_ID=psm.SERVICE_ID)Tab3 ,openxml(Tab3.xml_data,'/XML_DATA') 
		with (COD_AMOUNT NUMERIC(11 , 2) 'COD_Amount')Tab4
	
	UNION ALL
	
	Select Tab3.ARTICLE_NO,
	 	Tab3.INVOICE_NO,
        Tab3.SERVICE_ID AS SERVICE_NAME, 
        Tab3.PREPAID_AMOUNT,
        CONVERT(VARCHAR,Tab3.CREATED_ON,120)as [CREATED_ON],
        Tab3.STATUS, 
        Tab3.IS_INSURED,
        Tab3.INSURANCE_AMOUNT,
        Tab3.VPP_AMOUNT,
        CASE WHEN Tab3.STATUS = 'C' THEN (-Tab3.TOTAL_AMOUNT) ELSE Tab3.TOTAL_AMOUNT END AS TOTAL_AMOUNT,
        Tab4.COD_AMOUNT,
        TRANSACTION_DETAIL = NULL,
        CHANNEL = 'POS'      
      
	FROM 
		(SELECT Tab2.* from
			(select Tab1.* from 
				(select distinct(pms.ARTICLE_NO) as ARTICLE_NO,pms.PREPAID_AMOUNT,CONVERT(VARCHAR,pms.CREATED_ON,120)as [CREATED_ON], 
        				CASE WHEN ipbi.STATUS IS NULL THEN 'B' ELSE ipbi.STATUS END STATUS,pms.XML_DATA,pms.SERVICE_ID,pms.CREATED_BY,
        				ipbi.IS_INSURED,CASE WHEN pms.INSURANCE_AMOUNT IS NULL THEN  0.00 ELSE pms.INSURANCE_AMOUNT END as INSURANCE_AMOUNT,
        				pms.VPP_AMOUNT,CASE WHEN pms.IS_SKIP_PAYMENT= 1  THEN  0.00 ELSE pms.TOTAL_AMOUNT END AS TOTAL_AMOUNT,pms.INVOICE_NO        				
				from POSTAL_MAIL_SERVICE as pms left outer join IPVS_POS_BOOKING_INTERFACE as ipbi
						ON pms.ARTICLE_NO=ipbi.ARTICLE_NO
				WHERE pms.SERVICE_ID=#serviceId:VARCHAR# AND pms.CREATED_BY=#createdBy:VARCHAR#  and pms.IS_ARTICLE_VOID=0 
					  and pms.IS_REVERSED = 0)Tab1
			INNER JOIN INVOICE iv ON Tab1.INVOICE_NO=iv.SYS_INVOICE_NO
			where  iv.STATUS='I' and (iv.BILL_ON_HOLD_FLG ='N' or iv.BILL_ON_HOLD_FLG is NULL) 
				   and (iv.BILL_VOID_FLG ='N' or iv.BILL_VOID_FLG is NULL)
				   and convert(date,iv.INVOICE_DATE)=#storeDate:DATE#  
				   and iv.TILL_NO = #tillNo:INTEGER# 
				   and iv.SHIFT_NO=#shiftNo:VARCHAR#
				   and iv.INVOICE_TYPE_ID in (2)
				   and Tab1.STATUS IN ('C',''))Tab2
		INNER JOIN POSTAL_SERVICE_MASTER AS psm ON Tab2.SERVICE_ID=psm.SERVICE_ID)Tab3 ,openxml(Tab3.xml_data,'/XML_DATA') 
		with (COD_AMOUNT NUMERIC(11 , 2) 'COD_Amount')Tab4

		
	UNION ALL 

	select Tab2.ARTICLE_NO,
		Tab2.INVOICE_NO,
        Tab2.SERVICE_ID AS SERVICE_NAME, 
        PREPAID_AMOUNT = 0.0,
        CONVERT(VARCHAR,Tab2.CREATED_ON,120)as [CREATED_ON],
        Tab2.STATUS, 
        IS_INSURED = NULL,
        INSURANCE_AMOUNT = 0.0,
        VPP_AMOUNT = 0.0,
        Tab2.EXTRA_TOTAL_AMOUNT as TOTAL_AMOUNT,
        COD_AMOUNT = 0.0,
        TRANSACTION_DETAIL = NULL,
        CHANNEL = 'PORTAL'
	FROM  (select Tab1.* from 
				(select distinct pms.ARTICLE_NO as ARTICLE_NO,CONVERT(VARCHAR,pms.MODIFIED_ON,120)as [CREATED_ON], 
        				CASE WHEN ipbi.STATUS IS NULL THEN 'B' ELSE ipbi.STATUS END STATUS,
        				pms.EXTRA_TOTAL_AMOUNT,pms.SERVICE_ID,pms.MODIFIED_BY,pms.INVOICE_NO
        	
				from POSTAL_PORTAL_BOOKED_ARTICLE as pms left outer join IPVS_POS_BOOKING_INTERFACE as ipbi
				ON pms.ARTICLE_NO=ipbi.ARTICLE_NO and pms.INVOICE_NO = ipbi.SYS_INVOICE_NO and pms.MODIFIED_BY = ipbi.CREATED_BY
				WHERE pms.SERVICE_ID=#serviceId:VARCHAR# AND pms.MODIFIED_BY=#createdBy:VARCHAR#  and pms.IS_ARTICLE_VOID=0 )Tab1
		INNER JOIN INVOICE iv ON Tab1.INVOICE_NO=iv.SYS_INVOICE_NO
		where  iv.STATUS='I' and (iv.BILL_ON_HOLD_FLG ='N' or iv.BILL_ON_HOLD_FLG is NULL) 
			   and (iv.BILL_VOID_FLG ='N' or iv.BILL_VOID_FLG is NULL)
			   and convert(date,iv.INVOICE_DATE)=#storeDate:DATE# 
			   and iv.INVOICE_TYPE_ID = '1' 
			   and iv.TILL_NO = #tillNo:INTEGER# 
			   and iv.SHIFT_NO=#shiftNo:VARCHAR#
			   and Tab1.STATUS IN ('B','C','D','P',''))Tab2
	INNER JOIN POSTAL_SERVICE_MASTER AS psm ON Tab2.SERVICE_ID=psm.SERVICE_ID
	
	UNION ALL 

   SELECT tab1.ARTICLE_NO, 
    tab1.INVOICE_NO,
    psm.SERVICE_ID AS SERVICE_NAME, 
    PREPAID_AMOUNT = 0.0,
    CONVERT(VARCHAR,tab1.CREATED_ON,120)as [CREATED_ON],
    STATUS = 'B',
    IS_INSURED = NULL,
    INSURANCE_AMOUNT = 0.0,
    VPP_AMOUNT = 0.0,
    tab1.TOTAL_AMOUNT,
    COD_AMOUNT = 0.0,
    TRANSACTION_DETAIL = NULL,
    CHANNEL = 'POS' FROM
        (SELECT convert(varchar(20),pmt.MO_TRACKING_NO) as ARTICLE_NO,
        		(CASE WHEN pmt.IS_REBOOKING = '1' or pmt.IS_SERVICE_REQUEST='1' THEN 0.00 ELSE pmt.TOTAL_AMOUNT end) as TOTAL_AMOUNT, pmt.INVOICE_NO, 
        		CONVERT(VARCHAR,pmt.CREATED_ON,120)as [CREATED_ON], pmt.CREATED_BY,pmt.SERVICE_ID
        FROM POSTAL_MONEY_TRANSFER AS pmt JOIN INVOICE iv on pmt.INVOICE_NO=iv.SYS_INVOICE_NO
        where pmt.SERVICE_ID=#serviceId:VARCHAR# and pmt.CREATED_BY=#createdBy:VARCHAR#  
        	  and <!-- pmt.IS_REVERSED = 0 and --> iv.SHIFT_NO=#shiftNo:VARCHAR# and pmt.IS_ARTICLE_VOID=0 
        	  and iv.STATUS='I' and (iv.BILL_ON_HOLD_FLG ='N' or iv.BILL_ON_HOLD_FLG is NULL) 
        	  and (iv.BILL_VOID_FLG ='N' or iv.BILL_VOID_FLG is NULL) 
              and convert(date,iv.INVOICE_DATE)=#storeDate:DATE# and iv.TILL_NO = #tillNo:INTEGER# and iv.INVOICE_TYPE_ID in (1,5))tab1 
    JOIN POSTAL_SERVICE_MASTER AS psm ON tab1.SERVICE_ID = psm.SERVICE_ID
    
    UNION ALL
    
    SELECT tab1.ARTICLE_NO, 
    tab1.INVOICE_NO,
    psm.SERVICE_ID AS SERVICE_NAME, 
    PREPAID_AMOUNT = 0.0,
    CONVERT(VARCHAR,tab1.CREATED_ON,120)as [CREATED_ON],
    STATUS = 'C',
    IS_INSURED = NULL,
    INSURANCE_AMOUNT = 0.0,
    VPP_AMOUNT = 0.0,
    (-tab1.TOTAL_AMOUNT) as TOTAL_AMOUNT,
    COD_AMOUNT = 0.0,
    TRANSACTION_DETAIL = NULL,
    CHANNEL = 'POS' FROM
        (SELECT convert(varchar(20),pmt.MO_TRACKING_NO) as ARTICLE_NO,
        		pmt.TOTAL_AMOUNT AS TOTAL_AMOUNT, pmt.INVOICE_NO, 
        		CONVERT(VARCHAR,pmt.CREATED_ON,120)as [CREATED_ON],pmt.CREATED_BY,pmt.SERVICE_ID
        FROM POSTAL_MONEY_TRANSFER AS pmt JOIN INVOICE iv on pmt.INVOICE_NO=iv.SYS_INVOICE_NO
        where pmt.SERVICE_ID=#serviceId:VARCHAR# and pmt.CREATED_BY=#createdBy:VARCHAR#  
        	  and pmt.IS_REVERSED = 0 and iv.SHIFT_NO=#shiftNo:VARCHAR# and pmt.IS_ARTICLE_VOID=0 
        	  and iv.STATUS='I' and (iv.BILL_ON_HOLD_FLG ='N' or iv.BILL_ON_HOLD_FLG is NULL) 
        	  and (iv.BILL_VOID_FLG ='N' or iv.BILL_VOID_FLG is NULL) 
              and convert(date,iv.INVOICE_DATE)=#storeDate:DATE# and iv.TILL_NO = #tillNo:INTEGER# and iv.INVOICE_TYPE_ID in (2))tab1 
    JOIN POSTAL_SERVICE_MASTER AS psm ON tab1.SERVICE_ID = psm.SERVICE_ID
    
    UNION ALL
    
    SELECT tab1.ARTICLE_NO, 
    tab1.INVOICE_NO,
    psm.SERVICE_ID AS SERVICE_NAME, 
    PREPAID_AMOUNT = 0.0,
    CONVERT(VARCHAR,tab1.CREATED_ON,120)as [CREATED_ON],
    STATUS = NULL,
    IS_INSURED = NULL,
    INSURANCE_AMOUNT = 0.0,
    VPP_AMOUNT = 0.0,
    (-tab1.TOTAL_AMOUNT) as TOTAL_AMOUNT,
    COD_AMOUNT = 0.0,
    TRANSACTION_DETAIL = NULL,
    CHANNEL = 'POS' FROM
        (SELECT convert(varchar(20),pmt.MO_TRACKING_NO) as ARTICLE_NO,
        		pmt.TOTAL_AMOUNT AS TOTAL_AMOUNT, pmt.INVOICE_NO, 
        		CONVERT(VARCHAR,pmt.CREATED_ON,120)as [CREATED_ON], pmt.CREATED_BY,pmt.SERVICE_ID
        FROM POSTAL_MONEY_TRANSFER AS pmt JOIN INVOICE iv on pmt.INVOICE_NO=iv.SYS_INVOICE_NO
        where pmt.SERVICE_ID=#serviceId:VARCHAR# and pmt.CREATED_BY=#createdBy:VARCHAR#  
        	  and pmt.IS_REVERSED = 0 and iv.SHIFT_NO=#shiftNo:VARCHAR# and pmt.IS_ARTICLE_VOID=0 
        	  and iv.STATUS='I' and (iv.BILL_ON_HOLD_FLG ='N' or iv.BILL_ON_HOLD_FLG is NULL) 
        	  and (iv.BILL_VOID_FLG ='N' or iv.BILL_VOID_FLG is NULL) 
              and convert(date,iv.INVOICE_DATE)=#storeDate:DATE# and iv.TILL_NO = #tillNo:INTEGER# and iv.INVOICE_TYPE_ID in (3))tab1 
    JOIN POSTAL_SERVICE_MASTER AS psm ON tab1.SERVICE_ID = psm.SERVICE_ID
 
	UNION ALL

	SELECT tab1.ARTICLE_NO, 
	   tab1.INVOICE_NO,
       psm.SERVICE_ID AS SERVICE_NAME, 
       PREPAID_AMOUNT = 0.0,
       CONVERT(VARCHAR,tab1.CREATED_ON,120)as [CREATED_ON],
       STATUS = 'B',
       IS_INSURED = NULL,
       INSURANCE_AMOUNT = 0.0,
       VPP_AMOUNT = 0.0,
       tab1.TOTAL_AMOUNT, 
       COD_AMOUNT = 0.0,
       TRANSACTION_DETAIL = NULL,
       CHANNEL = 'POS' FROM
		 (SELECT convert(varchar(20),pimt.PNR_NO) as ARTICLE_NO, CONVERT(VARCHAR,pimt.CREATED_ON,120)as [CREATED_ON], 
		 		 pimt.TOTAL_AMOUNT AS TOTAL_AMOUNT, pimt.INVOICE_NO, pimt.CREATED_BY, pimt.SERVICE_ID
		 FROM POSTAL_INTL_MONEY_TRANSFER AS pimt join INVOICE iv on pimt.INVOICE_NO=iv.SYS_INVOICE_NO 
		 WHERE pimt.SERVICE_ID=#serviceId:VARCHAR# <!-- and pimt.IS_REVERSED = 0 --> and pimt.CREATED_BY=#createdBy:VARCHAR# 
		 	   and iv.SHIFT_NO=#shiftNo:VARCHAR# 
			   and pimt.IS_ARTICLE_VOID=0and iv.STATUS='I' 
			   and (iv.BILL_ON_HOLD_FLG ='N' or iv.BILL_ON_HOLD_FLG is NULL) 
			   and (iv.BILL_VOID_FLG ='N' or iv.BILL_VOID_FLG is NULL) 
			   and convert(date,iv.INVOICE_DATE)=#storeDate:DATE# 
			   and iv.TILL_NO = #tillNo:INTEGER#
			   and iv.INVOICE_TYPE_ID in (1,5))tab1  
	 JOIN POSTAL_SERVICE_MASTER AS psm ON tab1.SERVICE_ID = psm.SERVICE_ID
	 
	 UNION ALL
	 
	 SELECT tab1.ARTICLE_NO, 
	   tab1.INVOICE_NO,
       psm.SERVICE_ID AS SERVICE_NAME, 
       PREPAID_AMOUNT = 0.0,
       CONVERT(VARCHAR,tab1.CREATED_ON,120)as [CREATED_ON],
       STATUS = 'C',
       IS_INSURED = NULL,
       INSURANCE_AMOUNT = 0.0,
       VPP_AMOUNT = 0.0,
       (-tab1.TOTAL_AMOUNT) as TOTAL_AMOUNT,
       COD_AMOUNT = 0.0,
       TRANSACTION_DETAIL = NULL,
       CHANNEL = 'POS' FROM
		 (SELECT convert(varchar(20),pimt.PNR_NO) as ARTICLE_NO, CONVERT(VARCHAR,pimt.CREATED_ON,120)as [CREATED_ON],
		 		 pimt.TOTAL_AMOUNT AS TOTAL_AMOUNT, pimt.INVOICE_NO, pimt.CREATED_BY, pimt.SERVICE_ID
		 FROM POSTAL_INTL_MONEY_TRANSFER AS pimt join INVOICE iv on pimt.INVOICE_NO=iv.SYS_INVOICE_NO 
		 WHERE pimt.SERVICE_ID=#serviceId:VARCHAR# and pimt.IS_REVERSED = 0 and pimt.CREATED_BY=#createdBy:VARCHAR# 
		 	   and iv.SHIFT_NO=#shiftNo:VARCHAR# 
			   and pimt.IS_ARTICLE_VOID=0and iv.STATUS='I' 
			   and (iv.BILL_ON_HOLD_FLG ='N' or iv.BILL_ON_HOLD_FLG is NULL) 
			   and (iv.BILL_VOID_FLG ='N' or iv.BILL_VOID_FLG is NULL) 
			   and convert(date,iv.INVOICE_DATE)=#storeDate:DATE# 
			   and iv.TILL_NO = #tillNo:INTEGER#
			   and iv.INVOICE_TYPE_ID in (2))tab1  
	 JOIN POSTAL_SERVICE_MASTER AS psm ON tab1.SERVICE_ID = psm.SERVICE_ID
	 
	 UNION ALL
	 
	 SELECT tab1.ARTICLE_NO, 
	   tab1.INVOICE_NO,
       psm.SERVICE_ID AS SERVICE_NAME, 
       PREPAID_AMOUNT = 0.0,
       CONVERT(VARCHAR,tab1.CREATED_ON,120)as [CREATED_ON],
       STATUS = NULL,
       IS_INSURED = NULL,
       INSURANCE_AMOUNT = 0.0,
       VPP_AMOUNT = 0.0,
       (-tab1.TOTAL_AMOUNT) as TOTAL_AMOUNT,
       COD_AMOUNT = 0.0,
       TRANSACTION_DETAIL = NULL,
       CHANNEL = 'POS' FROM
		 (SELECT convert(varchar(20),pimt.PNR_NO) as ARTICLE_NO, CONVERT(VARCHAR,pimt.CREATED_ON,120)as [CREATED_ON], 
		 		 pimt.TOTAL_AMOUNT AS TOTAL_AMOUNT, pimt.INVOICE_NO, pimt.CREATED_BY, pimt.SERVICE_ID
		 FROM POSTAL_INTL_MONEY_TRANSFER AS pimt join INVOICE iv on pimt.INVOICE_NO=iv.SYS_INVOICE_NO 
		 WHERE pimt.SERVICE_ID=#serviceId:VARCHAR# and pimt.IS_REVERSED = 0 and pimt.CREATED_BY=#createdBy:VARCHAR# 
		 	   and iv.SHIFT_NO=#shiftNo:VARCHAR# 
			   and pimt.IS_ARTICLE_VOID=0and iv.STATUS='I' 
			   and (iv.BILL_ON_HOLD_FLG ='N' or iv.BILL_ON_HOLD_FLG is NULL) 
			   and (iv.BILL_VOID_FLG ='N' or iv.BILL_VOID_FLG is NULL) 
			   and convert(date,iv.INVOICE_DATE)=#storeDate:DATE# 
			   and iv.TILL_NO = #tillNo:INTEGER#
			   and iv.INVOICE_TYPE_ID in (3))tab1  
	 JOIN POSTAL_SERVICE_MASTER AS psm ON tab1.SERVICE_ID = psm.SERVICE_ID
	 
	UNION ALL

    SELECT ARTICLE_NO = NULL,
       tab1.INVOICE_NO,
       psm.SERVICE_ID AS SERVICE_NAME, 
       PREPAID_AMOUNT = 0.0,
       CONVERT(VARCHAR,tab1.CREATED_ON,120)as [CREATED_ON],
       STATUS = NULL,
       IS_INSURED = NULL,
       INSURANCE_AMOUNT = 0.0,
       VPP_AMOUNT = 0.0,
       TOTAL_AMOUNT = 0.0, 
       COD_AMOUNT = 0.0,
       tab1.TRANSACTION_DETAIL,
       CHANNEL = 'POS' FROM
	  (SELECT CONVERT(VARCHAR,dmss.CREATED_ON,120)as [CREATED_ON], convert(varchar(20000), dmss.TRANSACTION_DETAIL) As TRANSACTION_DETAIL, dmss.CREATED_BY, 
			dmss.INVOICE_NO, dmss.SERVICE_ID FROM DOP_MISCELLANEOUS_SERVICE_SALE AS dmss JOIN INVOICE iv ON dmss.INVOICE_NO=iv.SYS_INVOICE_NO
	  WHERE dmss.SERVICE_ID=#serviceId:VARCHAR# and dmss.CREATED_BY=#createdBy:VARCHAR# and iv.SHIFT_NO=#shiftNo:VARCHAR# 
	 	   and iv.STATUS='I' and iv.TILL_NO = #tillNo:INTEGER#
           and (iv.BILL_ON_HOLD_FLG ='N' or iv.BILL_ON_HOLD_FLG is NULL) and (iv.BILL_VOID_FLG ='N' or iv.BILL_VOID_FLG is NULL) and convert(date,iv.INVOICE_DATE)=#storeDate:DATE#)tab1  
	JOIN  POSTAL_SERVICE_MASTER AS psm ON tab1.SERVICE_ID = psm.SERVICE_ID


 <!--
	UNION ALL
	
    select ARTICLE_NO = NULL,
       dps.INVOICE_NO,
       psm.SERVICE_ID AS SERVICE_NAME,
       PREPAID_AMOUNT = 0.0, 
       dps.CREATED_ON,
       STATUS = NULL,
       IS_INSURED = NULL,
       INSURANCE_AMOUNT = 0.0,
       VPP_AMOUNT = 0.0,
       dps.AMOUNT AS TOTAL_AMOUNT, 
       COD_AMOUNT = 0.0,
       TRANSACTION_DETAIL = NULL,
       CHANNEL = 'POS'                
    from DOP_POSTBOXBAG_SALE AS dps inner join POSTAL_SERVICE_MASTER AS psm, LOGIN_REGISTER AS lr, INVOICE iv
	where dps.SERVICE_ID=#serviceId:VARCHAR# and dps.CREATED_BY=#createdBy:VARCHAR#
	  and lr.USER_ID=dps.CREATED_BY and lr.SHIFT_NO=#shiftNo:VARCHAR# and lr.LOGOUT_TIME is NULL
	  and dps.INVOICE_NO=iv.SYS_INVOICE_NO and iv.STATUS='I' 
	  and (iv.BILL_ON_HOLD_FLG ='N' or iv.BILL_ON_HOLD_FLG is NULL) and (iv.BILL_VOID_FLG ='N' or iv.BILL_VOID_FLG is NULL) and iv.TILL_NO = #tillNo:INTEGER#
  -->
  
	UNION ALL

    select ARTICLE_NO = NULL,
    	 dbm.INVOICE_NO,
         psm.SERVICE_ID AS SERVICE_NAME, 
         dbm.PREPAID_AMOUNT,
         CONVERT(VARCHAR,dbm.CREATED_ON,120)as [CREATED_ON],
         STATUS = NULL,
         IS_INSURED = NULL,
         INSURANCE_AMOUNT = 0.0,
         VPP_AMOUNT = 0.0,
         dbm.TOTAL_AMOUNT AS TOTAL_AMOUNT,
         COD_AMOUNT = 0.0,
         TRANSACTION_DETAIL = NULL,
         CHANNEL = 'POS'          
    from DOP_BILL_MAIL AS dbm, POSTAL_SERVICE_MASTER AS psm, INVOICE iv
	where dbm.SERVICE_ID=#serviceId:VARCHAR# and psm.SERVICE_ID=dbm.SERVICE_ID and dbm.CREATED_BY=#createdBy:VARCHAR# 
	  and iv.SHIFT_NO=#shiftNo:VARCHAR# and dbm.IS_ARTICLE_VOID=0
	  and dbm.INVOICE_NO=iv.SYS_INVOICE_NO and iv.STATUS='I' and (iv.BILL_ON_HOLD_FLG ='N' or iv.BILL_ON_HOLD_FLG is NULL) and (iv.BILL_VOID_FLG ='N' or iv.BILL_VOID_FLG is NULL) 
      and convert(date,iv.INVOICE_DATE)=#storeDate:DATE# and iv.TILL_NO = #tillNo:INTEGER#  
   
   	UNION ALL
   
     SELECT pws.AIR_WAY_BILL_NO as ARTICLE_NO,
     		pws.INVOICE_NO,
     		psm.SERVICE_ID AS SERVICE_NAME,
      		PREPAID_AMOUNT = 0.0, 
      		CONVERT(VARCHAR,pws.CREATED_ON,120)as [CREATED_ON],
      		STATUS = NULL,
         	IS_INSURED = NULL,
         	INSURANCE_AMOUNT = 0.0,
         	VPP_AMOUNT = 0.0,
     		pws.TOTAL_DECLARED_AMOUNT AS TOTAL_AMOUNT, 
     		COD_AMOUNT = 0.0,
         	TRANSACTION_DETAIL = NULL,
         	CHANNEL = 'POS'       
	from POSTAL_WNX_SERVICE pws 
	INNER JOIN POSTAL_WNX_PRODUCT_CODE_MASTER pwpcm ON pws.PRODUCT_CODE = pwpcm.GLOBAL_PRODUCT_CODE
	INNER JOIN POSTAL_SERVICE_MASTER psm ON pwpcm.PRODUCT_CONTENT_CODE = psm. SERVICE_ID
	INNER JOIN INVOICE iv ON iv.SYS_INVOICE_NO = pws.INVOICE_NO
	WHERE pwpcm.PRODUCT_CONTENT_CODE=#serviceId:VARCHAR#
	AND pws.CREATED_BY=#createdBy:VARCHAR# 
	AND iv.SHIFT_NO=#shiftNo:VARCHAR#
	AND pws.IS_VOID=0
	AND iv.STATUS='I'
	AND (iv.BILL_ON_HOLD_FLG ='N' OR iv.BILL_ON_HOLD_FLG IS NULL)
	AND (iv.BILL_VOID_FLG ='N' OR iv.BILL_VOID_FLG IS NULL)
	AND CONVERT(DATE,iv.INVOICE_DATE)=#storeDate:DATE# 
	AND iv.TILL_NO = #tillNo:INTEGER#
	AND iv.INVOICE_TYPE_ID in (1,5)
	
	UNION ALL
   
     SELECT pws.AIR_WAY_BILL_NO as ARTICLE_NO,
     		pws.INVOICE_NO,
     		psm.SERVICE_ID AS SERVICE_NAME,
      		PREPAID_AMOUNT = 0.0, 
      		CONVERT(VARCHAR,pws.CREATED_ON,120)as [CREATED_ON],
      		STATUS = NULL,
         	IS_INSURED = NULL,
         	INSURANCE_AMOUNT = 0.0,
         	VPP_AMOUNT = 0.0,
     		(-pws.TOTAL_DECLARED_AMOUNT) AS TOTAL_AMOUNT, 
     		COD_AMOUNT = 0.0,
         	TRANSACTION_DETAIL = NULL,
         	CHANNEL = 'POS'       
	from POSTAL_WNX_SERVICE pws 
	INNER JOIN POSTAL_WNX_PRODUCT_CODE_MASTER pwpcm ON pws.PRODUCT_CODE = pwpcm.GLOBAL_PRODUCT_CODE
	INNER JOIN POSTAL_SERVICE_MASTER psm ON pwpcm.PRODUCT_CONTENT_CODE = psm. SERVICE_ID
	INNER JOIN INVOICE iv ON iv.SYS_INVOICE_NO = pws.INVOICE_NO
	WHERE pwpcm.PRODUCT_CONTENT_CODE=#serviceId:VARCHAR#
	AND pws.CREATED_BY=#createdBy:VARCHAR# 
	AND iv.SHIFT_NO=#shiftNo:VARCHAR#
	AND pws.IS_VOID=0
	AND iv.STATUS='I'
	AND (iv.BILL_ON_HOLD_FLG ='N' OR iv.BILL_ON_HOLD_FLG IS NULL)
	AND (iv.BILL_VOID_FLG ='N' OR iv.BILL_VOID_FLG IS NULL)
	AND CONVERT(DATE,iv.INVOICE_DATE)=#storeDate:DATE# 
	AND iv.TILL_NO = #tillNo:INTEGER#
	AND iv.INVOICE_TYPE_ID in (2,3)
	
	UNION ALL
	
	SELECT pws.PRAN as ARTICLE_NO,
		   pws.INVOICE_NO,
		   ('NPS - ' + pwpcm.SERVICE_TYPE_CODE) as SERVICE_NAME,
		   PREPAID_AMOUNT = 0.0, 
           CONVERT(VARCHAR,(iv.INVOICE_DATE + iv.INVOICE_TIME),120),
           STATUS = NULL,
           IS_INSURED = NULL,
           INSURANCE_AMOUNT = 0.0,
           VPP_AMOUNT = 0.0,
           pws.TOTAL_AMOUNT,
           COD_AMOUNT = 0.0,
           TRANSACTION_DETAIL = NULL,
           CHANNEL = 'POS'    
	from DOP_NPS_TRANSACTIONS pws 
	INNER JOIN DOP_NPS_SERVICE_TYPE_MASTER pwpcm ON pws.SERVICE_TYPE_CODE = pwpcm.SERVICE_TYPE_CODE
	INNER JOIN INVOICE iv ON iv.SYS_INVOICE_NO = pws.INVOICE_NO	
	WHERE pwpcm.SERVICE_TYPE_CODE= #serviceId:VARCHAR#
	and iv.CASHIER_ID=#createdBy:VARCHAR# 
	AND iv.SHIFT_NO=#shiftNo:VARCHAR#
	AND iv.STATUS='I'
	AND (iv.BILL_ON_HOLD_FLG ='N' OR iv.BILL_ON_HOLD_FLG IS NULL)
	AND (iv.BILL_VOID_FLG ='N' OR iv.BILL_VOID_FLG IS NULL)
	AND CONVERT(DATE,iv.INVOICE_DATE)=#storeDate:DATE#
	AND iv.TILL_NO = #tillNo:INTEGER#
	
	UNION ALL
	
	 select ARTICLE_NO = NULL,
	 	 dfm.INVOICE_NO,
         psm.SERVICE_ID AS SERVICE_NAME, 
         PREPAID_AMOUNT = 0.0,
         CONVERT(VARCHAR,dfm.CREATED_ON,120)as [CREATED_ON],
         STATUS = NULL,
         IS_INSURED = NULL,
         INSURANCE_AMOUNT = 0.0,
         VPP_AMOUNT = 0.0,
         (CASE WHEN dfm.REFUND_REBATE_TYPE_CODE IS NOT NULL THEN 0.00 ELSE dfm.TOTAL_AMOUNT END) AS TOTAL_AMOUNT,
         COD_AMOUNT = 0.0,
         TRANSACTION_DETAIL = NULL,
         CHANNEL = 'POS'          
    from DOP_FRANKING_MACHINE AS dfm, POSTAL_SERVICE_MASTER AS psm, INVOICE iv
	where dfm.SERVICE_ID=#serviceId:VARCHAR# and psm.SERVICE_ID=dfm.SERVICE_ID and dfm.CREATED_BY=#createdBy:VARCHAR# 
	  and iv.SHIFT_NO=#shiftNo:VARCHAR#  
	  and dfm.INVOICE_NO=iv.SYS_INVOICE_NO and iv.STATUS='I' and (iv.BILL_ON_HOLD_FLG ='N' or iv.BILL_ON_HOLD_FLG is NULL) and (iv.BILL_VOID_FLG ='N' or iv.BILL_VOID_FLG is NULL) 
      and convert(date,iv.INVOICE_DATE)=#storeDate:DATE#  and iv.TILL_NO = #tillNo:INTEGER#


	UNION ALL

   select SALES_ASSOC_ID as ARTICLE_NO,
   		 iti.SYS_INVOICE_NO AS INVOICE_NO,
         iti.ITEM_CODE AS SERVICE_NAME,
         PREPAID_AMOUNT = 0.0,
         CONVERT(VARCHAR,iti.CREATED_ON,120)as [CREATED_ON],
         STATUS = NULL,
         IS_INSURED = NULL,
         INSURANCE_AMOUNT = 0.0,
         VPP_AMOUNT = 0.0,
         iti.TOTAL_AMOUNT AS TOTAL_AMOUNT,
         COD_AMOUNT = 0.0,
         TRANSACTION_DETAIL = NULL,
         CHANNEL = 'POS'    
   from INVOICE_ITEM AS iti, INVOICE iv
   where 'PRODUCT_SALE'=#serviceId:VARCHAR#  and iti.CREATED_BY=#createdBy:VARCHAR# 
   and iv.SHIFT_NO=#shiftNo:VARCHAR# and (iti.ITEM_VOID_FLG = 'N' or iti.ITEM_VOID_FLG is null)
   and iv.INVOICE_TYPE_ID IN ('1')
   and iv.COMMENTS IS NULL
   and iti.SYS_INVOICE_NO=iv.SYS_INVOICE_NO and iv.STATUS='I' and (iv.BILL_ON_HOLD_FLG ='N' or iv.BILL_ON_HOLD_FLG is NULL) and (iv.BILL_VOID_FLG ='N' or iv.BILL_VOID_FLG is NULL) 
   and convert(date,iv.INVOICE_DATE)=#storeDate:DATE# and iv.TILL_NO = #tillNo:INTEGER#
   
   UNION ALL

   select SALES_ASSOC_ID as ARTICLE_NO,
   		 iti.SYS_INVOICE_NO AS INVOICE_NO,
         iti.ITEM_CODE AS SERVICE_NAME,
         PREPAID_AMOUNT = 0.0,
         CONVERT(VARCHAR,iti.CREATED_ON,120)as [CREATED_ON],
         STATUS = 'C',
         IS_INSURED = NULL,
         INSURANCE_AMOUNT = 0.0,
         VPP_AMOUNT = 0.0,
         (-iti.TOTAL_AMOUNT) AS TOTAL_AMOUNT,
         COD_AMOUNT = 0.0,
         TRANSACTION_DETAIL = NULL,
         CHANNEL = 'POS'    
   from INVOICE_ITEM AS iti, INVOICE iv
   where 'PRODUCT_SALE'=#serviceId:VARCHAR#  and iti.CREATED_BY=#createdBy:VARCHAR# 
   and iv.SHIFT_NO=#shiftNo:VARCHAR# and (iti.ITEM_VOID_FLG = 'N' or iti.ITEM_VOID_FLG is null)
   and iv.INVOICE_TYPE_ID IN ('2')
   and iv.COMMENTS IS NULL
   and iti.SYS_INVOICE_NO=iv.SYS_INVOICE_NO and iv.STATUS='I' and (iv.BILL_ON_HOLD_FLG ='N' or iv.BILL_ON_HOLD_FLG is NULL) and (iv.BILL_VOID_FLG ='N' or iv.BILL_VOID_FLG is NULL) 
   and convert(date,iv.INVOICE_DATE)=#storeDate:DATE# and iv.TILL_NO = #tillNo:INTEGER#
   
   UNION ALL

   select SALES_ASSOC_ID as ARTICLE_NO,
   		 iti.SYS_INVOICE_NO AS INVOICE_NO,
         iti.ITEM_CODE AS SERVICE_NAME,
         PREPAID_AMOUNT = 0.0,
         CONVERT(VARCHAR,iti.CREATED_ON,120)as [CREATED_ON],
         STATUS = NULL,
         IS_INSURED = NULL,
         INSURANCE_AMOUNT = 0.0,
         VPP_AMOUNT = 0.0,
         iti.TOTAL_AMOUNT AS TOTAL_AMOUNT,
         COD_AMOUNT = 0.0,
         TRANSACTION_DETAIL = NULL,
         CHANNEL = 'POS'    
   from INVOICE_ITEM AS iti, INVOICE iv
   where 'ADV_INV'=#serviceId:VARCHAR#  and iti.CREATED_BY=#createdBy:VARCHAR# 
   and iv.SHIFT_NO=#shiftNo:VARCHAR# and (iti.ITEM_VOID_FLG = 'N' or iti.ITEM_VOID_FLG is null)
   and iv.INVOICE_TYPE_ID IN ('6')
   and iti.SYS_INVOICE_NO=iv.SYS_INVOICE_NO and iv.STATUS='I' and (iv.BILL_ON_HOLD_FLG ='N' or iv.BILL_ON_HOLD_FLG is NULL) and (iv.BILL_VOID_FLG ='N' or iv.BILL_VOID_FLG is NULL) 
   and convert(date,iv.INVOICE_DATE)=#storeDate:DATE# and iv.TILL_NO = #tillNo:INTEGER#
   
   UNION ALL
   
    select ARTICLE_NO = NULL,
    	 dbp.INVOICE_NO,
         SERVICE_NAME = 'BUSINESS_POST',
         PREPAID_AMOUNT = 0.0,
         CONVERT(VARCHAR,dbp.CREATED_ON,120)as [CREATED_ON],
         STATUS = NULL,
         IS_INSURED = NULL,
         INSURANCE_AMOUNT = 0.0,
         VPP_AMOUNT = 0.0,
         dbp.TOTAL_AMOUNT,
         COD_AMOUNT = 0.0,
         TRANSACTION_DETAIL = NULL,
         CHANNEL = 'POS'    
    from DOP_BUSINESS_POST AS dbp, INVOICE iv
	where 'BUSINESS_POST' = #serviceId:VARCHAR# and dbp.CREATED_BY=#createdBy:VARCHAR# 
	  and iv.SHIFT_NO=#shiftNo:VARCHAR# and dbp.IS_ARTICLE_VOID=0
	  and dbp.INVOICE_NO=iv.SYS_INVOICE_NO and iv.STATUS='I' and (iv.BILL_ON_HOLD_FLG ='N' or iv.BILL_ON_HOLD_FLG is NULL) and (iv.BILL_VOID_FLG ='N' or iv.BILL_VOID_FLG is NULL) 
      and convert(date,iv.INVOICE_DATE)=#storeDate:DATE# and iv.TILL_NO = #tillNo:INTEGER#

      UNION ALL
   
    select DISTINCT ARTICLE_NO = NULL,
    	 dbp.INVOICE_NO,
         SERVICE_NAME = 'EIOD',
         PREPAID_AMOUNT = 0.0,
         <!--  DATEFORMAT(dbp.CREATED_ON, 'yyyy-MM-dd HH:mm')as CREATED_ON,  -->
         CONVERT(VARCHAR,(iv.INVOICE_DATE + iv.INVOICE_END_TIME),120) as CREATED_ON,
         STATUS = NULL,
         IS_INSURED = NULL,
         INSURANCE_AMOUNT = 0.0,
         VPP_AMOUNT = 0.0,
         iv.TOTAL_AMOUNT,
         COD_AMOUNT = 0.0,
         TRANSACTION_DETAIL = NULL,
         CHANNEL = 'POS'    
    from DOP_EIOD_TRANSACTION AS dbp join INVOICE iv on dbp.INVOICE_NO=iv.SYS_INVOICE_NO
	where 'EIOD_SVC' = #serviceId:VARCHAR# and dbp.CREATED_BY=#createdBy:VARCHAR# 
	  and iv.SHIFT_NO=#shiftNo:VARCHAR# 
	  and iv.STATUS='I' and (iv.BILL_ON_HOLD_FLG ='N' or iv.BILL_ON_HOLD_FLG is NULL) and (iv.BILL_VOID_FLG ='N' or iv.BILL_VOID_FLG is NULL) 
      and convert(date,iv.INVOICE_DATE)=#storeDate:DATE# and iv.TILL_NO = #tillNo:INTEGER#
      <!-- GROUP BY dbp.INVOICE_NO,iv.TOTAL_AMOUNT , CREATED_ON  -->
      
      UNION ALL
      
    select ARTICLE_NO = NULL,
         put.INVOICE_NO,
         SERVICE_NAME = 'E_PAYMENT',
         PREPAID_AMOUNT = 0.0,
         CONVERT(VARCHAR,put.CREATED_ON,120)as [CREATED_ON],
         STATUS = 'B',
         IS_INSURED = NULL,
         INSURANCE_AMOUNT = 0.0,
         VPP_AMOUNT = 0.0,
         CASE WHEN IS_SKIP_PAYMENT= 1  THEN  0.00 ELSE put.BILL_AMOUNT END AS TOTAL_AMOUNT,
         COD_AMOUNT = 0.0,
         TRANSACTION_DETAIL = NULL, 
     	 CHANNEL = 'POS'
	from POSTAL_UTILITY_TRANSACTION AS put, INVOICE iv
	where 'E_PAYMENT'=#serviceId:VARCHAR# and put.CREATED_BY=#createdBy:VARCHAR# 
    	and iv.SHIFT_NO=#shiftNo:VARCHAR# and put.IS_ARTICLE_VOID=0
    	and put.INVOICE_NO=iv.SYS_INVOICE_NO and iv.STATUS='I' and (iv.BILL_ON_HOLD_FLG ='N' or iv.BILL_ON_HOLD_FLG is NULL) and (iv.BILL_VOID_FLG ='N' or iv.BILL_VOID_FLG is NULL) 
    	and convert(date,iv.INVOICE_DATE)=#storeDate:DATE# and iv.TILL_NO = #tillNo:INTEGER# and iv.INVOICE_TYPE_ID in (1,5)

    	
    	  UNION ALL
      
    select ARTICLE_NO = NULL,
         put.INVOICE_NO,
         SERVICE_NAME = 'E_PAYMENT',
         PREPAID_AMOUNT = 0.0,
         CONVERT(VARCHAR,put.CREATED_ON,120)as [CREATED_ON],
         STATUS = 'C',
         IS_INSURED = NULL,
         INSURANCE_AMOUNT = 0.0,
         VPP_AMOUNT = 0.0,
         CASE WHEN IS_SKIP_PAYMENT= 1  THEN  0.00 ELSE (-put.BILL_AMOUNT) END AS TOTAL_AMOUNT,
         COD_AMOUNT = 0.0,
         TRANSACTION_DETAIL = NULL, 
     	 CHANNEL = 'POS'
	from POSTAL_UTILITY_TRANSACTION AS put, INVOICE iv
	where 'E_PAYMENT'=#serviceId:VARCHAR# and put.CREATED_BY=#createdBy:VARCHAR# 
    	and iv.SHIFT_NO=#shiftNo:VARCHAR# and put.IS_ARTICLE_VOID=0
    	and put.INVOICE_NO=iv.SYS_INVOICE_NO and iv.STATUS='I' and (iv.BILL_ON_HOLD_FLG ='N' or iv.BILL_ON_HOLD_FLG is NULL) and (iv.BILL_VOID_FLG ='N' or iv.BILL_VOID_FLG is NULL) 
    	and convert(date,iv.INVOICE_DATE)=#storeDate:DATE# and iv.TILL_NO = #tillNo:INTEGER# and iv.INVOICE_TYPE_ID in ('2')
    	
    	  UNION ALL
    	  
      	select ARTICLE_NO = NULL,
    	 ddp.INVOICE_NO,
         SERVICE_NAME = 'DIRECT_POST',
         ddp.PREPAID_AMOUNT,
         CONVERT(VARCHAR,ddp.CREATED_ON,120)as [CREATED_ON],
         STATUS = NULL,
         IS_INSURED = NULL,
         INSURANCE_AMOUNT = 0.0,
         VPP_AMOUNT = 0.0,
         ddp.TOTAL_AMOUNT,
         COD_AMOUNT = 0.0,
         TRANSACTION_DETAIL = NULL,
    	 CHANNEL = 'POS'
    from DOP_DIRECT_POST AS ddp, INVOICE iv
	where 'DIRECTPOST'=#serviceId:VARCHAR# and ddp.CREATED_BY=#createdBy:VARCHAR# 
	  and iv.SHIFT_NO=#shiftNo:VARCHAR# and ddp.IS_ARTICLE_VOID=0
	  and ddp.INVOICE_NO=iv.SYS_INVOICE_NO and iv.STATUS='I' and (iv.BILL_ON_HOLD_FLG ='N' or iv.BILL_ON_HOLD_FLG is NULL) and (iv.BILL_VOID_FLG ='N' or iv.BILL_VOID_FLG is NULL) 
      and convert(date,iv.INVOICE_DATE)=#storeDate:DATE# and iv.TILL_NO = #tillNo:INTEGER#

	UNION ALL

	
select distinct (FROM_SERIAL_NO+'-'+CONVERT(VARCHAR(3),tab1.QUANTITY)) AS ARTICLE_NO,tab1.INVOICE_NO,SERVICE_NAME,PREPAID_AMOUNT,CONVERT(VARCHAR,tab1.CREATED_ON,120)as [CREATED_ON],STATUS,IS_INSURED,INSURANCE_AMOUNT,VPP_AMOUNT,
TOTAL_AMOUNT,COD_AMOUNT,TRANSACTION_DETAIL,CHANNEL
from
 	(select (ppos.PREFIX+CONVERT(VARCHAR(6),ppos.FROM_SERIAL_NO)) AS FROM_SERIAL_NO,ppos.QUANTITY,
 		 ppos.INVOICE_NO,
         SERVICE_NAME = 'IPO_SALE',
         PREPAID_AMOUNT = 0.0,
         CONVERT(VARCHAR,ppos.CREATED_ON,120)as [CREATED_ON],
         (CASE WHEN ppos.STATUS='S'
                   	 	THEN 'Spoiled'
                    WHEN ppos.STATUS='D'
                    	THEN 'Duplicate' 
                    WHEN (ppos.STATUS='R' AND ppos.REASON_CODE_ID ='4')
                   	 	THEN 'Transfered to S.O' 
                    WHEN (ppos.STATUS='R' AND ppos.REASON_CODE_ID ='3')
                   		 THEN 'Already Sold Out' 
                    ELSE 'Normal' END)  as STATUS,
         IS_INSURED = NULL,
         INSURANCE_AMOUNT = 0.0,
         VPP_AMOUNT = 0.0,
         TOTAL_AMOUNT = 0.00,
         COD_AMOUNT = 0.0,
         TRANSACTION_DETAIL = NULL,
 		 CHANNEL = 'POS'
	from POSTAL_POSTALORDER_SALE AS ppos INNER JOIN INVOICE iv
	where 'IPO_SALE'=#serviceId:VARCHAR# and ppos.CREATED_BY=#createdBy:VARCHAR# 
      and iv.SHIFT_NO=#shiftNo:VARCHAR# and ppos.IS_ARTICLE_VOID=0
      and ppos.STATUS IN('S','D','R')
      and ppos.INVOICE_NO=iv.SYS_INVOICE_NO and iv.STATUS='I' and (iv.BILL_ON_HOLD_FLG ='N' or iv.BILL_ON_HOLD_FLG is NULL) and (iv.BILL_VOID_FLG ='N' or iv.BILL_VOID_FLG is NULL) 
      and convert(date,iv.INVOICE_DATE)=#storeDate:DATE# and iv.TILL_NO = #tillNo:INTEGER#)tab1 INNER JOIN DOP_CASH_APPROVAL dca ON tab1.INVOICE_NO=dca.INVOICE_NO
      WHERE dca.ACCEPTANCE_FLAG IN ('A') and dca.ACTION_TYPE IN ('O')
      
      UNION ALL

 	select distinct (FROM_SERIAL_NO+'-'+CONVERT(VARCHAR(3),tab1.QUANTITY)) AS ARTICLE_NO,tab1.INVOICE_NO,SERVICE_NAME,PREPAID_AMOUNT,CONVERT(VARCHAR,tab1.CREATED_ON,120)as [CREATED_ON],STATUS,IS_INSURED,INSURANCE_AMOUNT,VPP_AMOUNT,
TOTAL_AMOUNT,COD_AMOUNT,TRANSACTION_DETAIL,CHANNEL
from
 	(
select (ppos.PREFIX+CONVERT(VARCHAR(6),ppos.FROM_SERIAL_NO)) AS FROM_SERIAL_NO,ppos.QUANTITY,
 		 ppos.INVOICE_NO,
         SERVICE_NAME = 'IPO_SALE',
         PREPAID_AMOUNT = 0.0,
         CONVERT(VARCHAR,ppos.CREATED_ON,120)as [CREATED_ON],
         STATUS='Normal',
         IS_INSURED = NULL,
         INSURANCE_AMOUNT = 0.0,
         VPP_AMOUNT = 0.0,
         ppos.TOTAL_AMOUNT AS TOTAL_AMOUNT,
         COD_AMOUNT = 0.0,
         TRANSACTION_DETAIL = NULL,
 		 CHANNEL = 'POS'
	from POSTAL_POSTALORDER_SALE AS ppos, INVOICE iv
	where 'IPO_SALE'=#serviceId:VARCHAR# and ppos.CREATED_BY=#createdBy:VARCHAR# 
      and iv.SHIFT_NO=#shiftNo:VARCHAR# and ppos.IS_ARTICLE_VOID=0
      and ppos.STATUS IN('P')
      and ppos.INVOICE_NO=iv.SYS_INVOICE_NO and iv.STATUS='I' and (iv.BILL_ON_HOLD_FLG ='N' or iv.BILL_ON_HOLD_FLG is NULL) and (iv.BILL_VOID_FLG ='N' or iv.BILL_VOID_FLG is NULL) 
      and convert(date,iv.INVOICE_DATE)=#storeDate:DATE# and iv.TILL_NO = #tillNo:INTEGER#)tab1
      
      UNION ALL
      
       select DISTINCT ARTICLE_NO = NULL,
         ppop.INVOICE_NO,
         SERVICE_NAME = 'IPO_PAYMENT',
         PREPAID_AMOUNT = 0.0,
         <!-- ppop.CREATED_ON, -->
        CONVERT(VARCHAR,(iv.INVOICE_DATE + iv.INVOICE_END_TIME),120) as CREATED_ON,
         STATUS = NULL,
         IS_INSURED = NULL,
         INSURANCE_AMOUNT = 0.0,
         VPP_AMOUNT = 0.0,
         (-iv.TOTAL_AMOUNT) TOTAL_AMOUNT,
         COD_AMOUNT = 0.0,
         TRANSACTION_DETAIL = NULL,
       	 CHANNEL = 'POS'
	from POSTAL_POSTALORDER_PAYMENT AS ppop, INVOICE iv
	where 'IPO_PAYMENT'=#serviceId:VARCHAR# and ppop.CREATED_BY=#createdBy:VARCHAR# 
      and iv.SHIFT_NO=#shiftNo:VARCHAR# and ppop.IS_ARTICLE_VOID=0
      and ppop.INVOICE_NO=iv.SYS_INVOICE_NO and iv.STATUS='I' and (iv.BILL_ON_HOLD_FLG ='N' or iv.BILL_ON_HOLD_FLG is NULL) and (iv.BILL_VOID_FLG ='N' or iv.BILL_VOID_FLG is NULL) 
      and convert(date,iv.INVOICE_DATE)=#storeDate:DATE# and iv.TILL_NO = #tillNo:INTEGER# 
      
     UNION ALL
     
      select tab1.ARTICLE_NO,
        tab1.INVOICE_NO,
      	('Partner Service - ' + tab1.BILLER_ID) AS SERVICE_NAME, 
		PREPAID_AMOUNT = 0.0,
        CONVERT(VARCHAR,tab1.CREATED_ON,120)as [CREATED_ON],
        STATUS = NULL,
        IS_INSURED = NULL,
        INSURANCE_AMOUNT = 0.0,
        VPP_AMOUNT = 0.0,
        tab1.TOTAL_AMOUNT,
        COD_AMOUNT = 0.0,
        TRANSACTION_DETAIL = NULL,
       	CHANNEL = 'POS' from
    	(select pbm.BILLER_ID, dpsb.REFERENCE_NO as ARTICLE_NO, dpsb.INVOICE_NO, CONVERT(VARCHAR,dpsb.CREATED_ON,120)as [CREATED_ON], dpsb.BILL_AMOUNT AS TOTAL_AMOUNT from  DOP_PARTNER_SERVICE_BOOKING dpsb 
    	join POSTAL_BILLER_MASTER pbm on dpsb.BILLER_ID = pbm.BILLER_ID where dpsb.BILLER_ID = #serviceId:VARCHAR#)tab1 
      join INVOICE i on tab1.INVOICE_NO = i.SYS_INVOICE_NO
   	  where i.invoice_date = #storeDate:DATE#
   		  and i.cashier_id= #createdBy:VARCHAR# 
          and i.shift_no= #shiftNo:CHAR#
          and i.status = 'I'
          and i.till_no = #tillNo:INTEGER#
          and (i.BILL_VOID_FLG is null or i.BILL_VOID_FLG = 'N') 
          and (i.BILL_ON_HOLD_FLG ='N' or i.BILL_ON_HOLD_FLG is NULL)
          
       UNION ALL
       
       select DISTINCT ARTICLE_NO = NULL,
       	i.SYS_INVOICE_NO AS INVOICE_NO,
      	psm.SERVICE_ID AS SERVICE_NAME, 
		PREPAID_AMOUNT = 0.0,
        CONVERT(VARCHAR,i.CREATED_ON,120)as [CREATED_ON],
        STATUS = 'R',
        IS_INSURED = NULL,
        INSURANCE_AMOUNT = 0.0,
        VPP_AMOUNT = 0.0,
        i.TOTAL_AMOUNT,
        COD_AMOUNT = 0.0,
        TRANSACTION_DETAIL = NULL,
       	CHANNEL = 'POS'
       from  invoice i join POSTAL_SERVICE_MASTER psm on i.COMMENTS = psm.SERVICE_ID
	   WHERE i.COMMENTS = #serviceId:VARCHAR#
	   	and i.invoice_date =#storeDate:DATE#
		and i.cashier_id= #createdBy:VARCHAR#   
		and i.shift_no= #shiftNo:CHAR#
		and i.status = 'I'
		and i.till_no = #tillNo:INTEGER#
		and i.invoice_type_id in (1,5) and i.COMMENTS='RECALL_INLAND'
		and (i.BILL_VOID_FLG is null or i.BILL_VOID_FLG = 'N') 
        and (i.BILL_ON_HOLD_FLG ='N' or i.BILL_ON_HOLD_FLG is NULL)
        
        UNION ALL
        
        select DISTINCT ARTICLE_NO = NULL,
       	i.SYS_INVOICE_NO AS INVOICE_NO,
      	psm.SERVICE_ID AS SERVICE_NAME, 
		PREPAID_AMOUNT = 0.0,
        CONVERT(VARCHAR,i.CREATED_ON,120)as [CREATED_ON],
        STATUS = NULL,
        IS_INSURED = NULL,
        INSURANCE_AMOUNT = 0.0,
        VPP_AMOUNT = 0.0,
        i.TOTAL_AMOUNT,
        COD_AMOUNT = 0.0,
        TRANSACTION_DETAIL = NULL,
       	CHANNEL = 'POS'
       from  invoice i join POSTAL_SERVICE_MASTER psm on i.COMMENTS = psm.SERVICE_ID
	   WHERE i.COMMENTS = #serviceId:VARCHAR#
	   	and i.invoice_date =#storeDate:DATE#
		and i.cashier_id= #createdBy:VARCHAR#   
		and i.shift_no= #shiftNo:CHAR#
		and i.status = 'I'
		and i.till_no = #tillNo:INTEGER#
		and i.invoice_type_id in (1,5) and i.COMMENTS!='RECALL_INLAND'
		and (i.BILL_VOID_FLG is null or i.BILL_VOID_FLG = 'N') 
        and (i.BILL_ON_HOLD_FLG ='N' or i.BILL_ON_HOLD_FLG is NULL)  
        
        UNION ALL
        
        select DISTINCT ARTICLE_NO = NULL,
       	i.SYS_INVOICE_NO AS INVOICE_NO,
      	psm.SERVICE_ID AS SERVICE_NAME, 
		PREPAID_AMOUNT = 0.0,
        CONVERT(VARCHAR,i.CREATED_ON,120)as [CREATED_ON],
        STATUS = NULL,
        IS_INSURED = NULL,
        INSURANCE_AMOUNT = 0.0,
        VPP_AMOUNT = 0.0,
        (-i.TOTAL_AMOUNT) TOTAL_AMOUNT,
        COD_AMOUNT = 0.0,
        TRANSACTION_DETAIL = NULL,
       	CHANNEL = 'POS'
       from  invoice i join POSTAL_SERVICE_MASTER psm on i.COMMENTS = psm.SERVICE_ID
	   WHERE i.COMMENTS = #serviceId:VARCHAR#
	   	and i.invoice_date =#storeDate:DATE#
		and i.cashier_id= #createdBy:VARCHAR#   
		and i.shift_no= #shiftNo:CHAR#
		and i.status = 'I'
		and i.till_no = #tillNo:INTEGER#
		and i.invoice_type_id in (2,3)
		and (i.BILL_VOID_FLG is null or i.BILL_VOID_FLG = 'N') 
        and (i.BILL_ON_HOLD_FLG ='N' or i.BILL_ON_HOLD_FLG is NULL)
        FOR READ ONLY
           
  </select>
  
    <select id="maxLineItemIdForInvoice" resultClass="java.lang.Integer" parameterClass="com.tcs.dop.pos.common.data.miscservice.DopMiscellaneousServiceSale" >
    select MAX(LINE_ITEM_ID) LINE_ITEM_ID
    from DOP_MISCELLANEOUS_SERVICE_SALE
    where INVOICE_NO = #invoiceNo:VARCHAR# 
    FOR READ ONLY
  </select>
  
  <select id="getVASDetails" resultMap="VASDetails" parameterClass="com.tcs.dop.pos.common.data.miscservice.DopMiscellaneousServiceSale" >
	Select CASE WHEN sum(Tab4.PREPAID_AMOUNT) IS NULL THEN 0.0 ELSE sum(Tab4.PREPAID_AMOUNT) END as PREPAID_AMOUNT,
        CASE WHEN sum(Tab4.INSURANCE_AMOUNT) IS NULL THEN 0.0 ELSE sum(Tab4.INSURANCE_AMOUNT) END as INSURANCE_AMOUNT,
        CASE WHEN sum(Tab4.VPP_AMOUNT) IS NULL THEN 0.0 ELSE sum(Tab4.VPP_AMOUNT) END as VPP_AMOUNT,
        CASE WHEN sum(Tab4.TOTAL_AMOUNT) IS NULL THEN 0.0 ELSE sum(Tab4.TOTAL_AMOUNT) END as TOTAL_AMOUNT,
        CASE WHEN sum(Tab5.COD_AMOUNT) IS NULL THEN 0.0 ELSE sum(Tab5.COD_AMOUNT) END as COD_AMOUNT
        
	FROM
		(Select Tab3.ARTICLE_NO,psm.SERVICE_NAME, Tab3.PREPAID_AMOUNT,Tab3.CREATED_ON, Tab3.STATUS, Tab3.IS_INSURED,
        	Tab3.INSURANCE_AMOUNT,Tab3.VPP_AMOUNT,Tab3.TOTAL_AMOUNT,Tab3.XML_DATA
	FROM 
		(select Tab1.* from (select pms.ARTICLE_NO as ARTICLE_NO,pms.PREPAID_AMOUNT,pms.CREATED_ON, 
        	CASE WHEN ipbi.STATUS IS NULL THEN 'B' ELSE ipbi.STATUS END STATUS,ipbi.IS_INSURED,CASE WHEN pms.INSURANCE_AMOUNT IS NULL THEN  0.00 ELSE pms.INSURANCE_AMOUNT END as INSURANCE_AMOUNT,
        	pms.VPP_AMOUNT,CASE WHEN pms.IS_SKIP_PAYMENT= 1  THEN  0.00 ELSE pms.TOTAL_AMOUNT END AS TOTAL_AMOUNT,
        	pms.XML_DATA,pms.SERVICE_ID,pms.CREATED_BY,pms.INVOICE_NO
	from POSTAL_MAIL_SERVICE as pms left outer join IPVS_POS_BOOKING_INTERFACE as ipbi
	ON pms.ARTICLE_NO=ipbi.ARTICLE_NO
	WHERE pms.SERVICE_ID=#serviceId:VARCHAR# AND pms.CREATED_BY=#createdBy:VARCHAR#  and pms.IS_ARTICLE_VOID=0 )Tab1
	INNER JOIN INVOICE iv ON Tab1.INVOICE_NO=iv.SYS_INVOICE_NO and Tab1.CREATED_BY = iv.cashier_id
	where  iv.STATUS='I' and (iv.BILL_ON_HOLD_FLG ='N' or iv.BILL_ON_HOLD_FLG is NULL) and (iv.BILL_VOID_FLG ='N' or iv.BILL_VOID_FLG is NULL)
	and convert(date,iv.INVOICE_DATE)=#storeDate:DATE#  and iv.TILL_NO = #tillNo:INTEGER# AND iv.SHIFT_NO=#shiftNo:VARCHAR#
	AND Tab1.STATUS IN ('B','C','D','P',''))Tab3
	INNER JOIN POSTAL_SERVICE_MASTER AS psm ON Tab3.SERVICE_ID=psm.SERVICE_ID)Tab4,openxml(Tab4.xml_data,'/XML_DATA') 
	with (COD_AMOUNT NUMERIC(11 , 2) 'COD_Amount')Tab5
	
	UNION ALL 
	
	SELECT CASE WHEN sum(dbm.PREPAID_AMOUNT) IS NULL THEN 0.0 ELSE sum(dbm.PREPAID_AMOUNT) END as PREPAID_AMOUNT,
		INSURANCE_AMOUNT = 0.0,
		VPP_AMOUNT = 0.0,
		TOTAL_AMOUNT = 0.0,
		COD_AMOUNT = 0.0 
	FROM DOP_BILL_MAIL dbm JOIN INVOICE iv ON dbm.INVOICE_NO=iv.SYS_INVOICE_NO
	WHERE dbm.SERVICE_ID=#serviceId:VARCHAR# and dbm.IS_ARTICLE_VOID=0 and iv.STATUS='I' and (iv.BILL_ON_HOLD_FLG ='N' or iv.BILL_ON_HOLD_FLG is NULL) 
	and (iv.BILL_VOID_FLG ='N' or iv.BILL_VOID_FLG is NULL) and convert(date,iv.INVOICE_DATE)=#storeDate:DATE# and iv.TILL_NO = #tillNo:INTEGER# 
	and iv.SHIFT_NO=#shiftNo:VARCHAR#
	
	UNION ALL 
	
	SELECT CASE WHEN sum(ddp.PREPAID_AMOUNT) IS NULL THEN 0.0 ELSE sum(ddp.PREPAID_AMOUNT) END as PREPAID_AMOUNT,
		INSURANCE_AMOUNT = 0.0,
		VPP_AMOUNT = 0.0,
		TOTAL_AMOUNT = 0.0,
		COD_AMOUNT = 0.0
	FROM DOP_DIRECT_POST ddp JOIN INVOICE iv ON ddp.INVOICE_NO=iv.SYS_INVOICE_NO
	WHERE 'DIRECTPOST'=#serviceId:VARCHAR# and ddp.CREATED_BY=#createdBy:VARCHAR# and ddp.IS_ARTICLE_VOID=0 and iv.STATUS='I' and (iv.BILL_ON_HOLD_FLG ='N' or iv.BILL_ON_HOLD_FLG is NULL)
	and (iv.BILL_VOID_FLG ='N' or iv.BILL_VOID_FLG is NULL) and convert(date,iv.INVOICE_DATE)=#storeDate:DATE# and iv.TILL_NO = #tillNo:INTEGER# and iv.SHIFT_NO=#shiftNo:VARCHAR#
	</select>
	
	
<resultMap id="abatorgenerated_selectMiscOtherServiceList" class="com.tcs.dop.pos.common.data.miscservice.DopMiscellaneousServiceSale">
	<result column="SERVICE_NAME" property="serviceName" jdbcType="VARCHAR" />
	<result column="SERVICE_ID" property="serviceId" jdbcType="VARCHAR" />
	<result column="ORDER_TYPE" property="orderType" jdbcType="VARCHAR" />
</resultMap>
	
<select id="selectMiscOtherServiceList" resultMap="abatorgenerated_selectMiscOtherServiceList" parameterClass="com.tcs.dop.pos.common.data.miscservice.DopMiscellaneousServiceSale" >
    SELECT psm.SERVICE_ID,psm.SERVICE_NAME,psm.ORDER_TYPE FROM POSTAL_SERVICE_MASTER psm INNER JOIN POSTAL_SERVICE_STORE_MAPPING pssm
	ON psm.SERVICE_ID=pssm.SERVICE_ID
	WHERE psm.SERVICE_TYPE='O' 
	AND (pssm.ACTIVATION_DATE &lt;= getdate())
	AND (pssm.EXPIRY_DATE &gt;= getdate() OR pssm.EXPIRY_DATE is NULL)
	AND psm.ACTIVATION_DATE &lt;= getdate()
	AND (psm.EXPIRY_DATE &gt;= getdate() OR psm.EXPIRY_DATE is NULL)
	FOR READ ONLY
</select>
	
</sqlMap>