<?xml version="1.0" encoding="UTF-8" ?>
<!DOCTYPE sqlMap PUBLIC "-//ibatis.apache.org//DTD SQL Map 2.0//EN" "http://ibatis.apache.org/dtd/sql-map-2.dtd" >
<sqlMap namespace="applicability_master" >
  <resultMap id="ibatorgenerated_BaseResultMap" class="com.tcs.pos.local.config.util.ApplicabilityMaster" >
    <!--
      WARNING - This element is automatically generated by Apache iBATIS ibator, do not modify.
      This element was generated on Tue Jan 17 14:47:29 IST 2012.
    -->
    <result column="APPLICABILITY" property="applicability" jdbcType="CHAR" />
    <result column="APPLICABILITY_DESC" property="applicabilityDesc" jdbcType="VARCHAR" />
    <result column="CREATED_BY" property="createdBy" jdbcType="VARCHAR" />
    <result column="CREATED_ON" property="createdOn" jdbcType="TIMESTAMP" />
    <result column="MODIFIED_BY" property="modifiedBy" jdbcType="VARCHAR" />
    <result column="MODIFIED_ON" property="modifiedOn" jdbcType="TIMESTAMP" />
  </resultMap>
  
  
  <select id="ibatorgenerated_selectByPrimaryKey" resultMap="ibatorgenerated_BaseResultMap" parameterClass="com.tcs.pos.local.config.util.ApplicabilityMaster" >
    <!--
      WARNING - This element is automatically generated by Apache iBATIS ibator, do not modify.
      This element was generated on Tue Jan 17 14:47:29 IST 2012.
    -->
    select APPLICABILITY, APPLICABILITY_DESC, CREATED_BY, CREATED_ON, MODIFIED_BY, MODIFIED_ON
    from applicability_master
    where APPLICABILITY = #applicability:CHAR# FOR READ ONLY
  </select>
  <delete id="ibatorgenerated_deleteByPrimaryKey" parameterClass="com.tcs.pos.local.config.util.ApplicabilityMaster" >
    <!--
      WARNING - This element is automatically generated by Apache iBATIS ibator, do not modify.
      This element was generated on Tue Jan 17 14:47:29 IST 2012.
    -->
    delete from applicability_master
    where APPLICABILITY = #applicability:CHAR#
  </delete>
  
  <insert id="ibatorgenerated_insert" parameterClass="com.tcs.pos.local.config.util.ApplicabilityMaster" >
    <!--
      WARNING - This element is automatically generated by Apache iBATIS ibator, do not modify.
      This element was generated on Tue Jan 17 14:47:29 IST 2012.
    -->
    insert into applicability_master (APPLICABILITY, APPLICABILITY_DESC, CREATED_BY, CREATED_ON,
      MODIFIED_BY, MODIFIED_ON)
    values (#applicability:CHAR#, #applicabilityDesc:VARCHAR#, #createdBy:VARCHAR#,
      getdate(), #modifiedBy:VARCHAR#, getdate())
  </insert>
  <insert id="ibatorgenerated_insertSelective" parameterClass="com.tcs.pos.local.config.util.ApplicabilityMaster" >
    <!--
      WARNING - This element is automatically generated by Apache iBATIS ibator, do not modify.
      This element was generated on Tue Jan 17 14:47:29 IST 2012.
    -->
    insert into applicability_master
    <dynamic prepend="(" >
      <isNotNull prepend="," property="applicability" >
        APPLICABILITY
      </isNotNull>
      <isNotNull prepend="," property="applicabilityDesc" >
        APPLICABILITY_DESC
      </isNotNull>
      <isNotNull prepend="," property="createdBy" >
        CREATED_BY
      </isNotNull>
      <isNotNull prepend="," property="createdOn" >
        CREATED_ON
      </isNotNull>
      <isNotNull prepend="," property="modifiedBy" >
        MODIFIED_BY
      </isNotNull>
      <isNotNull prepend="," property="modifiedOn" >
        MODIFIED_ON
      </isNotNull>
      )
    </dynamic>
    values
    <dynamic prepend="(" >
      <isNotNull prepend="," property="applicability" >
        #applicability:CHAR#
      </isNotNull>
      <isNotNull prepend="," property="applicabilityDesc" >
        #applicabilityDesc:VARCHAR#
      </isNotNull>
      <isNotNull prepend="," property="createdBy" >
        #createdBy:VARCHAR#
      </isNotNull>
      <isNotNull prepend="," property="createdOn" >
        getdate()
      </isNotNull>
      <isNotNull prepend="," property="modifiedBy" >
        #modifiedBy:VARCHAR#
      </isNotNull>
      <isNotNull prepend="," property="modifiedOn" >
        getdate()
      </isNotNull>
      )
    </dynamic>
  </insert>
  
  <update id="ibatorgenerated_updateByPrimaryKeySelective" parameterClass="com.tcs.pos.local.config.util.ApplicabilityMaster" >
    <!--
      WARNING - This element is automatically generated by Apache iBATIS ibator, do not modify.
      This element was generated on Tue Jan 17 14:47:29 IST 2012.
    -->
    update applicability_master
    <dynamic prepend="set" >
      <isNotNull prepend="," property="applicabilityDesc" >
        APPLICABILITY_DESC = #applicabilityDesc:VARCHAR#
      </isNotNull>
      <isNotNull prepend="," property="createdBy" >
        CREATED_BY = #createdBy:VARCHAR#
      </isNotNull>
      <isNotNull prepend="," property="createdOn" >
        CREATED_ON = getdate()
      </isNotNull>
      <isNotNull prepend="," property="modifiedBy" >
        MODIFIED_BY = #modifiedBy:VARCHAR#
      </isNotNull>
      <isNotNull prepend="," property="modifiedOn" >
        MODIFIED_ON = getdate()
      </isNotNull>
    </dynamic>
    where APPLICABILITY = #applicability:CHAR#
  </update>
  <update id="ibatorgenerated_updateByPrimaryKey" parameterClass="com.tcs.pos.local.config.util.ApplicabilityMaster" >
    <!--
      WARNING - This element is automatically generated by Apache iBATIS ibator, do not modify.
      This element was generated on Tue Jan 17 14:47:29 IST 2012.
    -->
    update applicability_master
    set APPLICABILITY_DESC = #applicabilityDesc:VARCHAR#,
      CREATED_BY = #createdBy:VARCHAR#,
      CREATED_ON = getdate(),
      MODIFIED_BY = #modifiedBy:VARCHAR#,
      MODIFIED_ON = getdate()
    where APPLICABILITY = #applicability:CHAR#
  </update>
</sqlMap>