<?xml version="1.0" encoding="UTF-8" ?>
<!DOCTYPE sqlMap PUBLIC "-//ibatis.apache.org//DTD SQL Map 2.0//EN" "http://ibatis.apache.org/dtd/sql-map-2.dtd" >
<sqlMap namespace="POSTAL_AAB_DETAILS_ADDITIONAL_SERVICE" >
  <resultMap id="abatorgenerated_PostalAabDetailsAdditionalServiceResult" class="com.tcs.postal.common.data.mail.PostalAabDetailsAdditionalService" >
    <!--
      WARNING - This element is automatically generated by Abator for iBATIS, do not modify.
      This element was generated on Mon Sep 23 18:56:08 IST 2013.
    -->
    <result column="ADDL_SERVICE_ID" property="addlServiceId" jdbcType="VARCHAR" />
    <result column="ARTICLE_NO" property="articleNo" jdbcType="VARCHAR" />
    <result column="CREATED_BY" property="createdBy" jdbcType="VARCHAR" />
    <result column="CREATED_ON" property="createdOn" jdbcType="TIMESTAMP" />
    <result column="MODIFIED_BY" property="modifiedBy" jdbcType="VARCHAR" />
    <result column="MODIFIED_ON" property="modifiedOn" jdbcType="TIMESTAMP" />
  </resultMap>
  <select id="abatorgenerated_selectByPrimaryKey" resultMap="abatorgenerated_PostalAabDetailsAdditionalServiceResult" parameterClass="com.tcs.postal.common.data.mail.PostalAabDetailsAdditionalServiceKey" >
    <!--
      WARNING - This element is automatically generated by Abator for iBATIS, do not modify.
      This element was generated on Mon Sep 23 18:56:08 IST 2013.
    -->
    select ADDL_SERVICE_ID, ARTICLE_NO, CREATED_BY, CREATED_ON, MODIFIED_BY, MODIFIED_ON
    from POSTAL_AAB_DETAILS_ADDITIONAL_SERVICE
    where ADDL_SERVICE_ID = #addlServiceId:VARCHAR#
      and ARTICLE_NO = #articleNo:VARCHAR# FOR READ ONLY
  </select>
  <delete id="abatorgenerated_deleteByPrimaryKey" parameterClass="com.tcs.postal.common.data.mail.PostalAabDetailsAdditionalServiceKey" >
    <!--
      WARNING - This element is automatically generated by Abator for iBATIS, do not modify.
      This element was generated on Mon Sep 23 18:56:08 IST 2013.
    -->
    delete from POSTAL_AAB_DETAILS_ADDITIONAL_SERVICE
    where ADDL_SERVICE_ID = #addlServiceId:VARCHAR#
      and ARTICLE_NO = #articleNo:VARCHAR#
  </delete>
  <insert id="abatorgenerated_insert" parameterClass="com.tcs.postal.common.data.mail.PostalAabDetailsAdditionalService" >
    <!--
      WARNING - This element is automatically generated by Abator for iBATIS, do not modify.
      This element was generated on Mon Sep 23 18:56:08 IST 2013.
    -->
    insert into POSTAL_AAB_DETAILS_ADDITIONAL_SERVICE (ADDL_SERVICE_ID, ARTICLE_NO, CREATED_BY,
      CREATED_ON, MODIFIED_BY, MODIFIED_ON)
    values (#addlServiceId:VARCHAR#, #articleNo:VARCHAR#, #createdBy:VARCHAR#,
      getdate(), #modifiedBy:VARCHAR#, getdate())
  </insert>
  <update id="abatorgenerated_updateByPrimaryKey" parameterClass="com.tcs.postal.common.data.mail.PostalAabDetailsAdditionalService" >
    <!--
      WARNING - This element is automatically generated by Abator for iBATIS, do not modify.
      This element was generated on Mon Sep 23 18:56:08 IST 2013.
    -->
    update POSTAL_AAB_DETAILS_ADDITIONAL_SERVICE
    set CREATED_BY = #createdBy:VARCHAR#,
      CREATED_ON = getdate(),
      MODIFIED_BY = #modifiedBy:VARCHAR#,
      MODIFIED_ON = getdate()
    where ADDL_SERVICE_ID = #addlServiceId:VARCHAR#
      and ARTICLE_NO = #articleNo:VARCHAR#
  </update>
  <update id="abatorgenerated_updateByPrimaryKeySelective" parameterClass="com.tcs.postal.common.data.mail.PostalAabDetailsAdditionalService" >
    <!--
      WARNING - This element is automatically generated by Abator for iBATIS, do not modify.
      This element was generated on Mon Sep 23 18:56:08 IST 2013.
    -->
    update POSTAL_AAB_DETAILS_ADDITIONAL_SERVICE
    <dynamic prepend="set" >
      <isNotNull prepend="," property="createdBy" >
        CREATED_BY = #createdBy:VARCHAR#
      </isNotNull>
      <isNotNull prepend="," property="createdOn" >
        CREATED_ON = getdate()
      </isNotNull>
      <isNotNull prepend="," property="modifiedBy" >
        MODIFIED_BY = #modifiedBy:VARCHAR#
      </isNotNull>
      <isNotNull prepend="," property="modifiedOn" >
        MODIFIED_ON = getdate()
      </isNotNull>
    </dynamic>
    where ADDL_SERVICE_ID = #addlServiceId:VARCHAR#
      and ARTICLE_NO = #articleNo:VARCHAR#
  </update>
</sqlMap>