<?xml version="1.0" encoding="UTF-8" ?>
<!DOCTYPE sqlMap PUBLIC "-//ibatis.apache.org//DTD SQL Map 2.0//EN" "http://ibatis.apache.org/dtd/sql-map-2.dtd" >
<sqlMap namespace="IPVS_FACILITY_MASTER" >
  <resultMap id="abatorgenerated_IpvsFacilityMasterResult" class="com.tcs.dop.pos.common.data.ipvsfacility.IpvsFacilityMaster" >
    <!--
      WARNING - This element is automatically generated by Abator for iBATIS, do not modify.
      This element was generated on Sat Mar 29 09:49:34 IST 2014.
    -->
    <result column="FACILITY_ID" property="facilityId" jdbcType="VARCHAR" />
    <result column="FACILITY_NAME" property="facilityName" jdbcType="VARCHAR" />
    <result column="FACILITY_SUPERVISOR_NAME" property="facilitySupervisorName" jdbcType="VARCHAR" />
    <result column="FACILITY_CITY" property="facilityCity" jdbcType="VARCHAR" />
    <result column="FACILITY_STATE" property="facilityState" jdbcType="VARCHAR" />
    <result column="FACILITY_PINCODE" property="facilityPincode" jdbcType="INTEGER" />
    <result column="FACILITY_ADDRESS_LINE1" property="facilityAddressLine1" jdbcType="VARCHAR" />
    <result column="FACILITY_ADDRESS_LINE2" property="facilityAddressLine2" jdbcType="VARCHAR" />
    <result column="FACILITY_ADDRESS_LINE3" property="facilityAddressLine3" jdbcType="VARCHAR" />
    <result column="FACILITY_EMAIL_ID" property="facilityEmailId" jdbcType="VARCHAR" />
    <result column="FACILITY_PHONE_No" property="facilityPhoneNo" jdbcType="VARCHAR" />
    <result column="FACILITY_CIRCLE_CODE" property="facilityCircleCode" jdbcType="CHAR" />
  </resultMap>
  <select id="abatorgenerated_selectByPrimaryKey" resultMap="abatorgenerated_IpvsFacilityMasterResult" parameterClass="com.tcs.dop.pos.common.data.ipvsfacility.IpvsFacilityMaster" >
    <!--
      WARNING - This element is automatically generated by Abator for iBATIS, do not modify.
      This element was generated on Sat Mar 29 09:49:34 IST 2014.
    -->
    select FACILITY_ID, FACILITY_NAME, FACILITY_SUPERVISOR_NAME, FACILITY_CITY, FACILITY_STATE,
      FACILITY_PINCODE, FACILITY_ADDRESS_LINE1, FACILITY_ADDRESS_LINE2, FACILITY_ADDRESS_LINE3,
      FACILITY_EMAIL_ID, FACILITY_PHONE_No, FACILITY_CIRCLE_CODE
    from IPVS_FACILITY_MASTER
    where FACILITY_ID = #facilityId:VARCHAR# FOR READ ONLY
  </select>
  <delete id="abatorgenerated_deleteByPrimaryKey" parameterClass="com.tcs.dop.pos.common.data.ipvsfacility.IpvsFacilityMaster" >
    <!--
      WARNING - This element is automatically generated by Abator for iBATIS, do not modify.
      This element was generated on Sat Mar 29 09:49:34 IST 2014.
    -->
    delete from IPVS_FACILITY_MASTER
    where FACILITY_ID = #facilityId:VARCHAR#
  </delete>
  <insert id="abatorgenerated_insert" parameterClass="com.tcs.dop.pos.common.data.ipvsfacility.IpvsFacilityMaster" >
    <!--
      WARNING - This element is automatically generated by Abator for iBATIS, do not modify.
      This element was generated on Sat Mar 29 09:49:34 IST 2014.
    -->
    insert into IPVS_FACILITY_MASTER (FACILITY_ID, FACILITY_NAME, FACILITY_SUPERVISOR_NAME,
      FACILITY_CITY, FACILITY_STATE, FACILITY_PINCODE, FACILITY_ADDRESS_LINE1,
      FACILITY_ADDRESS_LINE2, FACILITY_ADDRESS_LINE3, FACILITY_EMAIL_ID, FACILITY_PHONE_No,
      FACILITY_CIRCLE_CODE)
    values (#facilityId:VARCHAR#, #facilityName:VARCHAR#, #facilitySupervisorName:VARCHAR#,
      #facilityCity:VARCHAR#, #facilityState:VARCHAR#, #facilityPincode:INTEGER#,
      #facilityAddressLine1:VARCHAR#, #facilityAddressLine2:VARCHAR#,
      #facilityAddressLine3:VARCHAR#, #facilityEmailId:VARCHAR#, #facilityPhoneNo:VARCHAR#,
      #facilityCircleCode:CHAR#)
  </insert>
  <update id="abatorgenerated_updateByPrimaryKey" parameterClass="com.tcs.dop.pos.common.data.ipvsfacility.IpvsFacilityMaster" >
    <!--
      WARNING - This element is automatically generated by Abator for iBATIS, do not modify.
      This element was generated on Sat Mar 29 09:49:34 IST 2014.
    -->
    update IPVS_FACILITY_MASTER
    set FACILITY_NAME = #facilityName:VARCHAR#,
      FACILITY_SUPERVISOR_NAME = #facilitySupervisorName:VARCHAR#,
      FACILITY_CITY = #facilityCity:VARCHAR#,
      FACILITY_STATE = #facilityState:VARCHAR#,
      FACILITY_PINCODE = #facilityPincode:INTEGER#,
      FACILITY_ADDRESS_LINE1 = #facilityAddressLine1:VARCHAR#,
      FACILITY_ADDRESS_LINE2 = #facilityAddressLine2:VARCHAR#,
      FACILITY_ADDRESS_LINE3 = #facilityAddressLine3:VARCHAR#,
      FACILITY_EMAIL_ID = #facilityEmailId:VARCHAR#,
      FACILITY_PHONE_No = #facilityPhoneNo:VARCHAR#,
      FACILITY_CIRCLE_CODE = #facilityCircleCode:CHAR#
    where FACILITY_ID = #facilityId:VARCHAR#
  </update>
  <update id="abatorgenerated_updateByPrimaryKeySelective" parameterClass="com.tcs.dop.pos.common.data.ipvsfacility.IpvsFacilityMaster" >
    <!--
      WARNING - This element is automatically generated by Abator for iBATIS, do not modify.
      This element was generated on Sat Mar 29 09:49:34 IST 2014.
    -->
    update IPVS_FACILITY_MASTER
    <dynamic prepend="set" >
      <isNotNull prepend="," property="facilityName" >
        FACILITY_NAME = #facilityName:VARCHAR#
      </isNotNull>
      <isNotNull prepend="," property="facilitySupervisorName" >
        FACILITY_SUPERVISOR_NAME = #facilitySupervisorName:VARCHAR#
      </isNotNull>
      <isNotNull prepend="," property="facilityCity" >
        FACILITY_CITY = #facilityCity:VARCHAR#
      </isNotNull>
      <isNotNull prepend="," property="facilityState" >
        FACILITY_STATE = #facilityState:VARCHAR#
      </isNotNull>
      <isNotNull prepend="," property="facilityPincode" >
        FACILITY_PINCODE = #facilityPincode:INTEGER#
      </isNotNull>
      <isNotNull prepend="," property="facilityAddressLine1" >
        FACILITY_ADDRESS_LINE1 = #facilityAddressLine1:VARCHAR#
      </isNotNull>
      <isNotNull prepend="," property="facilityAddressLine2" >
        FACILITY_ADDRESS_LINE2 = #facilityAddressLine2:VARCHAR#
      </isNotNull>
      <isNotNull prepend="," property="facilityAddressLine3" >
        FACILITY_ADDRESS_LINE3 = #facilityAddressLine3:VARCHAR#
      </isNotNull>
      <isNotNull prepend="," property="facilityEmailId" >
        FACILITY_EMAIL_ID = #facilityEmailId:VARCHAR#
      </isNotNull>
      <isNotNull prepend="," property="facilityPhoneNo" >
        FACILITY_PHONE_No = #facilityPhoneNo:VARCHAR#
      </isNotNull>
      <isNotNull prepend="," property="facilityCircleCode" >
        FACILITY_CIRCLE_CODE = #facilityCircleCode:CHAR#
      </isNotNull>
    </dynamic>
    where FACILITY_ID = #facilityId:VARCHAR#
  </update>
</sqlMap>