<?xml version="1.0" encoding="UTF-8"?>
<!DOCTYPE daoConfig
PUBLIC "-//ibatis.apache.org//DTD DAO Configuration 2.0//EN"
"http://ibatis.apache.org/dtd/dao-2.dtd">
<daoConfig>
	<context id="sqlmap">
		<transactionManager type="SQLMAP">
			<property name="SqlMapConfigResource" value="sybase/dao/pos_SqlMapConfig.xml"/>
		</transactionManager>
		 	<!-- Added by Sneha for DOP Business Post -->
		<dao interface="com.tcs.dop.pos.server.dao.bpost.DopBusinessPostDAO" implementation="com.tcs.dop.pos.server.dao.bpost.DopBusinessPostDAOImpl"/> 
		<dao interface="com.tcs.dop.pos.server.dao.bpost.DopBusinessPostServiceMasterDAO" implementation="com.tcs.dop.pos.server.dao.bpost.DopBusinessPostServiceMasterDAOImpl"/> 
		<dao interface="com.tcs.dop.pos.server.dao.bpost.DopBusinessPostAssociatedServicesDAO" implementation="com.tcs.dop.pos.server.dao.bpost.DopBusinessPostAssociatedServicesDAOImpl"/> 
		<dao interface="com.tcs.pos.server.dao.promotions.MerchCatMasterDAO" implementation="com.tcs.pos.server.dao.promotions.MerchCatMasterDAOImpl"/>
		<dao interface="com.tcs.pos.server.dao.cashieroperation.common.XrefUsrRoleDAO" implementation="com.tcs.pos.server.dao.cashieroperation.common.XrefUsrRoleDAOImpl"/>
		<dao interface="com.tcs.pos.server.dao.promotions.XrefPromoMasterTypeDAO" implementation="com.tcs.pos.server.dao.promotions.XrefPromoMasterTypeDAOImpl"/>
	<!--  <dao interface="com.tcs.retail.pos.dao.XrefInvoicePromotionDAO" implementation="com.tcs.retail.pos.dao.XrefInvoicePromotionDAOImpl"/>-->
		<dao interface="com.tcs.pos.server.dao.payment.common.XrefInvoiceGroupLevelDAO" implementation="com.tcs.pos.server.dao.payment.common.XrefInvoiceGroupLevelDAOImpl"/>
		<dao interface="com.tcs.pos.server.dao.dayactivities.common.WeatherInfoRegisterDAO" implementation="com.tcs.pos.server.dao.dayactivities.common.WeatherInfoRegisterDAOImpl"/>
		<dao interface="com.tcs.pos.server.dao.dayactivities.common.WalkinRegisterDAO" implementation="com.tcs.pos.server.dao.dayactivities.common.WalkinRegisterDAOImpl"/>
		<dao interface="com.tcs.pos.server.dao.cashieroperation.login.UserDAO" implementation="com.tcs.pos.server.dao.cashieroperation.login.UserDAOImpl"/>
		<dao interface="com.tcs.pos.server.dao.common.TxDocumentRegisterDAO" implementation="com.tcs.pos.server.dao.common.TxDocumentRegisterDAOImpl"/>
		<!--<dao interface="com.tcs.pos.server.dao.payment.common.TmpPriceChangeDAO" implementation="com.tcs.pos.server.dao.payment.common.TmpPriceChangeDAOImpl"/>-->
		<dao interface="com.tcs.pos.server.dao.invoicelevel.billlookup.TillMasterDAO" implementation="com.tcs.pos.server.dao.invoicelevel.billlookup.TillMasterDAOImpl"/>
		<dao interface="com.tcs.pos.server.dao.payment.common.TenderTypeLevel2DAO" implementation="com.tcs.pos.server.dao.payment.common.TenderTypeLevel2DAOImpl"/>
		<dao interface="com.tcs.pos.server.dao.payment.common.TendersIssuedDAO" implementation="com.tcs.pos.server.dao.payment.common.TendersIssuedDAOImpl"/>
		<!-- DOP Dao List -->
		<dao interface="com.tcs.dop.server.dao.common.DopPolilcyPremiumMasterDAO" implementation="com.tcs.dop.server.dao.common.DopPolilcyPremiumMasterDAOImpl"/>
		<dao interface="com.tcs.dop.server.dao.common.DopPolilcyTenureMasterDAO" implementation="com.tcs.dop.server.dao.common.DopPolilcyTenureMasterDAOImpl"/>
		<dao interface="com.tcs.dop.server.dao.common.DopPolilcyTypeMasterDAO" implementation="com.tcs.dop.server.dao.common.DopPolilcyTypeMasterDAOImpl"/>
		<dao interface="com.tcs.dop.server.dao.common.DopPostalLifeInsuranceDAO" implementation="com.tcs.dop.server.dao.common.DopPostalLifeInsuranceDAOImpl"/>
		<dao interface="com.tcs.dop.server.dao.speedpost.DopDestinationCostMasterDAO" implementation="com.tcs.dop.server.dao.speedpost.DopDestinationCostMasterDAOImpl"/>
		<dao interface="com.tcs.dop.server.dao.billpay.DopUtilityBillDAO" implementation="com.tcs.dop.server.dao.billpay.DopUtilityBillDAOImpl"/>
		<dao interface="com.tcs.dop.server.dao.speedpost.DopSpeedPostDAO" implementation="com.tcs.dop.server.dao.speedpost.DopSpeedPostDAOImpl"/>
		<dao interface="com.tcs.pos.server.dao.payment.common.TenderColumnsValueDAO" implementation="com.tcs.pos.server.dao.payment.common.TenderColumnsValueDAOImpl"/>

	<!-- <dao interface="com.tcs.retail.pos.dao.TenderColumnsUiDAO" implementation="com.tcs.retail.pos.dao.TenderColumnsUiDAOImpl"/> -->
	<!-- <dao interface="com.tcs.retail.pos.dao.TenderColDefinitionDAO" implementation="com.tcs.retail.pos.dao.TenderColDefinitionDAOImpl"/> -->
	<!--<dao interface="com.tcs.retail.pos.dao.TaxMasterDAO" implementation="com.tcs.retail.pos.dao.TaxMasterDAOImpl"/>-->
		<dao interface="com.tcs.pos.server.dao.common.SystemMessageMasterDAO" implementation="com.tcs.pos.server.dao.common.SystemMessageMasterDAOImpl"/>
		<dao interface="com.tcs.pos.server.dao.payment.common.ShelfEdgeDesignDAO" implementation="com.tcs.pos.server.dao.payment.common.ShelfEdgeDesignDAOImpl"/>
		<dao interface="com.tcs.pos.server.dao.dayactivities.common.ReportDesignDAO" implementation="com.tcs.pos.server.dao.dayactivities.common.ReportDesignDAOImpl"/>
	<!--<dao interface="com.tcs.retail.pos.dao.PromoMsgPrintDesignDAO" implementation="com.tcs.retail.pos.dao.PromoMsgPrintDesignDAOImpl"/>-->
	<!-- <dao interface="com.tcs.retail.pos.dao.PickupDetailsDAO" implementation="com.tcs.retail.pos.dao.PickupDetailsDAOImpl"/>-->
		<dao interface="com.tcs.pos.server.dao.payment.common.PaymentDetailsDAO" implementation="com.tcs.pos.server.dao.payment.common.PaymentDetailsDAOImpl"/>
		<dao interface="com.tcs.pos.server.dao.invoice.sales.ParameterMasterDAO" implementation="com.tcs.pos.server.dao.invoice.sales.ParameterMasterDAOImpl"/>
	<!--<dao interface="com.tcs.retail.pos.dao.NotificationRegisterDAO" implementation="com.tcs.retail.pos.dao.NotificationRegisterDAOImpl"/>-->
		<dao interface="com.tcs.pos.server.dao.payment.common.MfgFreeGoodsDAO" implementation="com.tcs.pos.server.dao.payment.common.MfgFreeGoodsDAOImpl"/>
		<dao interface="com.tcs.pos.server.dao.payment.common.ManagerAuthRegisterDAO" implementation="com.tcs.pos.server.dao.payment.common.ManagerAuthRegisterDAOImpl"/>
	<!--<dao interface="com.tcs.retail.pos.dao.LoyaltyTierMasterDAO" implementation="com.tcs.retail.pos.dao.LoyaltyTierMasterDAOImpl"/>-->
	<!--<dao interface="com.tcs.retail.pos.dao.LoyaltyCardDAO" implementation="com.tcs.retail.pos.dao.LoyaltyCardDAOImpl"/>-->
	<!--<dao interface="com.tcs.retail.pos.dao.LoyaltyAssocCardDAO" implementation="com.tcs.retail.pos.dao.LoyaltyAssocCardDAOImpl"/>-->
		<dao interface="com.tcs.pos.server.dao.invoice.sales.ItemInventoryDAO" implementation="com.tcs.pos.server.dao.invoice.sales.ItemInventoryDAOImpl"/>
		<dao interface="com.tcs.pos.server.dao.invoice.sales.ItemEanDAO" implementation="com.tcs.pos.server.dao.invoice.sales.ItemEanDAOImpl"/>
		<dao interface="com.tcs.pos.server.dao.invoice.sales.InvoicePrintDAO" implementation="com.tcs.pos.server.dao.invoice.sales.InvoicePrintDAOImpl"/>
		<dao interface="com.tcs.pos.server.dao.invoice.sales.InvoiceItemDAO" implementation="com.tcs.pos.server.dao.invoice.sales.InvoiceItemDAOImpl"/>
		<dao interface="com.tcs.pos.server.dao.invoice.sales.InvoiceItemExtnDAO" implementation="com.tcs.pos.server.dao.invoice.sales.InvoiceItemExtnDAOImpl"/>
		<dao interface="com.tcs.pos.server.dao.common.InvoiceCustomerDAO" implementation="com.tcs.pos.server.dao.common.InvoiceCustomerDAOImpl"/>
		<dao interface="com.tcs.pos.server.dao.invoice.sales.InvoiceContentsDAO" implementation="com.tcs.pos.server.dao.invoice.sales.InvoiceContentsDAOImpl"/>
		<dao interface="com.tcs.pos.server.dao.payment.common.FrGoodSlipItemsDAO" implementation="com.tcs.pos.server.dao.payment.common.FrGoodSlipItemsDAOImpl"/>
		<dao interface="com.tcs.pos.server.dao.common.FoundRegisterDAO" implementation="com.tcs.pos.server.dao.common.FoundRegisterDAOImpl"/>
		<dao interface="com.tcs.pos.server.dao.common.EjActivityMasterDAO" implementation="com.tcs.pos.server.dao.common.EjActivityMasterDAOImpl"/>
		<dao interface="com.tcs.pos.server.dao.common.DashboardAlertsDAO" implementation="com.tcs.pos.server.dao.common.DashboardAlertsDAOImpl"/>
		<dao interface="com.tcs.pos.server.dao.others.declaration.DenominationMasterDAO" implementation="com.tcs.pos.server.dao.others.declaration.DenominationMasterDAOImpl"/>
		<dao interface="com.tcs.pos.server.dao.others.declaration.DeclarationTillSummaryDAO" implementation="com.tcs.pos.server.dao.others.declaration.DeclarationTillSummaryDAOImpl"/>
		<dao interface="com.tcs.pos.server.dao.others.declaration.DeclarationTillDAO" implementation="com.tcs.pos.server.dao.others.declaration.DeclarationTillDAOImpl"/>
		<dao interface="com.tcs.pos.server.dao.others.declaration.DeclarationTillAuditDAO" implementation="com.tcs.pos.server.dao.others.declaration.DeclarationTillAuditDAOImpl"/>
		<dao interface="com.tcs.pos.server.dao.others.declaration.DeclarationStoreDAO" implementation="com.tcs.pos.server.dao.others.declaration.DeclarationStoreDAOImpl"/>
		<dao interface="com.tcs.pos.server.dao.others.cashpickup.PostalCashApprovalDAO" implementation="com.tcs.pos.server.dao.others.cashpickup.PostalCashApprovalDAOImpl"/>
		<dao interface="com.tcs.pos.server.dao.others.cashpickup.PostalCashPickupDenominationDAO" implementation="com.tcs.pos.server.dao.others.cashpickup.PostalCashPickupDenominationDAOImpl"/>
		<dao interface="com.tcs.pos.server.dao.others.cashpickup.PostalDenominationMasterDAO" implementation="com.tcs.pos.server.dao.others.cashpickup.PostalDenominationMasterDAOImpl"/>
	<!-- <dao interface="com.tcs.retail.pos.dao.CustomerPhoneDAO" implementation="com.tcs.retail.pos.dao.CustomerPhoneDAOImpl"/> -->
		<dao interface="com.tcs.pos.server.dao.promotions.CustomerGroupDAO" implementation="com.tcs.pos.server.dao.promotions.CustomerGroupDAOImpl"/>
	<!-- <dao interface="com.tcs.retail.pos.dao.CustomerEmailDAO" implementation="com.tcs.retail.pos.dao.CustomerEmailDAOImpl"/> -->
		<dao interface="com.tcs.pos.server.dao.promotions.CustomerDAO" implementation="com.tcs.pos.server.dao.promotions.CustomerDAOImpl"/>
		<dao interface="com.tcs.pos.server.dao.payment.common.CityMasterDAO" implementation="com.tcs.pos.server.dao.payment.common.CityMasterDAOImpl"/>
	<!--<dao interface="com.tcs.retail.pos.dao.CashMgmtTransDAO" implementation="com.tcs.retail.pos.dao.CashMgmtTransDAOImpl"/>-->
		<dao interface="com.tcs.pos.server.dao.payment.common.BankMasterDAO" implementation="com.tcs.pos.server.dao.payment.common.BankMasterDAOImpl"/>
	<!--  <dao interface="com.tcs.retail.pos.dao.CashFloatDAO" implementation="com.tcs.retail.pos.dao.CashFloatDAOImpl"/>-->
	<!-- <dao interface="com.tcs.retail.pos.dao.CardTypeMasterDAO" implementation="com.tcs.retail.pos.dao.CardTypeMasterDAOImpl"/> -->
	<!--<dao interface="com.tcs.retail.pos.dao.CashMgmtDepositDAO" implementation="com.tcs.retail.pos.dao.CashMgmtDepositDAOImpl"/>-->
	<!-- <dao interface="com.tcs.retail.pos.dao.BankBranchDAO" implementation="com.tcs.retail.pos.dao.BankBranchDAOImpl"/> -->
		<dao interface="com.tcs.pos.server.dao.common.AuthTypeMasterDAO" implementation="com.tcs.pos.server.dao.common.AuthTypeMasterDAOImpl"/>
		<dao interface="com.tcs.pos.server.dao.cashieroperation.common.RoleMasterDAO" implementation="com.tcs.pos.server.dao.cashieroperation.common.RoleMasterDAOImpl"/>
		<dao interface="com.tcs.pos.server.dao.common.XrefCityStoreDAO" implementation="com.tcs.pos.server.dao.common.XrefCityStoreDAOImpl"/>
		<dao interface="com.tcs.pos.server.dao.payment.common.FormatMasterDAO" implementation="com.tcs.pos.server.dao.payment.common.FormatMasterDAOImpl"/>
		<dao interface="com.tcs.pos.server.dao.common.StoreMasterDAO" implementation="com.tcs.pos.server.dao.common.StoreMasterDAOImpl"/>
		<dao interface="com.tcs.pos.server.dao.payment.common.RegionMasterDAO" implementation="com.tcs.pos.server.dao.payment.common.RegionMasterDAOImpl"/>
		<dao interface="com.tcs.pos.server.dao.cashieroperation.changepassword.PasswordHistoryDAO" implementation="com.tcs.pos.server.dao.cashieroperation.changepassword.PasswordHistoryDAOImpl"/>
		<dao interface="com.tcs.pos.server.dao.invoice.giftreceipt.GiftReceiptDAO" implementation="com.tcs.pos.server.dao.invoice.giftreceipt.GiftReceiptDAOImpl"/>
		<dao interface="com.tcs.pos.server.dao.invoice.giftreceipt.GiftReceiptAuditDAO" implementation="com.tcs.pos.server.dao.invoice.giftreceipt.GiftReceiptAuditDAOImpl"/>
		<dao interface="com.tcs.pos.server.dao.invoice.giftreceipt.GiftReceiptItemAuditDAO" implementation="com.tcs.pos.server.dao.invoice.giftreceipt.GiftReceiptItemAuditDAOImpl"/>
		<dao interface="com.tcs.pos.server.dao.cashieroperation.common.LoginRegisterAuditDAO" implementation="com.tcs.pos.server.dao.cashieroperation.common.LoginRegisterAuditDAOImpl"/>
		<dao interface="com.tcs.pos.server.dao.cashieroperation.login.UserAuditDAO" implementation="com.tcs.pos.server.dao.cashieroperation.login.UserAuditDAOImpl"/>
		<dao interface="com.tcs.pos.server.dao.invoice.sales.InvoiceDAO" implementation="com.tcs.pos.server.dao.invoice.sales.InvoiceDAOImpl"/>
		<dao interface="com.tcs.pos.server.dao.invoice.sales.InvoiceExtnDAO" implementation="com.tcs.pos.server.dao.invoice.sales.InvoiceExtnDAOImpl"/>
		<dao interface="com.tcs.pos.server.dao.invoice.sales.InvoiceFooterDAO" implementation="com.tcs.pos.server.dao.invoice.sales.InvoiceFooterDAOImpl"/>
		<dao interface="com.tcs.pos.server.dao.invoice.sales.InvoiceGroupDefinitionDAO" implementation="com.tcs.pos.server.dao.invoice.sales.InvoiceGroupDefinitionDAOImpl"/>
		<dao interface="com.tcs.pos.server.dao.invoice.sales.InvoiceGroupDetailsDAO" implementation="com.tcs.pos.server.dao.invoice.sales.InvoiceGroupDetailsDAOImpl"/>
		<dao interface="com.tcs.pos.server.dao.invoice.sales.InvoiceHeaderDAO" implementation="com.tcs.pos.server.dao.invoice.sales.InvoiceHeaderDAOImpl"/>

		<dao interface="com.tcs.pos.server.dao.invoice.sales.InvoiceMasterDAO" implementation="com.tcs.pos.server.dao.invoice.sales.InvoiceMasterDAOImpl"/>
		<dao interface="com.tcs.pos.server.dao.invoice.sales.InvoiceNoGeneratorDAO" implementation="com.tcs.pos.server.dao.invoice.sales.InvoiceNoGeneratorDAOImpl"/>
		<dao interface="com.tcs.pos.server.dao.invoice.sales.ItemMasterDAO" implementation="com.tcs.pos.server.dao.invoice.sales.ItemMasterDAOImpl"/>
<!-- <dao interface="com.tcs.retail.pos.dao.ItemPriceOverrideDAO" implementation="com.tcs.retail.pos.dao.ItemPriceOverrideDAOImpl"/> -->
		<dao interface="com.tcs.pos.server.dao.cashieroperation.common.LoginRegisterDAO" implementation="com.tcs.pos.server.dao.cashieroperation.common.LoginRegisterDAOImpl"/>
		<dao interface="com.tcs.pos.server.dao.dayactivities.common.LostRegisterDAO" implementation="com.tcs.pos.server.dao.dayactivities.common.LostRegisterDAOImpl"/>
		<dao interface="com.tcs.pos.server.dao.dayactivities.common.SystemEventsDAO" implementation="com.tcs.pos.server.dao.dayactivities.common.SystemEventsDAOImpl"/>
		<dao interface="com.tcs.pos.server.dao.dayactivities.common.DayBeginEndDAO" implementation="com.tcs.pos.server.dao.dayactivities.common.DayBeginEndDAOImpl"/>
		<dao interface="com.tcs.pos.server.dao.dayactivities.common.DayBeginEndAuditDAO" implementation="com.tcs.pos.server.dao.dayactivities.common.DayBeginEndAuditDAOImpl"/>
		<dao interface="com.tcs.pos.server.dao.common.ElectronicJournalDetailsDAO" implementation="com.tcs.pos.server.dao.common.ElectronicJournalDetailsDAOImpl"/>
		<dao interface="com.tcs.pos.server.dao.cashieroperation.login.XrefFormatRegionDAO" implementation="com.tcs.pos.server.dao.cashieroperation.login.XrefFormatRegionDAOImpl"/>
	<!-- <dao interface="com.tcs.retail.pos.dao.XrefCustCardDAO" implementation="com.tcs.retail.pos.dao.XrefCustCardDAOImpl"/> -->
		<dao interface="com.tcs.pos.server.dao.invoice.giftreceipt.XrefGiftReceiptItemDAO" implementation="com.tcs.pos.server.dao.invoice.giftreceipt.XrefGiftReceiptItemDAOImpl"/>
	<!-- <dao interface="com.tcs.retail.pos.dao.XrefRegionCityDAO" implementation="com.tcs.retail.pos.dao.XrefRegionCityDAOImpl"/> -->
		<dao interface="com.tcs.pos.server.dao.payment.common.FrGoodSlipRegisterDAO" implementation="com.tcs.pos.server.dao.payment.common.FrGoodSlipRegisterDAOImpl"/>
		<dao interface="com.tcs.pos.server.dao.common.NoGeneratorDAO" implementation="com.tcs.pos.server.dao.common.NoGeneratorDAOImpl"/>
		<dao interface="com.tcs.pos.server.dao.cashieroperation.login.EmpAttendanceDAO" implementation="com.tcs.pos.server.dao.cashieroperation.login.EmpAttendanceDAOImpl"/>
		<dao interface="com.tcs.pos.server.dao.payment.common.TenderMasterDAO" implementation="com.tcs.pos.server.dao.payment.common.TenderMasterDAOImpl"/>
		<dao interface="com.tcs.pos.server.dao.payment.common.TenderTypeLevel1DAO" implementation="com.tcs.pos.server.dao.payment.common.TenderTypeLevel1DAOImpl"/>
		<dao interface="com.tcs.pos.server.dao.promotions.PromotionsDAO" implementation="com.tcs.pos.server.dao.promotions.PromotionsDAOImpl"/>
		<dao interface="com.tcs.pos.server.dao.promotions.PromotionsGroupDefinitionDAO" implementation="com.tcs.pos.server.dao.promotions.PromotionsGroupDefinitionDAOImpl"/>
		<dao interface="com.tcs.pos.server.dao.promotions.PromotionsBillValueInnovDAO" implementation="com.tcs.pos.server.dao.promotions.PromotionsBillValueInnovDAOImpl"/>
		<dao interface="com.tcs.pos.server.dao.promotions.PromotionsGroupDetailsDAO" implementation="com.tcs.pos.server.dao.promotions.PromotionsGroupDetailsDAOImpl"/>
		<dao interface="com.tcs.pos.server.dao.promotions.PromotionsGroupLevelDAO" implementation="com.tcs.pos.server.dao.promotions.PromotionsGroupLevelDAOImpl"/>
		<dao interface="com.tcs.pos.server.dao.promotions.PromotionsItemLevelDAO" implementation="com.tcs.pos.server.dao.promotions.PromotionsItemLevelDAOImpl"/>
		<dao interface="com.tcs.pos.server.dao.promotions.PromotionsMasterDAO" implementation="com.tcs.pos.server.dao.promotions.PromotionsMasterDAOImpl"/>
	<!-- <dao interface="com.tcs.retail.pos.dao.PromotionsPrecedenceDAO" implementation="com.tcs.retail.pos.dao.PromotionsPrecedenceDAOImpl"/> -->
		<dao interface="com.tcs.pos.server.dao.promotions.PromotionsSubTypeMasterDAO" implementation="com.tcs.pos.server.dao.promotions.PromotionsSubTypeMasterDAOImpl"/>
		<dao interface="com.tcs.pos.server.dao.promotions.PromotionsTypeMasterDAO" implementation="com.tcs.pos.server.dao.promotions.PromotionsTypeMasterDAOImpl"/>
		<dao interface="com.tcs.pos.server.dao.promotions.XrefPromotionsCustGroupDAO" implementation="com.tcs.pos.server.dao.promotions.XrefPromotionsCustGroupDAOImpl"/>
		<dao interface="com.tcs.pos.server.dao.promotions.XrefPromoTypeSubTypeDAO" implementation="com.tcs.pos.server.dao.promotions.XrefPromoTypeSubTypeDAOImpl"/>
		<dao interface="com.tcs.pos.server.dao.promotions.CustGroupCustomerDAO" implementation="com.tcs.pos.server.dao.promotions.CustGroupCustomerDAOImpl"/>
		<dao interface="com.tcs.pos.server.dao.promotions.XerfCustomerGroupDAO" implementation="com.tcs.pos.server.dao.promotions.XerfCustomerGroupDAOImpl"/>
		<dao interface="com.tcs.pos.server.dao.cashieroperation.common.RoleAccessDAO" implementation="com.tcs.pos.server.dao.cashieroperation.common.RoleAccessDAOImpl"/>
		<dao interface="com.tcs.pos.server.dao.common.DBCheckDAO" implementation="com.tcs.pos.server.dao.common.DBCheckDAOImpl"/>
		<dao interface="com.tcs.pos.server.dao.promotions.BbyTargetGroupsDAO" implementation="com.tcs.pos.server.dao.promotions.BbyTargetGroupsDAOImpl"/>
		<dao interface="com.tcs.pos.server.dao.promotions.PromotionsBonusBuyDAO" implementation="com.tcs.pos.server.dao.promotions.PromotionsBonusBuyDAOImpl"/>
		<dao interface="com.tcs.pos.server.dao.promotions.BbyPreRequisiteTypesDAO" implementation="com.tcs.pos.server.dao.promotions.BbyPreRequisiteTypesDAOImpl"/>
		<dao interface="com.tcs.pos.server.dao.promotions.PromotionsInvoiceLevelDAO" implementation="com.tcs.pos.server.dao.promotions.PromotionsInvoiceLevelDAOImpl"/>
	<!-- <dao interface="com.tcs.retail.pos.dao.JobSchedulingRegisterDAO" implementation="com.tcs.retail.pos.dao.JobSchedulingRegisterDAOImpl"/> -->
	<!-- <dao interface="com.tcs.retail.pos.dao.LostFoundRegisterDAO" implementation="com.tcs.retail.pos.dao.LostFoundRegisterDAOImpl"/> -->  
		<dao interface="com.tcs.pos.server.dao.common.ApplnConfigurationDAO" implementation="com.tcs.pos.server.dao.common.ApplnConfigurationDAOImpl"/>
		<dao interface="com.tcs.pos.server.dao.invoice.sales.ReasonCodeMasterDAO" implementation="com.tcs.pos.server.dao.invoice.sales.ReasonCodeMasterDAOImpl"/>
		<dao interface="com.tcs.pos.server.dao.common.ArticleHierMasterDAO" implementation="com.tcs.pos.server.dao.common.ArticleHierMasterDAOImpl"/>
		<dao interface="com.tcs.pos.server.dao.promotions.PromotionsMcLevelDAO" implementation="com.tcs.pos.server.dao.promotions.PromotionsMcLevelDAOImpl"/>
		<dao interface="com.tcs.pos.server.dao.promotions.MerchArticlePromovaluesDAO" implementation="com.tcs.pos.server.dao.promotions.MerchArticlePromovaluesDAOImpl"/>
<!--    <dao interface="com.tcs.retail.pos.dao.CustSegPromoDAO" implementation="com.tcs.retail.pos.dao.CustSegPromoDAOImpl"/>	   	   -->
		<dao interface="com.tcs.pos.server.dao.invoice.sales.ItemBrandedDetailsDAO" implementation="com.tcs.pos.server.dao.invoice.sales.ItemBrandedDetailsDAOImpl"/>
		<dao interface="com.tcs.pos.server.dao.promotions.PromoHeaderDAO" implementation="com.tcs.pos.server.dao.promotions.PromoHeaderDAOImpl"/>
		<dao interface="com.tcs.pos.server.dao.promotions.PromoGroupDAO" implementation="com.tcs.pos.server.dao.promotions.PromoGroupDAOImpl"/>
		<dao interface="com.tcs.pos.server.dao.promotions.PromoDetailDAO" implementation="com.tcs.pos.server.dao.promotions.PromoDetailDAOImpl"/>
		<dao interface="com.tcs.pos.server.dao.promotions.InvoicePromoFgIssuedDAO" implementation="com.tcs.pos.server.dao.promotions.InvoicePromoFgIssuedDAOImpl"/>
		<dao interface="com.tcs.pos.server.dao.promotions.InvoiceItemPromoDAO" implementation="com.tcs.pos.server.dao.promotions.InvoiceItemPromoDAOImpl"/>
	
		<dao interface="com.tcs.pos.server.dao.common.CustomerDetailsDAO" implementation="com.tcs.pos.server.dao.common.CustomerDetailsDAOImpl"/>
		<dao interface="com.tcs.pos.server.dao.common.LocationMasterDAO" implementation="com.tcs.pos.server.dao.common.LocationMasterDAOImpl"/>
    <!-- <dao interface="com.tcs.retail.pos.dao.TempCustomerDetailsDAO" implementation="com.tcs.retail.pos.dao.TempCustomerDetailsDAOImpl"/> -->
		<dao interface="com.tcs.pos.server.dao.invoice.sales.InvoiceItemDeliveryDAO" implementation="com.tcs.pos.server.dao.invoice.sales.InvoiceItemDeliveryDAOImpl"/>
		<dao interface="com.tcs.pos.server.dao.common.CustomerAddrDAO" implementation="com.tcs.pos.server.dao.common.CustomerAddrDAOImpl"/>
		<dao interface="com.tcs.pos.server.dao.promotions.XrefCustomerCardGroupDAO" implementation="com.tcs.pos.server.dao.promotions.XrefCustomerCardGroupDAOImpl"/>
    <!-- Added by Sudhansu on 16-12-2010 for PCI implementation update for PCI -->
		<!-- <dao interface="com.tcs.pos.server.dao.payment.common.PciCardDetailsDAO" implementation="com.tcs.pos.server.dao.payment.common.PciCardDetailsDAOImpl"/> -->
		<dao interface="com.tcs.pos.server.dao.payment.common.CardPaymentDetailsAuditDAO" implementation="com.tcs.pos.server.dao.payment.common.CardPaymentDetailsAuditDAOImpl"/>
          <!--<dao interface="com.tcs.pos.server.dao.payment.common.PciCardDetailsDAO" implementation="com.tcs.pos.server.dao.payment.common.PciCardDetailsDAOImpl"/>-->
          <dao interface="com.tcs.pos.server.dao.payment.common.CardPaymentDetailsDAO" implementation="com.tcs.pos.server.dao.payment.common.CardPaymentDetailsDAOImpl"/>
          <dao interface="com.tcs.postal.server.dao.mail.PostalAdditionalServiceMasterDAO" implementation="com.tcs.postal.server.dao.mail.PostalAdditionalServiceMasterDAOImpl"/>
		<dao interface="com.tcs.postal.server.dao.mail.PostalAddlServiceMasterDAO" implementation="com.tcs.postal.server.dao.mail.PostalAddlServiceMasterDAOImpl"/>
		<dao interface="com.tcs.postal.server.dao.mail.PostalServiceMasterAddlServiceMappingDAO" implementation="com.tcs.postal.server.dao.mail.PostalServiceMasterAddlServiceMappingDAOImpl"/>
		<dao interface="com.tcs.postal.server.dao.mail.PostalMailAdditionalServiceDAO" implementation="com.tcs.postal.server.dao.mail.PostalMailAdditionalServiceDAOImpl"/>
	     <dao interface="com.tcs.pos.server.dao.dayactivities.workallocation.PostalItemDistributionDAO" implementation="com.tcs.pos.server.dao.dayactivities.workallocation.PostalItemDistributionDAOImpl"/> 
	 <dao interface="com.tcs.pos.server.dao.dayactivities.workallocation.PostalCashDistributionDAO" implementation="com.tcs.pos.server.dao.dayactivities.workallocation.PostalCashDistributionDAOImpl"/>           
	         <dao interface="com.tcs.pos.server.dao.dayactivities.workallocation.PostalCashManagementDAO" implementation="com.tcs.pos.server.dao.dayactivities.workallocation.PostalCashManagementDAOImpl"/>
	<dao interface="com.tcs.dop.pos.server.mailops.iposale.dao.PostalStampInventoryDAO" implementation="com.tcs.dop.pos.server.mailops.iposale.dao.PostalStampInventoryDAOImpl"/>                                                
	<!-- End of addition -->
	<!--  Added for pwd_config table-->
		
		<dao interface="com.tcs.pos.server.dao.invoice.CustomerOrderLookUp.AdvInvoiceCustOrderMappingDAO" implementation="com.tcs.pos.server.dao.invoice.CustomerOrderLookUp.AdvInvoiceCustOrderMappingDAOImpl"/>
		<dao interface="com.tcs.pos.local.config.dao.ApplicabilityMasterDAO" implementation="com.tcs.pos.local.config.dao.ApplicabilityMasterDAOImpl"/>
		<dao interface="com.tcs.pos.local.config.dao.ConfigurationMasterDAO" implementation="com.tcs.pos.local.config.dao.ConfigurationMasterDAOImpl"/>
		<dao interface="com.tcs.pos.local.config.dao.ConfigValueMasterDAO" implementation="com.tcs.pos.local.config.dao.ConfigValueMasterDAOImpl"/>
		<dao interface="com.tcs.pos.local.config.dao.TillConfigHierDAO" implementation="com.tcs.pos.local.config.dao.TillConfigHierDAOImpl"/>
		<dao interface="com.tcs.pos.local.config.dao.TillHierMasterDAO" implementation="com.tcs.pos.local.config.dao.TillHierMasterDAOImpl"/>
		<dao interface="com.tcs.postal.server.dao.mail.PostalServiceMasterDAO" implementation="com.tcs.postal.server.dao.mail.PostalServiceMasterDAOImpl"/> 
		<dao interface="com.tcs.postal.server.dao.mail.PostalServiceChargeMasterDAO" implementation="com.tcs.postal.server.dao.mail.PostalServiceChargeMasterDAOImpl"/> 
		<dao interface="com.tcs.postal.server.dao.mail.PostalSourceDestinationDistanceMasterDAO" implementation="com.tcs.postal.server.dao.mail.PostalSourceDestinationDistanceMasterDAOImpl"/> 
	    <dao interface="com.tcs.postal.server.dao.mail.PostalMailServiceDAO" implementation="com.tcs.postal.server.dao.mail.PostalMailServiceDAOImpl"/> 
	    <dao interface="com.tcs.postal.server.dao.mail.PostalServiceMasterAdditionalServiceMappingDAO" implementation="com.tcs.postal.server.dao.mail.PostalServiceMasterAdditionalServiceMappingDAOImpl"/> 
         <!-- added for Compare & Book by 591494-->
		<dao interface="com.tcs.pos.server.dao.dayactivities.workallocation.PostalWorkAllocationDAO" implementation="com.tcs.pos.server.dao.dayactivities.workallocation.PostalWorkAllocationDAOImpl" /> 	
		<!-- added for billmail by 544700--> 
		<dao interface="com.tcs.pos.server.dao.billmail.DopBillMailDAO" implementation="com.tcs.pos.server.dao.billmail.DopBillMailDAOImpl" /> 	
		<dao interface="com.tcs.pos.server.dao.billmail.DopBillMailTransportServicesDAO" implementation="com.tcs.pos.server.dao.billmail.DopBillMailTransportServicesDAOImpl" /> 	
		<dao interface="com.tcs.pos.server.dao.billmail.DopBillMailTransportDAO" implementation="com.tcs.pos.server.dao.billmail.DopBillMailTransportDAOImpl" /> 	
		
		
		
		<!-- Added for ThirdParty Services -->
		<dao interface="com.tcs.postal.server.dao.tps.PostalUtilityTransactionDAO" implementation="com.tcs.postal.server.dao.tps.PostalUtilityTransactionDAOImpl" />
		<dao interface="com.tcs.postal.server.dao.tps.PostalBillerReceiptNoDAO" implementation="com.tcs.postal.server.dao.tps.PostalBillerReceiptNoDAOImpl" />
		<dao interface="com.tcs.postal.server.dao.tps.PostalUtilityBarcodeMasterDAO" implementation="com.tcs.postal.server.dao.tps.PostalUtilityBarcodeMasterDAOImpl" />
		<dao interface="com.tcs.postal.server.dao.tps.PostalUtilityBillMasterDAO" implementation="com.tcs.postal.server.dao.tps.PostalUtilityBillMasterDAOImpl" />
		<dao interface="com.tcs.postal.server.dao.tps.PostalUtilityConfigurationMasterDAO" implementation="com.tcs.postal.server.dao.tps.PostalUtilityConfigurationMasterDAOImpl"/>
		<dao interface="com.tcs.postal.server.dao.tps.PostalUtilityWsConfigurationMasterDAO" implementation="com.tcs.postal.server.dao.tps.PostalUtilityWsConfigurationMasterDAOImpl"/>
		 <!-- added for Speed Post by 591494-->
         <dao interface="com.tcs.postal.server.dao.mail.PostalWeightMasterDAO" implementation="com.tcs.postal.server.dao.mail.PostalWeightMasterDAOImpl"/> 
		 <!-- added for Speed Post by 591494-->
         <dao interface="com.tcs.postal.server.dao.mail.PostalDistanceMasterDAO" implementation="com.tcs.postal.server.dao.mail.PostalDistanceMasterDAOImpl"/> 
		 <!-- added for iMO by 591494-->
         <dao interface="com.tcs.postal.server.dao.mail.DopMoMessageCodeMasterDAO" implementation="com.tcs.postal.server.dao.mail.DopMoMessageCodeMasterDAOImpl"/> 
		 <dao interface="com.tcs.postal.server.dao.mail.DopServiceTemplateMappingDAO" implementation="com.tcs.postal.server.dao.mail.DopServiceTemplateMappingDAOImpl"/> 
		 <dao interface="com.tcs.postal.server.dao.mail.PostalUserServiceMappingDAO" implementation="com.tcs.postal.server.dao.mail.PostalUserServiceMappingDAOImpl"/>
		 <dao interface="com.tcs.postal.server.dao.mail.DopTemplateMasterDAO" implementation="com.tcs.postal.server.dao.mail.DopTemplateMasterDAOImpl"/>
		 <dao interface="com.tcs.postal.server.dao.mail.DopTemplateSubtemplateVisibilityDAO" implementation="com.tcs.postal.server.dao.mail.DopTemplateSubtemplateVisibilityDAOImpl"/>
		 <dao interface="com.tcs.postal.server.dao.mail.PostalMoneyTransferAddlServiceDAO" implementation="com.tcs.postal.server.dao.mail.PostalMoneyTransferAddlServiceDAOImpl"/> 
		
		<dao interface="com.tcs.pos.server.dao.dayactivities.workallocation.PostalMoneytaryItemDistributionDAO" implementation="com.tcs.pos.server.dao.dayactivities.workallocation.PostalMoneytaryItemDistributionDAOImpl" /> 
		<dao interface="com.tcs.pos.server.dao.dayactivities.workallocation.PostalMoneytaryDenominationMasterDAO" implementation="com.tcs.pos.server.dao.dayactivities.workallocation.PostalMoneytaryDenominationMasterDAOImpl" />
		<!-- Added by Subhajit for Postal Money Transfer --> 	
		<dao interface="com.tcs.dop.pos.server.dao.moneyorder.PostalMoneyTransferDAO" implementation="com.tcs.dop.pos.server.dao.moneyorder.PostalMoneyTransferDAOImpl" />	
		<!-- Added by Aniruddha for EIOD -->
		<dao interface="com.tcs.dop.pos.server.dao.eiod.DopEiodTransactionDAO" implementation="com.tcs.dop.pos.server.dao.eiod.DopEiodTransactionDAOImpl" />
		<!-- Added by Aniruddha for E-Post -->
		<dao interface="com.tcs.dop.pos.server.dao.epost.DopEpostDetailsDAO" implementation="com.tcs.dop.pos.server.dao.epost.DopEpostDetailsDAOImpl" />
		<!-- Added by Aniruddha for Frequently used address -->
		<dao interface="com.tcs.dop.pos.server.dao.frqntlyusedadd.PostalFrequentlyUsedAddressMasterDAO" implementation="com.tcs.dop.pos.server.dao.frqntlyusedadd.PostalFrequentlyUsedAddressMasterDAOImpl" />
		<!-- Added by Aniruddha for Tax tables -->
		<dao interface="com.tcs.postal.server.dao.mail.PostalTaxMasterDAO" implementation="com.tcs.postal.server.dao.mail.PostalTaxMasterDAOImpl" />
		<dao interface="com.tcs.postal.server.dao.mail.PostalTaxServiceMappingDAO" implementation="com.tcs.postal.server.dao.mail.PostalTaxServiceMappingDAOImpl" />
		<!-- Added by Aniruddha for Transaction Log -->
		<dao interface="com.tcs.dop.pos.server.dao.tlog.DopPosTransactionLogDAO" implementation="com.tcs.dop.pos.server.dao.tlog.DopPosTransactionLogDAOImpl" />
		<dao interface="com.tcs.dop.pos.server.dao.tlog.DopPosTransactionLogIntermediateDAO" implementation="com.tcs.dop.pos.server.dao.tlog.DopPosTransactionLogIntermediateDAOImpl" />
		<!-- Added by Varsha for IPO Sale Development -->      
         <dao interface="com.tcs.dop.pos.server.mailops.iposale.dao.PostalPostalorderInventoryDAO" implementation="com.tcs.dop.pos.server.mailops.iposale.dao.PostalPostalorderInventoryDAOImpl"/>
         <dao interface="com.tcs.dop.pos.server.mailops.iposale.dao.PostalPostalorderSaleDAO" implementation="com.tcs.dop.pos.server.mailops.iposale.dao.PostalPostalorderSaleDAOImpl"/> 
		
		<!-- Added by Bibek for DOP CASH APPROVAL--> 	
		<dao interface="com.tcs.pos.server.dao.others.cashpickup.DopCashApprovalDAO" implementation="com.tcs.pos.server.dao.others.cashpickup.DopCashApprovalDAOImpl" />
		
		<!-- Added for Direct Post by Rumpa -->
	<dao interface="com.tcs.pos.server.dao.common.DopDirectPostPurposeMasterDAO" implementation="com.tcs.pos.server.dao.common.DopDirectPostPurposeMasterDAOImpl"/>
	<dao interface="com.tcs.pos.server.dao.common.DopDirectPostTargetGroupMasterDAO" implementation="com.tcs.pos.server.dao.common.DopDirectPostTargetGroupMasterDAOImpl"/>
	<dao interface="com.tcs.pos.server.dao.common.DopDirectPostUserGroupMasterDAO" implementation="com.tcs.pos.server.dao.common.DopDirectPostUserGroupMasterDAOImpl"/>		
	<dao interface="com.tcs.pos.server.dao.common.DopDirectPostDAO" implementation="com.tcs.pos.server.dao.common.DopDirectPostDAOImpl"/>			 
	
	<!-- Added by Varsha for IPO Payment Development -->      
     <dao interface="com.tcs.dop.pos.server.mailops.iposale.dao.PostalPostalorderPaymentDAO" implementation="com.tcs.dop.pos.server.mailops.iposale.dao.PostalPostalorderPaymentDAOImpl"/>
     
     <!-- Added by Rumpa for International SpeedPost -->      
     <dao interface="com.tcs.postal.server.dao.mail.PostalInternationalCountryMasterDAO" implementation="com.tcs.postal.server.dao.mail.PostalInternationalCountryMasterDAOImpl"/>
      <dao interface="com.tcs.postal.server.dao.mail.PostalInternationalServiceChargeMasterDAO" implementation="com.tcs.postal.server.dao.mail.PostalInternationalServiceChargeMasterDAOImpl"/>
         
		<!-- Added for Miscellaneous service sale -->      
     <dao interface="com.tcs.dop.pos.server.miscservicesale.dao.PostalMiscServiceSaleTransactionDAO" implementation="com.tcs.dop.pos.server.miscservicesale.dao.PostalMiscServiceSaleTransactionDAOImpl"/>
      <dao interface="com.tcs.dop.pos.server.miscservicesale.dao.PostalMiscServiceSaleConfigMasterDAO" implementation="com.tcs.dop.pos.server.miscservicesale.dao.PostalMiscServiceSaleConfigMasterDAOImpl"/>
      
      <!-- Added for Home page  -->
      <dao interface="com.tcs.pos.server.dao.homepage.datatocomponent.HomepageTestTableDAO" implementation="com.tcs.pos.server.dao.homepage.datatocomponent.HomepageTestTableDAOImpl"/>
      
      <!-- Added for Service Panel sale by Rumpa-->      
       <dao interface="com.tcs.postal.server.dao.mail.TestServiceTemplateMappingDAO" implementation="com.tcs.postal.server.dao.mail.TestServiceTemplateMappingDAOImpl"/>
       <dao interface="com.tcs.postal.server.dao.mail.TestUserSvcOrderMappingDAO" implementation="com.tcs.postal.server.dao.mail.TestUserSvcOrderMappingDAOImpl"/>
       <dao interface="com.tcs.postal.server.dao.mail.TemplateMasterDAO" implementation="com.tcs.postal.server.dao.mail.TemplateMasterDAOImpl"/>
	<!-- Added by 591494 for Test Template Master -->
		<dao interface="com.tcs.pos.server.dao.aabtemplate.TestTemplateMasterDAO" implementation="com.tcs.pos.server.dao.aabtemplate.TestTemplateMasterDAOImpl" />
		<dao interface="com.tcs.pos.server.dao.aabtemplate.TestTemplateSubtemplateVisibilityMappingDAO" implementation="com.tcs.pos.server.dao.aabtemplate.TestTemplateSubtemplateVisibilityMappingDAOImpl" />
	<dao interface="com.tcs.postal.server.dao.mail.PostalIntlServiceChargeMasterDAO" implementation="com.tcs.postal.server.dao.mail.PostalIntlServiceChargeMasterDAOImpl" />
		<dao interface="com.tcs.postal.server.dao.mail.PostalIntlCountryMasterDAO" implementation="com.tcs.postal.server.dao.mail.PostalIntlCountryMasterDAOImpl" />
		<dao interface="com.tcs.dop.pos.server.dao.commission.PostalCommissionMasterDAO" implementation="com.tcs.dop.pos.server.dao.commission.PostalCommissionMasterDAOImpl" />
		<dao interface="com.tcs.postal.server.dao.mail.PostalServiceGroupMasterDAO" implementation="com.tcs.postal.server.dao.mail.PostalServiceGroupMasterDAOImpl"/>
		<!-- Added by varsha for fetching walk in cust ID -->
	<dao interface="com.tcs.postal.server.dao.mail.DopStateCustomerMasterDAO" implementation="com.tcs.postal.server.dao.mail.DopStateCustomerMasterDAOImpl"/>
	<!-- Added for International Money Order -->
		<dao interface="com.tcs.dop.pos.server.moneyremittance.internationalmoneyorder.dao.PostalIntlMoneyTransferOccupationMasterDAO" implementation="com.tcs.dop.pos.server.moneyremittance.internationalmoneyorder.dao.PostalIntlMoneyTransferOccupationMasterDAOImpl" />
		<dao interface="com.tcs.dop.pos.server.moneyremittance.internationalmoneyorder.dao.PostalIntlMoneyTransferPurposeMasterDAO" implementation="com.tcs.dop.pos.server.moneyremittance.internationalmoneyorder.dao.PostalIntlMoneyTransferPurposeMasterDAOImpl" />
		<dao interface="com.tcs.dop.pos.server.moneyremittance.internationalmoneyorder.dao.PostalIntlMoneyTransferSourceOfFundsMasterDAO" implementation="com.tcs.dop.pos.server.moneyremittance.internationalmoneyorder.dao.PostalIntlMoneyTransferSourceOfFundsMasterDAOImpl" />
		<dao interface="com.tcs.dop.pos.server.moneyremittance.internationalmoneyorder.dao.PostalIntlMoneyTransferTypeMasterDAO" implementation="com.tcs.dop.pos.server.moneyremittance.internationalmoneyorder.dao.PostalIntlMoneyTransferTypeMasterDAOImpl" />
		<dao interface="com.tcs.dop.pos.server.moneyremittance.internationalmoneyorder.dao.PostalIntlServiceProviderBankMasterDAO" implementation="com.tcs.dop.pos.server.moneyremittance.internationalmoneyorder.dao.PostalIntlServiceProviderBankMasterDAOImpl"/>
		<dao interface="com.tcs.dop.pos.server.moneyremittance.internationalmoneyorder.dao.PostalIntlIfsBilateralAgreementMasterDAO" implementation="com.tcs.dop.pos.server.moneyremittance.internationalmoneyorder.dao.PostalIntlIfsBilateralAgreementMasterDAOImpl"/>
		<dao interface="com.tcs.postal.server.dao.mail.PostalIntlAddlServiceChargeMasterDAO" implementation="com.tcs.postal.server.dao.mail.PostalIntlAddlServiceChargeMasterDAOImpl"/>
		<dao interface="com.tcs.postal.server.dao.mail.PostalIntlCurrencyMasterDAO" implementation="com.tcs.postal.server.dao.mail.PostalIntlCurrencyMasterDAOImpl"/>
		<dao interface="com.tcs.pos.server.dao.payment.common.PostalTillLanguageMappingDAO" implementation="com.tcs.pos.server.dao.payment.common.PostalTillLanguageMappingDAOImpl"/>
		<dao interface="com.tcs.pos.server.dao.payment.common.PostalLanguageMasterDAO" implementation="com.tcs.pos.server.dao.payment.common.PostalLanguageMasterDAOImpl"/>
	         <dao interface="com.tcs.postal.server.dao.mail.DopPinCodeMasterDAO" implementation="com.tcs.postal.server.dao.mail.DopPinCodeMasterDAOImpl"/> 
		<dao interface="com.tcs.dop.pos.server.moneyremittance.internationalmoneyorder.dao.PostalIntlMoneyTransferDAO" implementation="com.tcs.dop.pos.server.moneyremittance.internationalmoneyorder.dao.PostalIntlMoneyTransferDAOImpl"/>
			<dao interface="com.tcs.pos.server.dao.payment.common.PostalIntlCustomsArticleTypeSelectedDAO" implementation="com.tcs.pos.server.dao.payment.common.PostalIntlCustomsArticleTypeSelectedDAOImpl"/>
				<dao interface="com.tcs.pos.server.dao.payment.common.PostalIntlCustomsArticleTypeMasterDAO" implementation="com.tcs.pos.server.dao.payment.common.PostalIntlCustomsArticleTypeMasterDAOImpl"/>
			<dao interface="com.tcs.dop.pos.server.moneyremittance.internationalmoneyorder.dao.PostalIntlMoneyTransferAddlServiceDAO" implementation="com.tcs.dop.pos.server.moneyremittance.internationalmoneyorder.dao.PostalIntlMoneyTransferAddlServiceDAOImpl"/>
		<dao interface="com.tcs.dop.pos.server.moneyremittance.internationalmoneyorder.dao.PostalIntlIfsProductCodeDAO" implementation="com.tcs.dop.pos.server.moneyremittance.internationalmoneyorder.dao.PostalIntlIfsProductCodeDAOImpl"/>
		<!--  For DOP_MISCELLANEOUS_SERVICE_SALE -->	
		<dao interface="com.tcs.dop.pos.server.dao.miscservice.DopMiscellaneousServiceSaleDAO" implementation="com.tcs.dop.pos.server.dao.miscservice.DopMiscellaneousServiceSaleDAOImpl"/>
	
		<!-- Added by 594802 for IPVS POS BOOKING INTERFACE-->
		<dao interface="com.tcs.dop.pos.server.dao.ipvsutil.IpvsPosBookingInterfaceDAO" implementation="com.tcs.dop.pos.server.dao.ipvsutil.IpvsPosBookingInterfaceDAOImpl" />
		<dao interface="com.tcs.pos.server.dao.payment.common.DopServiceSaleDAO" implementation="com.tcs.pos.server.dao.payment.common.DopServiceSaleDAOImpl" />
		<dao interface="com.tcs.pos.server.dao.cashieroperation.login.PostalUserTillMappingDAO" implementation="com.tcs.pos.server.dao.cashieroperation.login.PostalUserTillMappingDAOImpl"/>
		<!-- added for IPO-->
         <dao interface="com.tcs.pos.server.dao.invoice.sales.PostalReasonTypeMasterDAO" implementation="com.tcs.pos.server.dao.invoice.sales.PostalReasonTypeMasterDAOImpl"/> 
         <dao interface="com.tcs.pos.server.dao.invoice.sales.PostalReasonCodeMasterDAO" implementation="com.tcs.pos.server.dao.invoice.sales.PostalReasonCodeMasterDAOImpl"/> 
		<dao interface="com.tcs.pos.server.dao.dayactivities.workallocation.PostalCounterSubmissionDAO" implementation="com.tcs.pos.server.dao.dayactivities.workallocation.PostalCounterSubmissionDAOImpl"/>
		<!-- added for PostalBulkMailStagingDAO-->
		<dao interface="com.tcs.pos.server.dao.bulkpost.PostalBulkMailStagingDAO" implementation="com.tcs.pos.server.dao.bulkpost.PostalBulkMailStagingDAOImpl"/>
		<!-- added for PostalBulkMailBookingDAO-->
		<dao interface="com.tcs.pos.server.dao.bulkpost.PostalBulkMailBookingDAO" implementation="com.tcs.pos.server.dao.bulkpost.PostalBulkMailBookingDAOImpl"/>
		<!-- added for PostalOfficeMasterDao-->
		<dao interface="com.tcs.postal.server.dao.mail.PostalOfficeMasterDAO" implementation="com.tcs.postal.server.dao.mail.PostalOfficeMasterDAOImpl"/>
		<dao interface="com.tcs.postal.server.dao.mail.DopPartnerServiceBookingDAO" implementation="com.tcs.postal.server.dao.mail.DopPartnerServiceBookingDAOImpl"/>
		<dao interface="com.tcs.dop.pos.server.dao.ipvspinrange.IpvsRoutingPinRangeMasterDAO" implementation="com.tcs.dop.pos.server.dao.ipvspinrange.IpvsRoutingPinRangeMasterDAOImpl"/>
		<dao interface="com.tcs.dop.pos.server.dao.ipvsfacility.IpvsFacilityMasterDAO" implementation="com.tcs.dop.pos.server.dao.ipvsfacility.IpvsFacilityMasterDAOImpl"/>
		<!-- added for Franking machine (678409)-->
	<dao interface="com.tcs.dop.pos.server.dao.frankingmachine.configuration.DopFrankingConfigurationMasterDAO" implementation="com.tcs.dop.pos.server.dao.frankingmachine.configuration.DopFrankingConfigurationMasterDAOImpl"/>
		
	<dao interface="com.tcs.postal.server.dao.mail.PostalDurationMasterDAO" implementation="com.tcs.postal.server.dao.mail.PostalDurationMasterDAOImpl"/>
	<dao interface="com.tcs.postal.server.dao.mail.PostalValueMasterDAO" implementation="com.tcs.postal.server.dao.mail.PostalValueMasterDAOImpl"/>
	<dao interface="com.tcs.dop.pos.server.dao.frankingmachine.licensingauthority.DopFrankingLaDivisonMappingDAO" implementation="com.tcs.dop.pos.server.dao.frankingmachine.licensingauthority.DopFrankingLaDivisonMappingDAOImpl"/>
	<dao interface="com.tcs.dop.pos.server.dao.frankingmachine.licensingauthority.DopFrankingLicensingAuthorityMasterDAO" implementation="com.tcs.dop.pos.server.dao.frankingmachine.licensingauthority.DopFrankingLicensingAuthorityMasterDAOImpl"/>
	<dao interface="com.tcs.dop.pos.server.dao.frankingmachine.purposemaster.DopFrankingPurposeMasterDAO" implementation="com.tcs.dop.pos.server.dao.frankingmachine.purposemaster.DopFrankingPurposeMasterDAOImpl"/>
	<dao interface="com.tcs.dop.pos.common.data.frankingmachine.purposemaster.DopFrankingPurposeServiceMappingDAO" implementation="com.tcs.dop.pos.common.data.frankingmachine.purposemaster.DopFrankingPurposeServiceMappingDAOImpl"/>
	
	<dao interface="com.tcs.postal.server.dao.mail.PostalAddlServiceChargeMasterDAO" implementation="com.tcs.postal.server.dao.mail.PostalAddlServiceChargeMasterDAOImpl"/>
	<dao interface="com.tcs.postal.server.dao.mail.PostalFacilityToFacilityDeliveryDAO" implementation="com.tcs.postal.server.dao.mail.PostalFacilityToFacilityDeliveryDAOImpl"/>
	<dao interface="com.tcs.postal.server.dao.mail.PostalServiceDeliveryTypeMasterDAO" implementation="com.tcs.postal.server.dao.mail.PostalServiceDeliveryTypeMasterDAOImpl"/>
	<dao interface="com.tcs.postal.server.dao.mail.DopExpressOrBusinessParcelDAO" implementation="com.tcs.postal.server.dao.mail.DopExpressOrBusinessParcelDAOImpl"/>
	<dao interface="com.tcs.postal.server.dao.mail.DopNeighbourStateMasterDAO" implementation="com.tcs.postal.server.dao.mail.DopNeighbourStateMasterDAOImpl"/>
	<dao interface="com.tcs.dop.pos.server.dao.frankingmachine.consolidatedxml.DopFrankingMachineDAO" implementation="com.tcs.dop.pos.server.dao.frankingmachine.consolidatedxml.DopFrankingMachineDAOImpl"/>
    <dao interface="com.tcs.dop.pos.server.dao.agentmaster.PostalAgentMasterDAO" implementation="com.tcs.dop.pos.server.dao.agentmaster.PostalAgentMasterDAOImpl"/>
	
	<dao interface="com.tcs.postal.server.dao.mail.PostalIntlCountryServiceMappingDAO" implementation="com.tcs.postal.server.dao.mail.PostalIntlCountryServiceMappingDAOImpl"/>
	<dao interface="com.tcs.dop.pos.server.dao.frankingmachine.configuration.DopDistrictMasterDAO" implementation="com.tcs.dop.pos.server.dao.frankingmachine.configuration.DopDistrictMasterDAOImpl"/>
	
	<dao interface="com.tcs.postal.server.dao.associateservice.DopAssociatedTransportServicesDAO" implementation="com.tcs.postal.server.dao.associateservice.DopAssociatedTransportServicesDAOImpl"/>
	
	<dao interface="com.tcs.postal.server.dao.associateservice.DopAssociatedMailTransportDAO" implementation="com.tcs.postal.server.dao.associateservice.DopAssociatedMailTransportDAOImpl"/>
	<dao interface="com.tcs.pos.server.dao.common.PostalContractServiceOrderTypeMasterDAO" implementation="com.tcs.pos.server.dao.common.PostalContractServiceOrderTypeMasterDAOImpl"/>
	<dao interface="com.tcs.dop.pos.server.moneyremittance.internationalmoneyorder.dao.PostalIntlIbanCountryMasterDAO" implementation="com.tcs.dop.pos.server.moneyremittance.internationalmoneyorder.dao.PostalIntlIbanCountryMasterDAOImpl"/>
	<dao interface="com.tcs.dop.pos.server.moneyremittance.internationalmoneyorder.dao.PostalIdentityTypeMasterDAO" implementation="com.tcs.dop.pos.server.moneyremittance.internationalmoneyorder.dao.PostalIdentityTypeMasterDAOImpl"/>
	
	<dao interface="com.tcs.postal.server.dao.mail.PostalServiceSlaMasterDAO" implementation="com.tcs.postal.server.dao.mail.PostalServiceSlaMasterDAOImpl"/>
	
	<!-- added for PostBagBox-->
	<dao interface="com.tcs.pos.server.dao.payment.common.DopPostboxbagSaleDAO" implementation="com.tcs.pos.server.dao.payment.common.DopPostboxbagSaleDAOImpl"/>
	
	<!-- added for Epost with Template-->
	<dao 	interface="com.tcs.postal.server.dao.mail.PostalEpostTemplateMasterDAO" 
			implementation="com.tcs.postal.server.dao.mail.PostalEpostTemplateMasterDAOImpl"/>
		
		<!-- added for International Money Order with Template-->
	<dao 	interface="com.tcs.postal.server.dao.mail.PostalIntlBankCurrencyMappingDAO" 
			implementation="com.tcs.postal.server.dao.mail.PostalIntlBankCurrencyMappingDAOImpl"/>
	<dao 	interface="com.tcs.postal.server.dao.mail.PostalIntlBankServiceMappingDAO" 
			implementation="com.tcs.postal.server.dao.mail.PostalIntlBankServiceMappingDAOImpl"/>
			
			<!-- Added for Restricted Article -->
	<dao 	interface="com.tcs.postal.server.dao.mail.PostalIntlRestrictedArticleMasterDAO" 
			implementation="com.tcs.postal.server.dao.mail.PostalIntlRestrictedArticleMasterDAOImpl"/>
					
	<dao 	interface="com.tcs.pos.server.dao.dayactivities.workallocation.PostalChequeDistributionDAO" 
			implementation="com.tcs.pos.server.dao.dayactivities.workallocation.PostalChequeDistributionDAOImpl"/>
			
			<dao 	interface="com.tcs.postal.server.dao.mail.DopLocalPinCodeMasterDAO" 
			implementation="com.tcs.postal.server.dao.mail.DopLocalPinCodeMasterDAOImpl"/>
			
			<dao 	interface="com.tcs.postal.server.dao.mail.DopServiceSortProgramTypeMappingDAO" 
			implementation="com.tcs.postal.server.dao.mail.DopServiceSortProgramTypeMappingDAOImpl"/>
			
			<dao 	interface="com.tcs.postal.server.dao.mail.DopSortingHubMasterDAO" 
			implementation="com.tcs.postal.server.dao.mail.DopSortingHubMasterDAOImpl"/>
			
			<!-- World Net Express -->
	<dao interface="com.tcs.postal.server.dao.wnx.PostalWnxAwbNoSeriesMasterDAO" 
		implementation="com.tcs.postal.server.dao.wnx.PostalWnxAwbNoSeriesMasterDAOImpl"/>
	<dao interface="com.tcs.postal.server.dao.wnx.PostalWnxFinalAwbNoDAO" 
		implementation="com.tcs.postal.server.dao.wnx.PostalWnxFinalAwbNoDAOImpl"/>	
	<dao interface="com.tcs.postal.server.dao.wnx.PostalWnxCountryStateCityMappingDAO" 
		implementation="com.tcs.postal.server.dao.wnx.PostalWnxCountryStateCityMappingDAOImpl"/>	
	<dao interface="com.tcs.postal.server.dao.wnx.PostalWnxFinalPieceIdDAO" 
		implementation="com.tcs.postal.server.dao.wnx.PostalWnxFinalPieceIdDAOImpl"/>
	<dao interface="com.tcs.postal.server.dao.wnx.PostalWnxIataMasterDAO" 
		implementation="com.tcs.postal.server.dao.wnx.PostalWnxIataMasterDAOImpl"/>	
	<dao interface="com.tcs.postal.server.dao.wnx.PostalWnxPieceIdSeriesMasterDAO" 
		implementation="com.tcs.postal.server.dao.wnx.PostalWnxPieceIdSeriesMasterDAOImpl"/>
	<dao interface="com.tcs.postal.server.dao.wnx.PostalWnxServiceDAO" 
		implementation="com.tcs.postal.server.dao.wnx.PostalWnxServiceDAOImpl"/>	
	<dao interface="com.tcs.postal.server.dao.wnx.PostalWnxServicePieceDetailsDAO" 
		implementation="com.tcs.postal.server.dao.wnx.PostalWnxServicePieceDetailsDAOImpl"/>
	<dao interface="com.tcs.postal.server.dao.wnx.PostalWnxProductCodeMasterDAO" 
		implementation="com.tcs.postal.server.dao.wnx.PostalWnxProductCodeMasterDAOImpl"/>
	<!-- World Net Express ends -->
	
	<dao interface="com.tcs.postal.server.dao.mail.PostalCircleHolidayMasterDAO" 
		implementation="com.tcs.postal.server.dao.mail.PostalCircleHolidayMasterDAOImpl"/>
		<!-- Added for philately -->
	<dao 	interface="com.tcs.pos.server.dao.philately.accountType.PostalPhilatelyAccountTypeMasterDAO" 
		implementation="com.tcs.pos.server.dao.philately.accountType.PostalPhilatelyAccountTypeMasterDAOImpl"/>
	<dao 	interface="com.tcs.pos.server.dao.philately.dispatchMode.PostalPhilatelyDispatchModeMasterDAO" 
		implementation="com.tcs.pos.server.dao.philately.dispatchMode.PostalPhilatelyDispatchModeMasterDAOImpl"/>
	<dao 	interface="com.tcs.pos.server.dao.philately.purpose.PostalPhilatelyPurposeMasterDAO" 
		implementation="com.tcs.pos.server.dao.philately.purpose.PostalPhilatelyPurposeMasterDAOImpl"/>
		<dao interface="com.tcs.pos.server.dao.philately.frequency.PostalPhilatelyFrequencyMasterDAO" 
			implementation="com.tcs.pos.server.dao.philately.frequency.PostalPhilatelyFrequencyMasterDAOImpl"/>
		<dao interface="com.tcs.pos.server.dao.philately.accountType.PostalHintQuestionMasterDAO" 
			implementation="com.tcs.pos.server.dao.philately.accountType.PostalHintQuestionMasterDAOImpl"/>
		<dao interface="com.tcs.pos.server.dao.philately.accountType.PostalPhilatelyStandingInstructionMasterDAO" 
			implementation="com.tcs.pos.server.dao.philately.accountType.PostalPhilatelyStandingInstructionMasterDAOImpl"/>
		<dao interface="com.tcs.pos.server.dao.philately.accountType.PostalPhilatelyThemeMasterDAO" 
			implementation="com.tcs.pos.server.dao.philately.accountType.PostalPhilatelyThemeMasterDAOImpl"/>
		<dao interface="com.tcs.pos.server.dao.philately.accountType.PostalPhilatelyThemeTypeMasterDAO" 
			implementation="com.tcs.pos.server.dao.philately.accountType.PostalPhilatelyThemeTypeMasterDAOImpl"/>
		<dao interface="com.tcs.pos.server.dao.dayactivities.workallocation.PostalItemInventoryDAO" implementation="com.tcs.pos.server.dao.dayactivities.workallocation.PostalItemInventoryDAOImpl"/>
		
		<dao interface="com.tcs.pos.server.dao.common.DopEmdTenderMasterDAO" 
			implementation="com.tcs.pos.server.dao.common.DopEmdTenderMasterDAOImpl"/>
			
		<dao interface="com.tcs.pos.server.dao.invoice.sales.PostalIntlIfsValueCommissionMasterDAO" 
			implementation="com.tcs.pos.server.dao.invoice.sales.PostalIntlIfsValueCommissionMasterDAOImpl"/>
	
	<!-- Added for NPS -->
	<dao 	interface="com.tcs.dop.pos.server.dao.NPS.DopNpsServiceTypeMasterDAO" 
		implementation="com.tcs.dop.pos.server.dao.NPS.DopNpsServiceTypeMasterDAOImpl"/>
		<dao 	interface="com.tcs.dop.pos.server.dao.NPS.DopNpsTransactionsDAO" 
		implementation="com.tcs.dop.pos.server.dao.NPS.DopNpsTransactionsDAOImpl"/>
		
	<dao interface="com.tcs.dop.pos.server.dao.somdetails.PostalMailServiceSomDetailsDAO" 
		implementation="com.tcs.dop.pos.server.dao.somdetails.PostalMailServiceSomDetailsDAOImpl"/>
		
	<!-- Added for Franking -->
	<dao interface="com.tcs.dop.pos.server.dao.frankingmachine.reasontype.DopFrankingRefundRebateReasonMasterDAO" 
		implementation="com.tcs.dop.pos.server.dao.frankingmachine.reasontype.DopFrankingRefundRebateReasonMasterDAOImpl"/>
	<dao interface="com.tcs.dop.pos.server.dao.frankingmachine.reasontype.DopFrankingRefundRebateTypeMasterDAO" 
		implementation="com.tcs.dop.pos.server.dao.frankingmachine.reasontype.DopFrankingRefundRebateTypeMasterDAOImpl"/>
	<dao interface="com.tcs.dop.pos.server.dao.frankingmachine.reasontype.DopFrankingRefundRebateTypeReasonMappingDAO" 
		implementation="com.tcs.dop.pos.server.dao.frankingmachine.reasontype.DopFrankingRefundRebateTypeReasonMappingDAOImpl"/>
	
	<dao interface="com.tcs.postal.server.dao.mail.PostalCustomDeclarationDetailsDAO" implementation="com.tcs.postal.server.dao.mail.PostalCustomDeclarationDetailsDAOImpl"/>
	<dao interface="com.tcs.postal.server.dao.tps.PostalBillerProductMasterDAO" implementation="com.tcs.postal.server.dao.tps.PostalBillerProductMasterDAOImpl"/>
	<dao interface="com.tcs.dop.pos.server.dao.portalbookedarticle.PostalPortalBookedArticleDAO" 
	implementation="com.tcs.dop.pos.server.dao.portalbookedarticle.PostalPortalBookedArticleDAOImpl"/>
	<dao interface="com.tcs.postal.server.dao.mail.PostalIntlCountryZipRuleMappingDAO" implementation="com.tcs.postal.server.dao.mail.PostalIntlCountryZipRuleMappingDAOImpl"/>
	<dao interface="com.tcs.pos.server.dao.manualandform.PostalManualMasterDAO" implementation="com.tcs.pos.server.dao.manualandform.PostalManualMasterDAOImpl"/>
	<dao interface="com.tcs.pos.server.dao.philately.accountType.PostalPdaClosureRefundModeMasterDAO" implementation="com.tcs.pos.server.dao.philately.accountType.PostalPdaClosureRefundModeMasterDAOImpl"/>
	<dao interface="com.tcs.pos.server.dao.philately.accountType.PostalPdaClosureReasonMasterDAO" implementation="com.tcs.pos.server.dao.philately.accountType.PostalPdaClosureReasonMasterDAOImpl"/>
	<dao interface="com.tcs.dop.pos.server.dao.fsimapping.DopPosFsiMappingDAO" 
		implementation="com.tcs.dop.pos.server.dao.fsimapping.DopPosFsiMappingDAOImpl"/>
	<dao interface="com.tcs.pos.server.dao.dayactivities.workallocation.PostalItemLedgerDAO" implementation="com.tcs.pos.server.dao.dayactivities.workallocation.PostalItemLedgerDAOImpl"/>
	
	<dao interface="com.tcs.dop.pos.server.dao.fsimapping.PostalFsiTransactionDAO" 
		implementation="com.tcs.dop.pos.server.dao.fsimapping.PostalFsiTransactionDAOImpl"/>
	<dao interface="com.tcs.postal.server.dao.tps.PostalBillerTenderMappingDAO" 
		implementation="com.tcs.postal.server.dao.tps.PostalBillerTenderMappingDAOImpl"/>
	<dao interface="com.tcs.pos.server.dao.ackprint.DopAckSlipPurposeMasterDAO" 
		implementation="com.tcs.pos.server.dao.ackprint.DopAckSlipPurposeMasterDAOImpl"/>
	<dao interface="com.tcs.pos.server.dao.ackprint.DopAckSlipTransactionDAO" 
		implementation="com.tcs.pos.server.dao.ackprint.DopAckSlipTransactionDAOImpl"/>
	<dao interface="com.tcs.dop.pos.server.dao.moneyorder.PostalMoBookingTypeMasterDAO" 
		implementation="com.tcs.dop.pos.server.dao.moneyorder.PostalMoBookingTypeMasterDAOImpl"/>
	<dao interface="com.tcs.pos.server.dao.dayactivities.workallocation.PostalGlcodeMasterDAO" 
		implementation="com.tcs.pos.server.dao.dayactivities.workallocation.PostalGlcodeMasterDAOImpl"/>	
	<dao interface="com.tcs.pos.server.dao.dayactivities.workallocation.DailyStockInventoryDAO" 
		implementation="com.tcs.pos.server.dao.dayactivities.workallocation.DailyStockInventoryDAOImpl"/>
	<dao interface="com.tcs.pos.server.dao.dayactivities.workallocation.StockInventoryLogDAO" 
		implementation="com.tcs.pos.server.dao.dayactivities.workallocation.StockInventoryLogDAOImpl"/>
	</context>
</daoConfig>
