<?xml version="1.0" encoding="UTF-8" ?>
<!DOCTYPE sqlMap PUBLIC "-//ibatis.apache.org//DTD SQL Map 2.0//EN" "http://ibatis.apache.org/dtd/sql-map-2.dtd" >
<sqlMap namespace="DOP_FRANKING_REFUND_REBATE_REASON_MASTER" >
  <resultMap id="abatorgenerated_DopFrankingRefundRebateReasonMasterResult" class="com.tcs.dop.pos.common.data.frankingmachine.reasontype.DopFrankingRefundRebateReasonMaster" >
    <!--
      WARNING - This element is automatically generated by Abator for iBATIS, do not modify.
      This element was generated on Mon Sep 15 11:48:54 GMT+05:30 2014.
    -->
    <result column="REFUND_REBATE_REASON_CODE" property="refundRebateReasonCode" jdbcType="VARCHAR" />
    <result column="REFUND_REBATE_REASON_DESCRIPTION" property="refundRebateReasonDescription" jdbcType="VARCHAR" />
    <result column="CREATED_BY" property="createdBy" jdbcType="VARCHAR" />
    <result column="CREATED_ON" property="createdOn" jdbcType="TIMESTAMP" />
    <result column="MODIFIED_BY" property="modifiedBy" jdbcType="VARCHAR" />
    <result column="MODIFIED_ON" property="modifiedOn" jdbcType="TIMESTAMP" />
  </resultMap>
  <select id="abatorgenerated_selectByPrimaryKey" resultMap="abatorgenerated_DopFrankingRefundRebateReasonMasterResult" parameterClass="com.tcs.dop.pos.common.data.frankingmachine.reasontype.DopFrankingRefundRebateReasonMaster" >
    <!--
      WARNING - This element is automatically generated by Abator for iBATIS, do not modify.
      This element was generated on Mon Sep 15 11:48:54 GMT+05:30 2014.
    -->
    select REFUND_REBATE_REASON_CODE, REFUND_REBATE_REASON_DESCRIPTION, CREATED_BY, CREATED_ON,
      MODIFIED_BY, MODIFIED_ON
    from DOP_FRANKING_REFUND_REBATE_REASON_MASTER
    where REFUND_REBATE_REASON_CODE = #refundRebateReasonCode:VARCHAR#
  </select>
  <delete id="abatorgenerated_deleteByPrimaryKey" parameterClass="com.tcs.dop.pos.common.data.frankingmachine.reasontype.DopFrankingRefundRebateReasonMaster" >
    <!--
      WARNING - This element is automatically generated by Abator for iBATIS, do not modify.
      This element was generated on Mon Sep 15 11:48:54 GMT+05:30 2014.
    -->
    delete from DOP_FRANKING_REFUND_REBATE_REASON_MASTER
    where REFUND_REBATE_REASON_CODE = #refundRebateReasonCode:VARCHAR#
  </delete>
  <insert id="abatorgenerated_insert" parameterClass="com.tcs.dop.pos.common.data.frankingmachine.reasontype.DopFrankingRefundRebateReasonMaster" >
    <!--
      WARNING - This element is automatically generated by Abator for iBATIS, do not modify.
      This element was generated on Mon Sep 15 11:48:54 GMT+05:30 2014.
    -->
    insert into DOP_FRANKING_REFUND_REBATE_REASON_MASTER (REFUND_REBATE_REASON_CODE,
      REFUND_REBATE_REASON_DESCRIPTION, CREATED_BY, CREATED_ON, MODIFIED_BY, MODIFIED_ON)
    values (#refundRebateReasonCode:VARCHAR#, #refundRebateReasonDescription:VARCHAR#,
      #createdBy:VARCHAR#, getdate(), #modifiedBy:VARCHAR#, getdate())
  </insert>
  <update id="abatorgenerated_updateByPrimaryKey" parameterClass="com.tcs.dop.pos.common.data.frankingmachine.reasontype.DopFrankingRefundRebateReasonMaster" >
    <!--
      WARNING - This element is automatically generated by Abator for iBATIS, do not modify.
      This element was generated on Mon Sep 15 11:48:54 GMT+05:30 2014.
    -->
    update DOP_FRANKING_REFUND_REBATE_REASON_MASTER
    set REFUND_REBATE_REASON_DESCRIPTION = #refundRebateReasonDescription:VARCHAR#,
      CREATED_BY = #createdBy:VARCHAR#,
      CREATED_ON = getdate(),
      MODIFIED_BY = #modifiedBy:VARCHAR#,
      MODIFIED_ON = getdate()
    where REFUND_REBATE_REASON_CODE = #refundRebateReasonCode:VARCHAR#
  </update>
  <update id="abatorgenerated_updateByPrimaryKeySelective" parameterClass="com.tcs.dop.pos.common.data.frankingmachine.reasontype.DopFrankingRefundRebateReasonMaster" >
    <!--
      WARNING - This element is automatically generated by Abator for iBATIS, do not modify.
      This element was generated on Mon Sep 15 11:48:54 GMT+05:30 2014.
    -->
    update DOP_FRANKING_REFUND_REBATE_REASON_MASTER
    <dynamic prepend="set" >
      <isNotNull prepend="," property="refundRebateReasonDescription" >
        REFUND_REBATE_REASON_DESCRIPTION = #refundRebateReasonDescription:VARCHAR#
      </isNotNull>
      <isNotNull prepend="," property="createdBy" >
        CREATED_BY = #createdBy:VARCHAR#
      </isNotNull>
      <isNotNull prepend="," property="createdOn" >
        CREATED_ON = getdate()
      </isNotNull>
      <isNotNull prepend="," property="modifiedBy" >
        MODIFIED_BY = #modifiedBy:VARCHAR#
      </isNotNull>
      <isNotNull prepend="," property="modifiedOn" >
        MODIFIED_ON = getdate()
      </isNotNull>
    </dynamic>
    where REFUND_REBATE_REASON_CODE = #refundRebateReasonCode:VARCHAR#
  </update>
</sqlMap>