<?xml version="1.0" encoding="UTF-8" ?>
<!DOCTYPE sqlMap PUBLIC "-//ibatis.apache.org//DTD SQL Map 2.0//EN" "http://ibatis.apache.org/dtd/sql-map-2.dtd" >
<sqlMap namespace="DOP_POS_TRANSACTION_LOG" >
  <resultMap id="abatorgenerated_DopPosTransactionLogResult" class="com.tcs.pos.common.data.tlog.DopPosTransactionLog" >
    <!--
      WARNING - This element is automatically generated by Abator for iBATIS, do not modify.
      This element was generated on Tue Feb 18 14:45:16 GMT+05:30 2014.
    -->
    <result column="STORE_ID" property="storeId" jdbcType="VARCHAR" />
    <result column="LAST_SYNC_DATE" property="lastSyncDate" jdbcType="TIMESTAMP" />
    <result column="CREATED_BY" property="createdBy" jdbcType="VARCHAR" />
    <result column="CREATED_ON" property="createdOn" jdbcType="TIMESTAMP" />
    <result column="IS_PROCESSED_BY_SAP" property="isProcessedBySap" jdbcType="BIT" />
    <result column="MODIFIED_BY" property="modifiedBy" jdbcType="VARCHAR" />
    <result column="MODIFIED_ON" property="modifiedOn" jdbcType="TIMESTAMP" />
  </resultMap>
  <resultMap id="abatorgenerated_DopPosTransactionLogResultWithBLOBs" class="com.tcs.pos.common.data.tlog.DopPosTransactionLog" extends="DOP_POS_TRANSACTION_LOG.abatorgenerated_DopPosTransactionLogResult" >
    <!--
      WARNING - This element is automatically generated by Abator for iBATIS, do not modify.
      This element was generated on Tue Feb 18 14:45:16 GMT+05:30 2014.
    -->
    <result column="TRANSACTION_DETAIL" property="transactionDetail" jdbcType="BLOB" />
  </resultMap>
 
 <resultMap id="getTransactionLogForCancelResult" class="com.tcs.pos.common.data.tlog.DopPosTransactionLog" >   
    <result column="STORE_ID" property="storeId" jdbcType="VARCHAR" />
    <result column="TRANSACTION_DETAIL" property="transactionDetail" jdbcType="BLOB" />
    <result column="INVOICE_NO" property="invoiceNo" jdbcType="VARCHAR" />
    <result column="CREATED_BY" property="createdBy" jdbcType="VARCHAR" />
    <result column="CREATED_ON" property="createdOn" jdbcType="TIMESTAMP" />
    <result column="TRANSACTION_TYPE" property="transactionType" jdbcType="VARCHAR" />
  </resultMap>
  <select id="abatorgenerated_selectByPrimaryKey" resultMap="abatorgenerated_DopPosTransactionLogResultWithBLOBs" parameterClass="com.tcs.pos.common.data.tlog.DopPosTransactionLogKey" >
    <!--
      WARNING - This element is automatically generated by Abator for iBATIS, do not modify.
      This element was generated on Tue Feb 18 14:45:16 GMT+05:30 2014.
    -->
    select STORE_ID, LAST_SYNC_DATE, CREATED_BY, CREATED_ON, IS_PROCESSED_BY_SAP,
      MODIFIED_BY, MODIFIED_ON, TRANSACTION_DETAIL
    from DOP_POS_TRANSACTION_LOG
    where STORE_ID = #storeId:VARCHAR#
     AND CREATED_BY = #createdBy:VARCHAR#
    AND CREATED_ON = #createdOn:TIMESTAMP# FOR READ ONLY
  </select>
  <delete id="abatorgenerated_deleteByPrimaryKey" parameterClass="com.tcs.pos.common.data.tlog.DopPosTransactionLogKey" >
    <!--
      WARNING - This element is automatically generated by Abator for iBATIS, do not modify.
      This element was generated on Tue Feb 18 14:45:16 GMT+05:30 2014.
    -->
    delete from DOP_POS_TRANSACTION_LOG
    where STORE_ID = #storeId:VARCHAR#
     AND CREATED_BY = #createdBy:VARCHAR#
    AND CREATED_ON = #createdOn:TIMESTAMP#
  </delete>
  <insert id="abatorgenerated_insert" parameterClass="com.tcs.pos.common.data.tlog.DopPosTransactionLog" >
    <!--
      WARNING - This element is automatically generated by Abator for iBATIS, do not modify.
      This element was generated on Tue Feb 18 14:45:16 GMT+05:30 2014.
    -->
    insert into DOP_POS_TRANSACTION_LOG (STORE_ID, LAST_SYNC_DATE, CREATED_BY,
      CREATED_ON, IS_PROCESSED_BY_SAP, MODIFIED_BY, MODIFIED_ON, TRANSACTION_DETAIL, INVOICE_NO,TRANSACTION_TYPE)
    values (#storeId:VARCHAR#, #lastSyncDate:TIMESTAMP#,
      #createdBy:VARCHAR#, getdate(), #isProcessedBySap:BIT#, #modifiedBy:VARCHAR#,
      getdate(), #transactionDetail:BLOB#,#invoiceNo:VARCHAR#,#transactionType:VARCHAR#)
  </insert>
  <update id="abatorgenerated_updateByPrimaryKeyWithBLOBs" parameterClass="com.tcs.pos.common.data.tlog.DopPosTransactionLog" >
    <!--
      WARNING - This element is automatically generated by Abator for iBATIS, do not modify.
      This element was generated on Tue Feb 18 14:45:16 GMT+05:30 2014.
    -->
    update DOP_POS_TRANSACTION_LOG
    set LAST_SYNC_DATE = #lastSyncDate:TIMESTAMP#,
      CREATED_BY = #createdBy:VARCHAR#,
      CREATED_ON = getdate(),
      IS_PROCESSED_BY_SAP = #isProcessedBySap:BIT#,
      MODIFIED_BY = #modifiedBy:VARCHAR#,
      MODIFIED_ON = getdate(),
      TRANSACTION_DETAIL = #transactionDetail:BLOB#
    where STORE_ID = #storeId:VARCHAR#
      AND CREATED_BY = #createdBy:VARCHAR#
    AND CREATED_ON = #createdOn:TIMESTAMP#
  </update>
  <update id="abatorgenerated_updateByPrimaryKey" parameterClass="com.tcs.pos.common.data.tlog.DopPosTransactionLog" >
    <!--
      WARNING - This element is automatically generated by Abator for iBATIS, do not modify.
      This element was generated on Tue Feb 18 14:45:16 GMT+05:30 2014.
    -->
    update DOP_POS_TRANSACTION_LOG
    set LAST_SYNC_DATE = #lastSyncDate:TIMESTAMP#,
      CREATED_BY = #createdBy:VARCHAR#,
      CREATED_ON = getdate(),
      IS_PROCESSED_BY_SAP = #isProcessedBySap:BIT#,
      MODIFIED_BY = #modifiedBy:VARCHAR#,
      MODIFIED_ON = getdate()
    where STORE_ID = #storeId:VARCHAR#
      AND CREATED_BY = #createdBy:VARCHAR#
    AND CREATED_ON = #createdOn:TIMESTAMP#
  </update>
  <update id="abatorgenerated_updateByPrimaryKeySelective" parameterClass="com.tcs.pos.common.data.tlog.DopPosTransactionLog" >
    <!--
      WARNING - This element is automatically generated by Abator for iBATIS, do not modify.
      This element was generated on Tue Feb 18 14:45:16 GMT+05:30 2014.
    -->
    update DOP_POS_TRANSACTION_LOG
    <dynamic prepend="set" >
      <isNotNull prepend="," property="lastSyncDate" >
        LAST_SYNC_DATE = #lastSyncDate:TIMESTAMP#
      </isNotNull>
      <isNotNull prepend="," property="createdBy" >
        CREATED_BY = #createdBy:VARCHAR#
      </isNotNull>
      <isNotNull prepend="," property="createdOn" >
        CREATED_ON = getdate()
      </isNotNull>
      <isNotNull prepend="," property="isProcessedBySap" >
        IS_PROCESSED_BY_SAP = #isProcessedBySap:BIT#
      </isNotNull>
      <isNotNull prepend="," property="modifiedBy" >
        MODIFIED_BY = #modifiedBy:VARCHAR#
      </isNotNull>
      <isNotNull prepend="," property="modifiedOn" >
        MODIFIED_ON = getdate()
      </isNotNull>
      <isNotNull prepend="," property="transactionDetail" >
        TRANSACTION_DETAIL = #transactionDetail:BLOB#
      </isNotNull>
    </dynamic>
    where STORE_ID = #storeId:VARCHAR#
     AND CREATED_BY = #createdBy:VARCHAR#
    AND CREATED_ON = #createdOn:TIMESTAMP#
  </update>
  
  <select id="getTransactionLogForCancel" resultMap="getTransactionLogForCancelResult" parameterClass="com.tcs.pos.common.data.tlog.DopPosTransactionLog" >
    select STORE_ID,TRANSACTION_DETAIL,INVOICE_NO,CREATED_BY,CREATED_ON,TRANSACTION_TYPE
    from DOP_POS_TRANSACTION_LOG
    where STORE_ID = #storeId:VARCHAR#
    and INVOICE_NO =#invoiceNo:VARCHAR#
	UNION ALL
	select STORE_ID,TRANSACTION_DETAIL,INVOICE_NO,CREATED_BY,CREATED_ON,TRANSACTION_TYPE
    from DOP_POS_TRANSACTION_LOG_INTERMEDIATE
    where STORE_ID = #storeId:VARCHAR#
    and INVOICE_NO =#invoiceNo:VARCHAR#
	FOR READ ONLY
  </select>
</sqlMap>