<?xml version="1.0" encoding="UTF-8" ?>
<!DOCTYPE sqlMap PUBLIC "-//ibatis.apache.org//DTD SQL Map 2.0//EN" "http://ibatis.apache.org/dtd/sql-map-2.dtd" >
<sqlMap namespace="POSTAL_GLCODE_MASTER" >
  <resultMap id="abatorgenerated_PostalGlcodeMasterResult" class="com.tcs.pos.common.data.dayactivites.workallocation.PostalGlcodeMaster" >
    <!--
      WARNING - This element is automatically generated by Abator for iBATIS, do not modify.
      This element was generated on Fri Sep 05 18:46:17 GMT+05:30 2014.
    -->
    <result column="GL_CODE" property="glCode" jdbcType="VARCHAR" />
    <result column="GL_DESCRIPTION" property="glDescription" jdbcType="VARCHAR" />
    <result column="CREATED_BY" property="createdBy" jdbcType="VARCHAR" />
    <result column="CREATED_ON" property="createdOn" jdbcType="TIMESTAMP" />
    <result column="MODIFIED_BY" property="modifiedBy" jdbcType="VARCHAR" />
    <result column="MODIFIED_ON" property="modifiedOn" jdbcType="TIMESTAMP" />
  </resultMap>
  <select id="abatorgenerated_selectByPrimaryKey" resultMap="abatorgenerated_PostalGlcodeMasterResult" parameterClass="com.tcs.pos.common.data.dayactivites.workallocation.PostalGlcodeMaster" >
    <!--
      WARNING - This element is automatically generated by Abator for iBATIS, do not modify.
      This element was generated on Fri Sep 05 18:46:17 GMT+05:30 2014.
    -->
    select GL_CODE, GL_DESCRIPTION, CREATED_BY, CREATED_ON, MODIFIED_BY, MODIFIED_ON
    from POSTAL_GLCODE_MASTER
    where GL_CODE = #glCode:VARCHAR#
  </select>
  <delete id="abatorgenerated_deleteByPrimaryKey" parameterClass="com.tcs.pos.common.data.dayactivites.workallocation.PostalGlcodeMaster" >
    <!--
      WARNING - This element is automatically generated by Abator for iBATIS, do not modify.
      This element was generated on Fri Sep 05 18:46:17 GMT+05:30 2014.
    -->
    delete from POSTAL_GLCODE_MASTER
    where GL_CODE = #glCode:VARCHAR#
  </delete>
  <insert id="abatorgenerated_insert" parameterClass="com.tcs.pos.common.data.dayactivites.workallocation.PostalGlcodeMaster" >
    <!--
      WARNING - This element is automatically generated by Abator for iBATIS, do not modify.
      This element was generated on Fri Sep 05 18:46:17 GMT+05:30 2014.
    -->
    insert into POSTAL_GLCODE_MASTER (GL_CODE, GL_DESCRIPTION, CREATED_BY, CREATED_ON, MODIFIED_BY,
      MODIFIED_ON)
    values (#glCode:VARCHAR#, #glDescription:VARCHAR#, #createdBy:VARCHAR#, getdate(),
      #modifiedBy:VARCHAR#, getdate())
  </insert>
  <update id="abatorgenerated_updateByPrimaryKey" parameterClass="com.tcs.pos.common.data.dayactivites.workallocation.PostalGlcodeMaster" >
    <!--
      WARNING - This element is automatically generated by Abator for iBATIS, do not modify.
      This element was generated on Fri Sep 05 18:46:17 GMT+05:30 2014.
    -->
    update POSTAL_GLCODE_MASTER
    set GL_DESCRIPTION = #glDescription:VARCHAR#,
      CREATED_BY = #createdBy:VARCHAR#,
      CREATED_ON = getdate(),
      MODIFIED_BY = #modifiedBy:VARCHAR#,
      MODIFIED_ON = getdate()
    where GL_CODE = #glCode:VARCHAR#
  </update>
  <update id="abatorgenerated_updateByPrimaryKeySelective" parameterClass="com.tcs.pos.common.data.dayactivites.workallocation.PostalGlcodeMaster" >
    <!--
      WARNING - This element is automatically generated by Abator for iBATIS, do not modify.
      This element was generated on Fri Sep 05 18:46:17 GMT+05:30 2014.
    -->
    update POSTAL_GLCODE_MASTER
    <dynamic prepend="set" >
      <isNotNull prepend="," property="glDescription" >
        GL_DESCRIPTION = #glDescription:VARCHAR#
      </isNotNull>
      <isNotNull prepend="," property="createdBy" >
        CREATED_BY = #createdBy:VARCHAR#
      </isNotNull>
      <isNotNull prepend="," property="createdOn" >
        CREATED_ON = getdate()
      </isNotNull>
      <isNotNull prepend="," property="modifiedBy" >
        MODIFIED_BY = #modifiedBy:VARCHAR#
      </isNotNull>
      <isNotNull prepend="," property="modifiedOn" >
        MODIFIED_ON = getdate()
      </isNotNull>
    </dynamic>
    where GL_CODE = #glCode:VARCHAR#
  </update>
  
  <resultMap id="abatorgenerated_SanchayPostCatgoryData" class="com.tcs.pos.common.data.dayactivites.workallocation.PostalGlcodeMaster" >
    <result column="GL_CODE" property="glCode" jdbcType="VARCHAR" />
    <result column="GL_DESCRIPTION" property="glDescription" jdbcType="VARCHAR" />
  </resultMap>
  
  <select id="fetchSanchayPostCatgoryData" resultMap="abatorgenerated_SanchayPostCatgoryData">
    select GL_CODE, GL_DESCRIPTION
    from POSTAL_GLCODE_MASTER
  </select>
  
</sqlMap>