<?xml version="1.0" encoding="UTF-8" ?>
<!DOCTYPE sqlMap PUBLIC "-//ibatis.apache.org//DTD SQL Map 2.0//EN" "http://ibatis.apache.org/dtd/sql-map-2.dtd" >
<sqlMap namespace="DOP_BUSINESS_POST" >
  <resultMap id="abatorgenerated_DopBusinessPostResult" class="com.tcs.dop.common.data.bpost.DopBusinessPost" >
    <!--
      WARNING - This element is automatically generated by Abator for iBATIS, do not modify.
      This element was generated on Wed Nov 13 12:14:53 IST 2013.
    -->
    <result column="BUSINESS_POST_ID" property="businessPostId" jdbcType="INTEGER" />
    <result column="INVOICE_NO" property="invoiceNo" jdbcType="VARCHAR" />
    <result column="CUSTOMER_ID" property="customerId" jdbcType="VARCHAR" />
    <result column="BUSINESS_POST_SERVICE_TYPE" property="businessPostServiceType" jdbcType="VARCHAR" />
    <result column="RATE" property="rate" jdbcType="REAL" />
    <result column="QUANTITY" property="quantity" jdbcType="INTEGER" />
    <result column="TOTAL_AMOUNT" property="totalAmount" jdbcType="INTEGER" />
    <result column="CREATED_BY" property="createdBy" jdbcType="VARCHAR" />
    <result column="CREATED_ON" property="createdOn" jdbcType="TIMESTAMP" />
    <result column="MODIFIED_BY" property="modifiedBy" jdbcType="VARCHAR" />
    <result column="MODIFIED_ON" property="modifiedOn" jdbcType="TIMESTAMP" />
    <result column="IS_ARTICLE_VOID" property="isArticleVoid" jdbcType="BIT" />
    <result column="PREPAID_AMOUNT" property="prepaidAmount" jdbcType="REAL" />
    <result column="PREPAID_TYPE" property="prepaidType" jdbcType="VARCHAR" />
  </resultMap>
    <resultMap id="abatorgenerated_DopBusinessPostResult1" class="com.tcs.dop.common.data.bpost.DopBusinessPost" >
    <!--
    
      WARNING - This element is automatically generated by Abator for iBATIS, do not modify.
      This element was generated on Wed Nov 13 12:14:53 IST 2013.
    -->
   <result column="BUSINESS_POST_ID" property="businessPostId" jdbcType="BIGINT" />
    </resultMap>
     <resultMap id="abatorgenerated_DopBusinessPostResult_New" class="com.tcs.dop.common.data.bpost.DopBusinessPost" >
    <!--
    
      WARNING - This element is automatically generated by Abator for iBATIS, do not modify.
      This element was generated on Wed Nov 13 12:14:53 IST 2013.
    -->
   <result column="TOTAL_AMOUNT" property="totalAmount" jdbcType="INTEGER" />
    </resultMap>
  <select id="abatorgenerated_selectByPrimaryKey" resultMap="abatorgenerated_DopBusinessPostResult" parameterClass="com.tcs.dop.common.data.bpost.DopBusinessPostKey" >
    <!--
      WARNING - This element is automatically generated by Abator for iBATIS, do not modify.
      This element was generated on Wed Nov 13 12:14:53 IST 2013.
    -->
    select BUSINESS_POST_ID, INVOICE_NO, CUSTOMER_ID,
      BUSINESS_POST_SERVICE_TYPE, RATE, QUANTITY, TOTAL_AMOUNT, CREATED_BY, CREATED_ON, MODIFIED_BY,
      MODIFIED_ON
    from DOP_BUSINESS_POST
    where BUSINESS_POST_ID = #businessPostId:INTEGER#
      and INVOICE_NO = #invoiceNo:VARCHAR# FOR READ ONLY
  </select>
  
  <!-- Added by Aniruddha for T-Log -->
  <select id="abatorgenerated_selectListByPrimaryKey" resultMap="abatorgenerated_DopBusinessPostResult" parameterClass="com.tcs.dop.common.data.bpost.DopBusinessPostKey" >
    <!--
      WARNING - This element is automatically generated by Abator for iBATIS, do not modify.
      This element was generated on Wed Nov 13 12:14:53 IST 2013.
    -->
    select BUSINESS_POST_ID, INVOICE_NO, CUSTOMER_ID,
      BUSINESS_POST_SERVICE_TYPE, RATE, QUANTITY, TOTAL_AMOUNT, CREATED_BY, CREATED_ON, MODIFIED_BY,
      MODIFIED_ON, IS_ARTICLE_VOID,PREPAID_AMOUNT,PREPAID_TYPE
    from DOP_BUSINESS_POST
    where INVOICE_NO = #invoiceNo:VARCHAR# FOR READ ONLY
  </select>
  
    <select id="abatorgenerated_selectMaxId" resultMap="abatorgenerated_DopBusinessPostResult1" parameterClass="com.tcs.dop.common.data.bpost.DopBusinessPostKey" >
    <!--
      WARNING - This element is automatically generated by Abator for iBATIS, do not modify.
      This element was generated on Wed Nov 13 12:14:53 IST 2013.
    -->
    select max(BUSINESS_POST_ID) as BUSINESS_POST_ID from DOP_BUSINESS_POST FOR READ ONLY
  </select>
  <delete id="abatorgenerated_deleteByPrimaryKey" parameterClass="com.tcs.dop.common.data.bpost.DopBusinessPostKey" >
    <!--
      WARNING - This element is automatically generated by Abator for iBATIS, do not modify.
      This element was generated on Wed Nov 13 12:14:53 IST 2013.
    -->
    delete from DOP_BUSINESS_POST
    where BUSINESS_POST_ID = #businessPostId:INTEGER#
      and INVOICE_NO = #invoiceNo:VARCHAR#
  </delete>
  <insert id="abatorgenerated_insert" parameterClass="com.tcs.dop.common.data.bpost.DopBusinessPost" >
    <!--
      WARNING - This element is automatically generated by Abator for iBATIS, do not modify.
      This element was generated on Wed Nov 13 12:14:53 IST 2013.
    -->
    insert into DOP_BUSINESS_POST (BUSINESS_POST_ID, INVOICE_NO, CUSTOMER_ID,
      BUSINESS_POST_SERVICE_TYPE, RATE, QUANTITY, TOTAL_AMOUNT,
      CREATED_BY, CREATED_ON, MODIFIED_BY, MODIFIED_ON, IS_ARTICLE_VOID,PREPAID_AMOUNT,PREPAID_TYPE,IS_REVERSED)
    values (#businessPostId:INTEGER#, #invoiceNo:VARCHAR#, #customerId:VARCHAR#,
      #businessPostServiceType:VARCHAR#, #rate:REAL#,
      #quantity:INTEGER#, #totalAmount:INTEGER#, #createdBy:VARCHAR#, getdate(),
      #modifiedBy:VARCHAR#, getdate(), #isArticleVoid:BIT#,#prepaidAmount:FLOAT#,#prepaidType:VARCHAR#,#isReversed:BIT#)
  </insert>
  <update id="abatorgenerated_updateByPrimaryKey" parameterClass="com.tcs.dop.common.data.bpost.DopBusinessPost" >
    <!--
      WARNING - This element is automatically generated by Abator for iBATIS, do not modify.
      This element was generated on Wed Nov 13 12:14:53 IST 2013.
    -->
    update DOP_BUSINESS_POST
    set CUSTOMER_ID = #customerId:VARCHAR#,
      BUSINESS_POST_SERVICE_TYPE = #businessPostServiceType:VARCHAR#,
      RATE = #rate:REAL#,
      QUANTITY = #quantity:REAL#,
      TOTAL_AMOUNT = #totalAmount:INTEGER#,
      CREATED_BY = #createdBy:VARCHAR#,
      CREATED_ON = getdate(),
      MODIFIED_BY = #modifiedBy:VARCHAR#,
      MODIFIED_ON = getdate()
    where BUSINESS_POST_ID = #businessPostId:INTEGER#
      and INVOICE_NO = #invoiceNo:VARCHAR#
  </update>
  <update id="abatorgenerated_updateByPrimaryKeySelective" parameterClass="com.tcs.dop.common.data.bpost.DopBusinessPost" >
    <!--
      WARNING - This element is automatically generated by Abator for iBATIS, do not modify.
      This element was generated on Wed Nov 13 12:14:53 IST 2013.
    -->
    update DOP_BUSINESS_POST
    <dynamic prepend="set" >
      <isNotNull prepend="," property="customerId" >
        CUSTOMER_ID = #customerId:VARCHAR#
      </isNotNull>
      <isNotNull prepend="," property="businessPostServiceType" >
        BUSINESS_POST_SERVICE_TYPE = #businessPostServiceType:VARCHAR#
      </isNotNull>
      <isNotNull prepend="," property="rate" >
        RATE = #rate:REAL#
      </isNotNull>
      <isNotNull prepend="," property="quantity" >
        QUANTITY = #quantity:REAL#
      </isNotNull>
      <isNotNull prepend="," property="totalAmount" >
        TOTAL_AMOUNT = #totalAmount:INTEGER#
      </isNotNull>
      <isNotNull prepend="," property="createdBy" >
        CREATED_BY = #createdBy:VARCHAR#
      </isNotNull>
      <isNotNull prepend="," property="createdOn" >
        CREATED_ON = getdate()
      </isNotNull>
      <isNotNull prepend="," property="modifiedBy" >
        MODIFIED_BY = #modifiedBy:VARCHAR#
      </isNotNull>
      <isNotNull prepend="," property="modifiedOn" >
        MODIFIED_ON = getdate()
      </isNotNull>
    </dynamic>
    where BUSINESS_POST_ID = #businessPostId:INTEGER#
      and INVOICE_NO = #invoiceNo:VARCHAR#
  </update>
  <select id="fetchBusinessPostTranDetails" resultClass ="java.lang.Double" parameterClass="com.tcs.dop.common.data.bpost.DopBusinessPost" >
    <!--
      WARNING - This element is automatically generated by Abator for iBATIS, do not modify.
      This element was generated on Wed Nov 13 12:14:53 IST 2013.
    -->
    select sum(dbp.TOTAL_AMOUNT) as AMOUNT from  invoice i,DOP_BUSINESS_POST dbp <!--,PAYMENT_DETAILS p-->
	WHERE i.SYS_INVOICE_NO = dbp.INVOICE_NO
	and i.invoice_date =#invoiceDate:DATE#
	and i.cashier_id=#cashierId:VARCHAR#  
	and i.shift_no=#shiftNo:CHAR#
	and i.STORE_ID =#storeId:VARCHAR#
	and i.TILL_NO =#tillNo:INTEGER#
	and dbp.IS_ARTICLE_VOID = 0
	and i.INVOICE_TYPE_ID = '1'
	and i.STATUS ='I'
	and (i.BILL_VOID_FLG is null or i.BILL_VOID_FLG = 'N')
	and (i.BILL_ON_HOLD_FLG is null or i.BILL_ON_HOLD_FLG = 'N') FOR READ ONLY
  </select>
  
  <resultMap id="abatorgenerated_initDataForTable" class="com.tcs.dop.common.data.bpost.DopBusinessPost" >
    <result column="TOTAL_AMOUNT" property="totalAmount" jdbcType="INTEGER" />
    <result column="PREPAID_AMOUNT" property="prepaidAmount" jdbcType="REAL" />
    <result column="SERVICE_NAME" property="serviceName" jdbcType="VARCHAR" />
    <result column="CREATED_ON" property="createdOn" jdbcType="TIMESTAMP" />
  </resultMap>
  <select id="initDataForTable" resultMap="abatorgenerated_initDataForTable" parameterClass="com.tcs.dop.common.data.bpost.DopBusinessPost" >
    select dbp.TOTAL_AMOUNT, dbp.PREPAID_AMOUNT, psm.SERVICE_NAME, dbp.CREATED_ON
    from DOP_BUSINESS_POST AS dbp, POSTAL_SERVICE_MASTER AS psm, LOGIN_REGISTER AS lr, INVOICE iv
	where psm.SERVICE_ID=#serviceId:VARCHAR# and dbp.CREATED_BY=#createdBy:VARCHAR# 
	  and lr.USER_ID=dbp.CREATED_BY and lr.SHIFT_NO=#shiftNo:VARCHAR# and lr.LOGOUT_TIME is NULL and dbp.IS_ARTICLE_VOID=0
	  and dbp.INVOICE_NO=iv.SYS_INVOICE_NO and iv.STATUS='I' and (iv.BILL_ON_HOLD_FLG ='N' or iv.BILL_ON_HOLD_FLG is NULL) and (iv.BILL_VOID_FLG ='N' or iv.BILL_VOID_FLG is NULL) 
      and convert(date,iv.INVOICE_DATE)=#storeDate:DATE# FOR READ ONLY
  </select> 
</sqlMap>