<?xml version="1.0" encoding="UTF-8" ?>
<!DOCTYPE sqlMap PUBLIC "-//ibatis.apache.org//DTD SQL Map 2.0//EN" "http://ibatis.apache.org/dtd/sql-map-2.dtd" >
<sqlMap namespace="dop_polilcy_tenure_master" >
  <resultMap id="abatorgenerated_DopPolilcyTenureMasterResult" class="com.tcs.dop.pos.common.data.pli.DopPolilcyTenureMaster" >
    <!--
      WARNING - This element is automatically generated by Abator for iBATIS, do not modify.
      This element was generated on Sun May 12 11:26:39 IST 2013.
    -->
    <result column="tenure_id" property="tenureId" jdbcType="INTEGER" />
    <result column="policy_code" property="policyCode" jdbcType="VARCHAR" />
    <result column="age_at_maturity" property="ageAtMaturity" jdbcType="INTEGER" />
  </resultMap>
  <resultMap id="abatorgenerated_selectAgeAtMaturity" class="com.tcs.dop.pos.common.data.pli.DopPolilcyTenureMaster" >
    <!--
      WARNING - This element is automatically generated by Abator for iBATIS, do not modify.
      This element was generated on Sun May 12 11:26:39 IST 2013.
    -->
    <result column="age_at_maturity" property="ageAtMaturity"/>
  </resultMap>
  <select id="abatorgenerated_selectByPrimaryKey" resultMap="abatorgenerated_DopPolilcyTenureMasterResult" parameterClass="com.tcs.dop.pos.common.data.pli.DopPolilcyTenureMaster" >
    <!--
      WARNING - This element is automatically generated by Abator for iBATIS, do not modify.
      This element was generated on Sun May 12 11:26:39 IST 2013.
    -->
    select tenure_id, policy_code, age_at_maturity
    from dop_polilcy_tenure_master
    where tenure_id = #tenureId:INTEGER# FOR READ ONLY
  </select>
 <delete id="abatorgenerated_deleteByPrimaryKey" parameterClass="com.tcs.dop.pos.common.data.pli.DopPolilcyTenureMaster" >
    <!--
      WARNING - This element is automatically generated by Abator for iBATIS, do not modify.
      This element was generated on Sun May 12 11:26:39 IST 2013.
    -->
    delete from dop_polilcy_tenure_master
    where tenure_id = #tenureId:INTEGER#
  </delete>
  <insert id="abatorgenerated_insert" parameterClass="com.tcs.dop.pos.common.data.pli.DopPolilcyTenureMaster" >
    <!--
      WARNING - This element is automatically generated by Abator for iBATIS, do not modify.
      This element was generated on Sun May 12 11:26:39 IST 2013.
    -->
    insert into dop_polilcy_tenure_master (tenure_id, policy_code, age_at_maturity)
    values (#tenureId:INTEGER#, #policyCode:VARCHAR#, #ageAtMaturity:INTEGER#)
  </insert>
  <update id="abatorgenerated_updateByPrimaryKey" parameterClass="com.tcs.dop.pos.common.data.pli.DopPolilcyTenureMaster" >
    <!--
      WARNING - This element is automatically generated by Abator for iBATIS, do not modify.
      This element was generated on Sun May 12 11:26:39 IST 2013.
    -->
    update dop_polilcy_tenure_master
    set policy_code = #policyCode:VARCHAR#,
      age_at_maturity = #ageAtMaturity:INTEGER#
    where tenure_id = #tenureId:INTEGER#
  </update>
  <update id="abatorgenerated_updateByPrimaryKeySelective" parameterClass="com.tcs.dop.pos.common.data.pli.DopPolilcyTenureMaster" >
    <!--
      WARNING - This element is automatically generated by Abator for iBATIS, do not modify.
      This element was generated on Sun May 12 11:26:39 IST 2013.
    -->
    update dop_polilcy_tenure_master
    <dynamic prepend="set" >
      <isNotNull prepend="," property="policyCode" >
        policy_code = #policyCode:VARCHAR#
      </isNotNull>
      <isNotNull prepend="," property="ageAtMaturity" >
        age_at_maturity = #ageAtMaturity:INTEGER#
      </isNotNull>
    </dynamic>
    where tenure_id = #tenureId:INTEGER#
  </update>
  <select id="abatorgenerated_selectAgeAtMaturity" resultMap="abatorgenerated_selectAgeAtMaturity" parameterClass="com.tcs.dop.pos.common.data.pli.DopPolilcyTenureMaster" >
    <!--
      WARNING - This element is automatically generated by Abator for iBATIS, do not modify.
      This element was generated on Sun May 12 11:28:40 IST 2013.
    -->
    select age_at_maturity from dop_polilcy_tenure_master where policy_code = #policyCode# FOR READ ONLY
  </select>
</sqlMap>