<?xml version="1.0" encoding="UTF-8" ?>
<!DOCTYPE sqlMap PUBLIC "-//ibatis.apache.org//DTD SQL Map 2.0//EN" "http://ibatis.apache.org/dtd/sql-map-2.dtd" >
<sqlMap namespace="POSTAL_COMMISSION_MASTER" >
  <resultMap id="abatorgenerated_PostalCommissionMasterResult" class="com.tcs.pos.common.data.commission.PostalCommissionMaster" >
    <!--
      WARNING - This element is automatically generated by Abator for iBATIS, do not modify.
      This element was generated on Wed Jan 15 15:05:32 IST 2014.
    -->
    <result column="COMMISSION_ID" property="commissionId" jdbcType="INTEGER" />
    <result column="SERVICE_ID" property="serviceId" jdbcType="VARCHAR" />
    <result column="MIN_AMOUNT" property="minAmount" jdbcType="REAL" />
    <result column="MAX_AMOUNT" property="maxAmount" jdbcType="REAL" />
    <result column="COMMISSION" property="commission" jdbcType="REAL" />
    <result column="CREATED_BY" property="createdBy" jdbcType="VARCHAR" />
    <result column="CREATED_ON" property="createdOn" jdbcType="TIMESTAMP" />
    <result column="MODIFIED_BY" property="modifiedBy" jdbcType="VARCHAR" />
    <result column="MODIFIED_ON" property="modifiedOn" jdbcType="TIMESTAMP" />
    <result column="CURRENCY_ID" property="currencyId" jdbcType="VARCHAR" />
    <result column="ADDL_SERVICE_ID" property="addlServiceId" jdbcType="VARCHAR" />
    <result column="ITEM_CODE" property="itemCode" jdbcType="VARCHAR" />
  </resultMap>
  
  <resultMap id="abatorgenerated_PostalCommissionMasterResult1" class="com.tcs.pos.common.data.commission.PostalCommissionMaster" >
    <!--
      WARNING - This element is automatically generated by Abator for iBATIS, do not modify.
      This element was generated on Wed Jan 15 15:05:32 IST 2014.
    -->
    <result column="COMMISSION_ID" property="commissionId" jdbcType="INTEGER" />
    <result column="SERVICE_ID" property="serviceId" jdbcType="VARCHAR" />
    <result column="MIN_AMOUNT" property="minAmount" jdbcType="REAL" />
    <result column="MAX_AMOUNT" property="maxAmount" jdbcType="REAL" />
    <result column="COMMISSION" property="commission" jdbcType="REAL" />
  </resultMap>
  
   <resultMap id="abatorgenerated_PostalCommissionMasterResult_maxAmount" class="com.tcs.pos.common.data.commission.PostalCommissionMaster" >
   		<result column="MAX_AMOUNT" property="maxAmount" jdbcType="REAL" />
   </resultMap>
   
  <select id="abatorgenerated_selectByPrimaryKey" resultMap="abatorgenerated_PostalCommissionMasterResult" parameterClass="com.tcs.pos.common.data.commission.PostalCommissionMaster" >
    <!--
      WARNING - This element is automatically generated by Abator for iBATIS, do not modify.
      This element was generated on Wed Jan 15 15:05:32 IST 2014.
    -->
    select TOP 1 COMMISSION_ID, SERVICE_ID, MIN_AMOUNT, MAX_AMOUNT, COMMISSION, CREATED_BY, CREATED_ON,
      MODIFIED_BY, MODIFIED_ON, CURRENCY_ID, ADDL_SERVICE_ID, ITEM_CODE
    from POSTAL_COMMISSION_MASTER
    where COMMISSION_ID = #commissionId:INTEGER# AND (EXPIRY_DATE IS NULL OR getdate() &lt;= EXPIRY_DATE) FOR READ ONLY
  </select>
  <delete id="abatorgenerated_deleteByPrimaryKey" parameterClass="com.tcs.pos.common.data.commission.PostalCommissionMaster" >
    <!--
      WARNING - This element is automatically generated by Abator for iBATIS, do not modify.
      This element was generated on Wed Jan 15 15:05:32 IST 2014.
    -->
    delete from POSTAL_COMMISSION_MASTER
    where COMMISSION_ID = #commissionId:INTEGER#
  </delete>
  <insert id="abatorgenerated_insert" parameterClass="com.tcs.pos.common.data.commission.PostalCommissionMaster" >
    <!--
      WARNING - This element is automatically generated by Abator for iBATIS, do not modify.
      This element was generated on Wed Jan 15 15:05:32 IST 2014.
    -->
    insert into POSTAL_COMMISSION_MASTER (COMMISSION_ID, SERVICE_ID, MIN_AMOUNT, MAX_AMOUNT,
      COMMISSION, CREATED_BY, CREATED_ON, MODIFIED_BY, MODIFIED_ON, CURRENCY_ID, ADDL_SERVICE_ID,
      ITEM_CODE)
    values (#commissionId:INTEGER#, #serviceId:VARCHAR#, #minAmount:REAL#, #maxAmount:REAL#,
      #commission:REAL#, #createdBy:VARCHAR#, getdate(), #modifiedBy:VARCHAR#,
      getdate(), #currencyId:VARCHAR#, #addlServiceId:VARCHAR#, #itemCode:VARCHAR#)
  </insert>
  <update id="abatorgenerated_updateByPrimaryKey" parameterClass="com.tcs.pos.common.data.commission.PostalCommissionMaster" >
    <!--
      WARNING - This element is automatically generated by Abator for iBATIS, do not modify.
      This element was generated on Wed Jan 15 15:05:32 IST 2014.
    -->
    update POSTAL_COMMISSION_MASTER
    set SERVICE_ID = #serviceId:VARCHAR#,
      MIN_AMOUNT = #minAmount:REAL#,
      MAX_AMOUNT = #maxAmount:REAL#,
      COMMISSION = #commission:REAL#,
      CREATED_BY = #createdBy:VARCHAR#,
      CREATED_ON = getdate(),
      MODIFIED_BY = #modifiedBy:VARCHAR#,
      MODIFIED_ON = getdate(),
      CURRENCY_ID = #currencyId:VARCHAR#,
      ADDL_SERVICE_ID = #addlServiceId:VARCHAR#,
      ITEM_CODE = #itemCode:VARCHAR#
    where COMMISSION_ID = #commissionId:INTEGER#
  </update>
  <update id="abatorgenerated_updateByPrimaryKeySelective" parameterClass="com.tcs.pos.common.data.commission.PostalCommissionMaster" >
    <!--
      WARNING - This element is automatically generated by Abator for iBATIS, do not modify.
      This element was generated on Wed Jan 15 15:05:32 IST 2014.
    -->
    update POSTAL_COMMISSION_MASTER
    <dynamic prepend="set" >
      <isNotNull prepend="," property="serviceId" >
        SERVICE_ID = #serviceId:VARCHAR#
      </isNotNull>
      <isNotNull prepend="," property="minAmount" >
        MIN_AMOUNT = #minAmount:REAL#
      </isNotNull>
      <isNotNull prepend="," property="maxAmount" >
        MAX_AMOUNT = #maxAmount:REAL#
      </isNotNull>
      <isNotNull prepend="," property="commission" >
        COMMISSION = #commission:REAL#
      </isNotNull>
      <isNotNull prepend="," property="createdBy" >
        CREATED_BY = #createdBy:VARCHAR#
      </isNotNull>
      <isNotNull prepend="," property="createdOn" >
        CREATED_ON = getdate()
      </isNotNull>
      <isNotNull prepend="," property="modifiedBy" >
        MODIFIED_BY = #modifiedBy:VARCHAR#
      </isNotNull>
      <isNotNull prepend="," property="modifiedOn" >
        MODIFIED_ON = getdate()
      </isNotNull>
      <isNotNull prepend="," property="currencyId" >
        CURRENCY_ID = #currencyId:VARCHAR#
      </isNotNull>
      <isNotNull prepend="," property="addlServiceId" >
        ADDL_SERVICE_ID = #addlServiceId:VARCHAR#
      </isNotNull>
      <isNotNull prepend="," property="itemCode" >
        ITEM_CODE = #itemCode:VARCHAR#
      </isNotNull>
    </dynamic>
    where COMMISSION_ID = #commissionId:INTEGER#
  </update>
   <!--
      Added by 594802 for selecting commission on service id and range of amount
    -->
  <resultMap id="abatorgenerated_PostalCommissionMasterCommisionAmtResult" class="com.tcs.pos.common.data.commission.PostalCommissionMaster" >
    <!--
      WARNING - This element is automatically generated by Abator for iBATIS, do not modify.
      This element was generated on Wed Jan 15 15:05:32 IST 2014.
    -->
   
    <result column="COMMISSION" property="commission" jdbcType="REAL" />
   
  </resultMap>
  <!--
      Added by 594802 for selecting commission on service id and range of amount
    -->
   <select id="abatorgenerated_selectCommission" resultMap="abatorgenerated_PostalCommissionMasterCommisionAmtResult" parameterClass="com.tcs.pos.common.data.commission.PostalCommissionMaster" >
    
    select TOP 1 COMMISSION
    from POSTAL_COMMISSION_MASTER
    where SERVICE_ID = #serviceId:VARCHAR# and #amount:REAL# &gt;=  MIN_AMOUNT  and #amount:REAL# &lt;= MAX_AMOUNT 
    AND (EXPIRY_DATE IS NULL OR getdate() &lt;= EXPIRY_DATE) 
    AND ((CASE WHEN EXPIRY_DATE IS NULL 
                  THEN '9999-12-31' 
                  ELSE EXPIRY_DATE END)&gt; date(getdate())   
         	OR 
        	(CASE WHEN EXPIRY_DATE IS NULL 
                  THEN '9999-12-31' 
                  ELSE EXPIRY_DATE END)= date(getdate()))
                  FOR READ ONLY 
  </select>
  
   <select id="abatorgenerated_selectCommissionforIPO" resultMap="abatorgenerated_PostalCommissionMasterCommisionAmtResult" parameterClass="com.tcs.pos.common.data.commission.PostalCommissionMaster" >
    
    select TOP 1 COMMISSION
    from POSTAL_COMMISSION_MASTER
    where ITEM_CODE = #itemCode:VARCHAR# AND (EXPIRY_DATE IS NULL OR getdate() &lt;= EXPIRY_DATE) 
    AND ((CASE WHEN EXPIRY_DATE IS NULL 
                  THEN '9999-12-31' 
                  ELSE EXPIRY_DATE END)&gt; date(getdate())   
         	OR 
        	(CASE WHEN EXPIRY_DATE IS NULL 
                  THEN '9999-12-31' 
                  ELSE EXPIRY_DATE END)= date(getdate()))
                  FOR READ ONLY
    <!-- SERVICE_ID = #serviceId:VARCHAR# -->
  </select>
  
  <select id="selectCommissionValueforIPOSale" resultMap="abatorgenerated_PostalCommissionMasterCommisionAmtResult" parameterClass="com.tcs.pos.common.data.commission.PostalCommissionMaster" >
    select TOP 1 COMMISSION
    from POSTAL_COMMISSION_MASTER
    where ITEM_CODE = #itemCode:VARCHAR# AND (EXPIRY_DATE IS NULL OR getdate() &lt;= EXPIRY_DATE) 
    AND ((CASE WHEN EXPIRY_DATE IS NULL 
                  THEN '9999-12-31' 
                  ELSE EXPIRY_DATE END)&gt; date(getdate())   
         	OR 
        	(CASE WHEN EXPIRY_DATE IS NULL 
                  THEN '9999-12-31' 
                  ELSE EXPIRY_DATE END)= date(getdate()))
                  FOR READ ONLY
    <!-- SERVICE_ID = #serviceId:VARCHAR# and #amount:REAL# BETWEEN MIN_AMOUNT and MAX_AMOUNT -->
  </select>
  
  <select id="abatorgenerated_selectByServiceId" resultMap="abatorgenerated_PostalCommissionMasterResult1" parameterClass="com.tcs.pos.common.data.commission.PostalCommissionMaster" >
    <!--
      WARNING - This element is automatically generated by Abator for iBATIS, do not modify.
      This element was generated on Tue Jan 07 15:43:10 IST 2014.
    -->
    
     select TOP 1 COMMISSION_ID, SERVICE_ID, MIN_AMOUNT, MAX_AMOUNT, COMMISSION
     from POSTAL_COMMISSION_MASTER where ADDL_SERVICE_ID=#addlServiceId:VARCHAR# 
     AND (EXPIRY_DATE IS NULL OR getdate() &lt;= EXPIRY_DATE) 
     AND ((CASE WHEN EXPIRY_DATE IS NULL 
                  THEN '9999-12-31' 
                  ELSE EXPIRY_DATE END)&gt; date(getdate())   
         	OR 
        	(CASE WHEN EXPIRY_DATE IS NULL 
                  THEN '9999-12-31' 
                  ELSE EXPIRY_DATE END)= date(getdate()))
                  FOR READ ONLY
    
  </select>
    <select id="abatorgenerated_selectAll" resultMap="abatorgenerated_PostalCommissionMasterResult" parameterClass="com.tcs.pos.common.data.commission.PostalCommissionMaster" >
    <!--
      WARNING - This element is automatically generated by Abator for iBATIS, do not modify.
      This element was generated on Tue Jan 07 15:43:10 IST 2014.
    -->
    select TOP 1 COMMISSION_ID, SERVICE_ID, CURRENCY, MIN_AMOUNT, MAX_AMOUNT, COMMISSION, CREATED_BY,
      CREATED_ON, MODIFIED_BY, MODIFIED_ON
    from POSTAL_COMMISSION_MASTER where SERVICE_ID=#serviceId:INTEGER# 
    AND (EXPIRY_DATE IS NULL OR getdate() &lt;= EXPIRY_DATE) 
    AND ((CASE WHEN EXPIRY_DATE IS NULL 
                  THEN '9999-12-31' 
                  ELSE EXPIRY_DATE END)&gt; date(getdate())   
         	OR 
        	(CASE WHEN EXPIRY_DATE IS NULL 
                  THEN '9999-12-31' 
                  ELSE EXPIRY_DATE END)= date(getdate()))
                  FOR READ ONLY
  </select>
<select id="abatorgenerated_selectSelectedColumn" resultMap="abatorgenerated_PostalCommissionMasterResult1" parameterClass="com.tcs.pos.common.data.commission.PostalCommissionMaster" >
    <!--
      WARNING - This element is automatically generated by Abator for iBATIS, do not modify.
      This element was generated on Tue Jan 07 15:43:10 IST 2014.
    -->
    select TOP 1 COMMISSION_ID, SERVICE_ID, CURRENCY, MIN_AMOUNT, MAX_AMOUNT, COMMISSION
    from POSTAL_COMMISSION_MASTER where SERVICE_ID=#serviceId:INTEGER# 
    AND (EXPIRY_DATE IS NULL OR getdate() &lt;= EXPIRY_DATE) 
    AND ((CASE WHEN EXPIRY_DATE IS NULL 
                  THEN '9999-12-31' 
                  ELSE EXPIRY_DATE END)&gt; date(getdate())   
         	OR 
        	(CASE WHEN EXPIRY_DATE IS NULL 
                  THEN '9999-12-31' 
                  ELSE EXPIRY_DATE END)= date(getdate()))
                  FOR READ ONLY
  </select>
  
  <select id="fetchCommission" resultClass="java.lang.Float" parameterClass="com.tcs.pos.common.data.commission.PostalCommissionMaster" >
    <!--
      WARNING - This element is automatically generated by Abator for iBATIS, do not modify.
      This element was generated on Tue Jan 07 15:43:10 IST 2014.
    -->
    select TOP 1 COMMISSION
    from POSTAL_COMMISSION_MASTER where ADDL_SERVICE_ID=#addlServiceId:VARCHAR# 
    and #amountEntered:REAL# &gt;=  MIN_AMOUNT  and #amountEntered:REAL# &lt; MAX_AMOUNT 
    AND (EXPIRY_DATE IS NULL OR getdate() &lt;= EXPIRY_DATE) 
    AND ((CASE WHEN EXPIRY_DATE IS NULL 
                  THEN '9999-12-31' 
                  ELSE EXPIRY_DATE END)&gt; date(getdate())   
         	OR 
        	(CASE WHEN EXPIRY_DATE IS NULL 
                  THEN '9999-12-31' 
                  ELSE EXPIRY_DATE END)= date(getdate()))
                  FOR READ ONLY
  </select>
  
  <select id="getIntlMOCommission" resultClass="java.lang.Double" parameterClass="com.tcs.pos.common.data.commission.PostalCommissionMaster" >
  
  	SELECT TOP 1 (pcm.COMMISSION*picm.INR_EXCHANGE_RATE) COMMISSION FROM POSTAL_COMMISSION_MASTER pcm join POSTAL_INTL_CURRENCY_MASTER picm
	on pcm.CURRENCY_ID=picm.CURRENCY_ID
	where pcm.MIN_AMOUNT &lt;= #amount:REAL# and pcm.MAX_AMOUNT &gt;= #amount:REAL# and pcm.CURRENCY_ID='USD' FOR READ ONLY
  </select>
  
  
  <resultMap id="abatorgenerated_getCommission" class="com.tcs.pos.common.data.commission.PostalCommissionMaster" >
    <!--
      WARNING - This element is automatically generated by Abator for iBATIS, do not modify.
      This element was generated on Wed Jan 15 15:05:32 IST 2014.
    -->
    <result column="COMMISSION" property="commission" jdbcType="REAL" />
  </resultMap>
   <select id="getCommission" resultMap="abatorgenerated_getCommission" parameterClass="com.tcs.pos.common.data.commission.PostalCommissionMaster" >
    <!--
      WARNING - This element is automatically generated by Abator for iBATIS, do not modify.
      This element was generated on Tue Jan 07 15:43:10 IST 2014.
    -->
    select TOP 1 COMMISSION
    from POSTAL_COMMISSION_MASTER where SERVICE_ID=#serviceId:VARCHAR# 
    AND (EXPIRY_DATE IS NULL OR getdate() &lt;= EXPIRY_DATE) 
    AND ((CASE WHEN EXPIRY_DATE IS NULL 
                  THEN '9999-12-31' 
                  ELSE EXPIRY_DATE END)&gt; date(getdate())   
         	OR 
        	(CASE WHEN EXPIRY_DATE IS NULL 
                  THEN '9999-12-31' 
                  ELSE EXPIRY_DATE END)= date(getdate()))
                  FOR READ ONLY
  </select>
  <resultMap id="abatorgenerated_getSvcCommission" class="com.tcs.pos.common.data.commission.PostalCommissionMaster" >
    <!--
      WARNING - This element is automatically generated by Abator for iBATIS, do not modify.
      This element was generated on Wed Jan 15 15:05:32 IST 2014.
    -->
   <result column="COMMISSION" property="commission" jdbcType="REAL" />
   </resultMap>
   <select id="getIntlCommission" resultMap="abatorgenerated_getSvcCommission" parameterClass="com.tcs.pos.common.data.commission.PostalCommissionMaster" >
  
  	SELECT TOP 1 pcm.COMMISSION FROM POSTAL_COMMISSION_MASTER pcm join  POSTAL_INTL_BANK_CURRENCY_MAPPING picm
	on pcm.CURRENCY_ID=picm.CURRENCY_ID
	where  #amount:REAL# between pcm.MIN_AMOUNT and pcm.MAX_AMOUNT  and pcm.CURRENCY_ID='USD' 
	and picm.INTL_SERVICE_PROVIDER_BANK_ID=#serviceProviderBankID:VARCHAR# and pcm.SERVICE_ID=#serviceId:VARCHAR# FOR READ ONLY
  </select>
  
  
  <select id="getCommissionItem" resultMap="abatorgenerated_getSvcCommission" parameterClass="com.tcs.pos.common.data.commission.PostalCommissionMaster" >
  
  	SELECT TOP 1 COMMISSION 
  	FROM POSTAL_COMMISSION_MASTER 
	where ITEM_CODE=#itemCode:VARCHAR# AND (EXPIRY_DATE IS NULL OR getdate() &lt;= EXPIRY_DATE) 
	AND ((CASE WHEN EXPIRY_DATE IS NULL 
                  THEN '9999-12-31' 
                  ELSE EXPIRY_DATE END)&gt; date(getdate())   
         	OR 
        	(CASE WHEN EXPIRY_DATE IS NULL 
                  THEN '9999-12-31' 
                  ELSE EXPIRY_DATE END)= date(getdate()))
                  FOR READ ONLY
  </select>
  
  <select id="getCommissionVasSvc" resultMap="abatorgenerated_getSvcCommission" parameterClass="com.tcs.pos.common.data.commission.PostalCommissionMaster" >
  
  	SELECT TOP 1 COMMISSION 
  	FROM POSTAL_COMMISSION_MASTER 
	where  #amount:REAL# between MIN_AMOUNT and MAX_AMOUNT  and ADDL_SERVICE_ID=#addlServiceId:VARCHAR# 
	AND (EXPIRY_DATE IS NULL OR getdate() &lt;= EXPIRY_DATE) 
	AND ((CASE WHEN EXPIRY_DATE IS NULL 
                  THEN '9999-12-31' 
                  ELSE EXPIRY_DATE END)&gt; date(getdate())   
         	OR 
        	(CASE WHEN EXPIRY_DATE IS NULL 
                  THEN '9999-12-31' 
                  ELSE EXPIRY_DATE END)= date(getdate()))
                  FOR READ ONLY
  </select> 
  
   <select id="getCommissionSvc" resultMap="abatorgenerated_getSvcCommission" parameterClass="com.tcs.pos.common.data.commission.PostalCommissionMaster" >
  
  	SELECT TOP 1 COMMISSION 
  	FROM POSTAL_COMMISSION_MASTER 
	where  #amount:REAL# between MIN_AMOUNT and MAX_AMOUNT  and SERVICE_ID=#serviceId:VARCHAR# 
	AND (EXPIRY_DATE IS NULL OR getdate() &lt;= EXPIRY_DATE)
	AND ((CASE WHEN EXPIRY_DATE IS NULL 
                  THEN '9999-12-31' 
                  ELSE EXPIRY_DATE END)&gt; date(getdate())   
         	OR 
        	(CASE WHEN EXPIRY_DATE IS NULL 
                  THEN '9999-12-31' 
                  ELSE EXPIRY_DATE END)= date(getdate()))
                  FOR READ ONLY
  </select>   
  
  <select id="abatorgenerated_getMaxAddlAmount" resultMap="abatorgenerated_PostalCommissionMasterResult_maxAmount" parameterClass="com.tcs.pos.common.data.commission.PostalCommissionMaster" >
    select max(MAX_AMOUNT) as MAX_AMOUNT from POSTAL.POSTAL_COMMISSION_MASTER where ADDL_SERVICE_ID=#addlServiceId:VARCHAR# FOR READ ONLY
  </select>
</sqlMap>