<?xml version="1.0" encoding="UTF-8" ?>
<!DOCTYPE sqlMap PUBLIC "-//ibatis.apache.org//DTD SQL Map 2.0//EN" "http://ibatis.apache.org/dtd/sql-map-2.dtd" >
<sqlMap namespace="DOP_SORTING_HUB_MASTER" >
  <resultMap id="abatorgenerated_DopSortingHubMasterResult" class="com.tcs.postal.common.data.mail.DopSortingHubMaster" >
    <!--
      WARNING - This element is automatically generated by Abator for iBATIS, do not modify.
      This element was generated on Fri Jun 27 13:53:16 IST 2014.
    -->
    <result column="SORTING_HUB_ID" property="sortingHubId" jdbcType="INTEGER" />
    <result column="SORTING_HUB" property="sortingHub" jdbcType="VARCHAR" />
    <result column="CREATED_BY" property="createdBy" jdbcType="VARCHAR" />
    <result column="CREATED_ON" property="createdOn" jdbcType="TIMESTAMP" />
    <result column="MODIFIED_BY" property="modifiedBy" jdbcType="VARCHAR" />
    <result column="MODIFIED_ON" property="modifiedOn" jdbcType="TIMESTAMP" />
    <result column="SORT_PROGRAM_TYPE" property="sortProgramType" jdbcType="VARCHAR" />
    <result column="FROM_PIN_CODE" property="fromPinCode" jdbcType="INTEGER" />
    <result column="TO_PIN_CODE" property="toPinCode" jdbcType="INTEGER" />
  </resultMap>
  <select id="abatorgenerated_selectByPrimaryKey" resultMap="abatorgenerated_DopSortingHubMasterResult" parameterClass="com.tcs.postal.common.data.mail.DopSortingHubMaster" >
    <!--
      WARNING - This element is automatically generated by Abator for iBATIS, do not modify.
      This element was generated on Fri Jun 27 13:53:16 IST 2014.
    -->
    select SORTING_HUB_ID, SORTING_HUB, CREATED_BY, CREATED_ON, MODIFIED_BY, MODIFIED_ON,
      SORT_PROGRAM_TYPE, FROM_PIN_CODE, TO_PIN_CODE
    from DOP_SORTING_HUB_MASTER
    where SORTING_HUB_ID = #sortingHubId:INTEGER#
  </select>
  <delete id="abatorgenerated_deleteByPrimaryKey" parameterClass="com.tcs.postal.common.data.mail.DopSortingHubMaster" >
    <!--
      WARNING - This element is automatically generated by Abator for iBATIS, do not modify.
      This element was generated on Fri Jun 27 13:53:16 IST 2014.
    -->
    delete from DOP_SORTING_HUB_MASTER
    where SORTING_HUB_ID = #sortingHubId:INTEGER#
  </delete>
  <insert id="abatorgenerated_insert" parameterClass="com.tcs.postal.common.data.mail.DopSortingHubMaster" >
    <!--
      WARNING - This element is automatically generated by Abator for iBATIS, do not modify.
      This element was generated on Fri Jun 27 13:53:16 IST 2014.
    -->
    insert into DOP_SORTING_HUB_MASTER (SORTING_HUB_ID, SORTING_HUB, CREATED_BY, CREATED_ON,
      MODIFIED_BY, MODIFIED_ON, SORT_PROGRAM_TYPE, FROM_PIN_CODE, TO_PIN_CODE)
    values (#sortingHubId:INTEGER#, #sortingHub:VARCHAR#, #createdBy:VARCHAR#,
      getdate(), #modifiedBy:VARCHAR#, getdate(),
      #sortProgramType:VARCHAR#, #fromPinCode:INTEGER#, #toPinCode:INTEGER#)
  </insert>
  <update id="abatorgenerated_updateByPrimaryKey" parameterClass="com.tcs.postal.common.data.mail.DopSortingHubMaster" >
    <!--
      WARNING - This element is automatically generated by Abator for iBATIS, do not modify.
      This element was generated on Fri Jun 27 13:53:16 IST 2014.
    -->
    update DOP_SORTING_HUB_MASTER
    set SORTING_HUB = #sortingHub:VARCHAR#,
      CREATED_BY = #createdBy:VARCHAR#,
      CREATED_ON = getdate(),
      MODIFIED_BY = #modifiedBy:VARCHAR#,
      MODIFIED_ON = getdate(),
      SORT_PROGRAM_TYPE = #sortProgramType:VARCHAR#,
      FROM_PIN_CODE = #fromPinCode:INTEGER#,
      TO_PIN_CODE = #toPinCode:INTEGER#
    where SORTING_HUB_ID = #sortingHubId:INTEGER#
  </update>
  <update id="abatorgenerated_updateByPrimaryKeySelective" parameterClass="com.tcs.postal.common.data.mail.DopSortingHubMaster" >
    <!--
      WARNING - This element is automatically generated by Abator for iBATIS, do not modify.
      This element was generated on Fri Jun 27 13:53:16 IST 2014.
    -->
    update DOP_SORTING_HUB_MASTER
    <dynamic prepend="set" >
      <isNotNull prepend="," property="sortingHub" >
        SORTING_HUB = #sortingHub:VARCHAR#
      </isNotNull>
      <isNotNull prepend="," property="createdBy" >
        CREATED_BY = #createdBy:VARCHAR#
      </isNotNull>
      <isNotNull prepend="," property="createdOn" >
        CREATED_ON = getdate()
      </isNotNull>
      <isNotNull prepend="," property="modifiedBy" >
        MODIFIED_BY = #modifiedBy:VARCHAR#
      </isNotNull>
      <isNotNull prepend="," property="modifiedOn" >
        MODIFIED_ON = getdate()
      </isNotNull>
      <isNotNull prepend="," property="sortProgramType" >
        SORT_PROGRAM_TYPE = #sortProgramType:VARCHAR#
      </isNotNull>
      <isNotNull prepend="," property="fromPinCode" >
        FROM_PIN_CODE = #fromPinCode:INTEGER#
      </isNotNull>
      <isNotNull prepend="," property="toPinCode" >
        TO_PIN_CODE = #toPinCode:INTEGER#
      </isNotNull>
    </dynamic>
    where SORTING_HUB_ID = #sortingHubId:INTEGER#
  </update>
  
   <resultMap id="selectByPinCodeResult" class="com.tcs.postal.common.data.mail.DopSortingHubMaster" >
   <result column="SORTING_HUB" property="sortingHub" jdbcType="VARCHAR" />
     <!--<result column="TO_PIN_CODE" property="toPinCode" jdbcType="INTEGER" />
  --></resultMap>
  
   <select id="selectByPinCode" resultMap="selectByPinCodeResult" parameterClass="com.tcs.postal.common.data.mail.DopSortingHubMaster" >
   
   
   <!--select  pom.OFFICE_NAME as SORTING_HUB, dshm.TO_PIN_CODE
     
    from DOP_SORTING_HUB_MASTER as dshm,DOP_SERVICE_SORT_PROGRAM_TYPE_MAPPING as dssptm,POSTAL_OFFICE_MASTER pom
    where  dshm.SORT_PROGRAM_TYPE=dssptm.SORT_PROGRAM_TYPE
     and dshm.SORTING_HUB =pom.OFFICE_ID
    and    dshm.FROM_PIN_CODE = #fromPinCode:INTEGER#
    and    dssptm.SERVICE_ID = #serviceId:VARCHAR#-->
   
   
   
		SELECT TOP 1  fn_GetOfficeName(SORTING_HUB) AS SORTING_HUB from DOP_SORTING_HUB_MASTER WHERE CAST(TO_PIN_CODE AS VARCHAR) like #fromPinCode:VARCHAR# FOR READ ONLY

   
   
     <!--select  dshm.SORTING_HUB, dshm.TO_PIN_CODE
     
    from DOP_SORTING_HUB_MASTER as dshm,DOP_SERVICE_SORT_PROGRAM_TYPE_MAPPING as dssptm
    where  dshm.SORT_PROGRAM_TYPE=dssptm.SORT_PROGRAM_TYPE
    and    dshm.FROM_PIN_CODE = #fromPinCode:INTEGER#
    and    dssptm.SERVICE_ID = #serviceId:VARCHAR#-->
    
  </select>
  
  <resultMap id="selectByPinCodeRangeResult" class="com.tcs.postal.common.data.mail.DopSortingHubMaster" >
   <result column="SORTING_HUB" property="sortingHub" jdbcType="VARCHAR" />
    </resultMap>
  
   <select id="selectByPinCodeRange" resultMap="selectByPinCodeRangeResult" parameterClass="com.tcs.postal.common.data.mail.DopSortingHubMaster" >
   
  SELECT OFFICE_NAME AS SORTING_HUB from POSTAL_OFFICE_MASTER WHERE OFFICE_ID =
 (SELECT TOP 1 SORTING_HUB FROM DOP_SORTING_HUB_MASTER WHERE (TO_PIN_CODE LIKE #pinCode:VARCHAR# OR FROM_PIN_CODE LIKE #pinCode:VARCHAR#) AND 
 SORT_PROGRAM_TYPE=(SELECT PRINT_SERVICE_NAME FROM POSTAL_SERVICE_MASTER WHERE SERVICE_ID=#serviceId:VARCHAR#))
 
    FOR READ ONLY
  
  
  
   <!-- SELECT 'NA' AS SORTING_HUB
    
    FOR READ ONLY-->
   
  <!-- select top 1 pom.OFFICE_NAME as SORTING_HUB
     
    from DOP_SORTING_HUB_MASTER as dshm,DOP_SERVICE_SORT_PROGRAM_TYPE_MAPPING as dssptm,POSTAL_OFFICE_MASTER pom
    where  dshm.SORT_PROGRAM_TYPE=dssptm.SORT_PROGRAM_TYPE
    and dshm.SORTING_HUB =pom.OFFICE_ID
   and     #pinCode:INTEGER# &gt;= dshm.FROM_PIN_CODE
    and      #pinCode:INTEGER# &lt;= dshm.TO_PIN_CODE
    and    dssptm.SERVICE_ID = #serviceId:VARCHAR#-->
   
   
    <!--select top 1 dshm.SORTING_HUB
     
    from DOP_SORTING_HUB_MASTER as dshm,DOP_SERVICE_SORT_PROGRAM_TYPE_MAPPING as dssptm
    where  dshm.SORT_PROGRAM_TYPE=dssptm.SORT_PROGRAM_TYPE
    and     #pinCode:INTEGER# &gt;= dshm.FROM_PIN_CODE
    and      #pinCode:INTEGER# &lt;= dshm.TO_PIN_CODE
    and    dssptm.SERVICE_ID = #serviceId:VARCHAR#-->
    
  </select>
  
  <resultMap id="fetchOfficeNameResult" class="com.tcs.postal.common.data.mail.DopSortingHubMaster" >
   <result column="OFFICE_NAME" property="officeName" jdbcType="VARCHAR" />
    </resultMap>
  
   <select id="fetchOfficeName" resultMap="fetchOfficeNameResult" parameterClass="com.tcs.postal.common.data.mail.DopSortingHubMaster" >
   
   select  OFFICE_NAME from POSTAL_OFFICE_MASTER where OFFICE_ID=#pinCode:VARCHAR# FOR READ ONLY
 
  </select>
  
</sqlMap>