<?xml version="1.0" encoding="UTF-8" ?>
<!DOCTYPE sqlMap PUBLIC "-//ibatis.apache.org//DTD SQL Map 2.0//EN" "http://ibatis.apache.org/dtd/sql-map-2.dtd" >
<sqlMap namespace="DOP_DIRECT_POST_USER_GROUP_MASTER" >
  <resultMap id="abatorgenerated_DopDirectPostUserGroupMasterResult" class="com.tcs.pos.common.data.invoice.DopDirectPostUserGroupMaster" >
    <!--
      WARNING - This element is automatically generated by Abator for iBATIS, do not modify.
      This element was generated on Thu Nov 07 13:14:08 IST 2013.
    -->
    <result column="USER_GROUP_ID" property="userGroupId" jdbcType="INTEGER" />
    <result column="USER_GROUP_NAME" property="userGroupName" jdbcType="VARCHAR" />
    <result column="CREATED_BY" property="createdBy" jdbcType="VARCHAR" />
    <result column="CREATED_ON" property="createdOn" jdbcType="TIMESTAMP" />
    <result column="MODIFIED_BY" property="modifiedBy" jdbcType="VARCHAR" />
    <result column="MODIFIED_ON" property="modifiedOn" jdbcType="TIMESTAMP" />
    <result column="STATUS" property="status" jdbcType="BIT" />
  </resultMap>
  <resultMap id="abatorgenerated_DopDirectPostUserGroupMasterResult1" class="com.tcs.pos.common.data.invoice.DopDirectPostUserGroupMaster" >
    <!--
      WARNING - This element is automatically generated by Abator for iBATIS, do not modify.
      This element was generated on Tue Oct 29 18:15:54 GMT+05:30 2013.
    -->
    <result column="USER_GROUP_ID" property="userGroupId" jdbcType="INTEGER" />
    <result column="USER_GROUP_NAME" property="userGroupName" jdbcType="VARCHAR" />
    <result column="CREATED_BY" property="createdBy" jdbcType="VARCHAR" />
    <result column="CREATED_ON" property="createdOn" jdbcType="TIMESTAMP" />
    <result column="MODIFIED_BY" property="modifiedBy" jdbcType="VARCHAR" />
    <result column="MODIFIED_ON" property="modifiedOn" jdbcType="TIMESTAMP" />
  </resultMap>
  <select id="abatorgenerated_selectByPrimaryKey" resultMap="abatorgenerated_DopDirectPostUserGroupMasterResult" parameterClass="com.tcs.pos.common.data.invoice.DopDirectPostUserGroupMaster" >
    <!--
      WARNING - This element is automatically generated by Abator for iBATIS, do not modify.
      This element was generated on Thu Nov 07 13:14:08 IST 2013.
    -->
    select USER_GROUP_ID, USER_GROUP_NAME, CREATED_BY, CREATED_ON, MODIFIED_BY, MODIFIED_ON, STATUS
    from DOP_DIRECT_POST_USER_GROUP_MASTER
    where USER_GROUP_ID = #userGroupId:INTEGER# FOR READ ONLY
  </select>
  <delete id="abatorgenerated_deleteByPrimaryKey" parameterClass="com.tcs.pos.common.data.invoice.DopDirectPostUserGroupMaster" >
    <!--
      WARNING - This element is automatically generated by Abator for iBATIS, do not modify.
      This element was generated on Thu Nov 07 13:14:08 IST 2013.
    -->
    delete from DOP_DIRECT_POST_USER_GROUP_MASTER
    where USER_GROUP_ID = #userGroupId:INTEGER#
  </delete>
  <insert id="abatorgenerated_insert" parameterClass="com.tcs.pos.common.data.invoice.DopDirectPostUserGroupMaster" >
    <!--
      WARNING - This element is automatically generated by Abator for iBATIS, do not modify.
      This element was generated on Thu Nov 07 13:14:08 IST 2013.
    -->
    insert into DOP_DIRECT_POST_USER_GROUP_MASTER (USER_GROUP_ID, USER_GROUP_NAME, CREATED_BY,
      CREATED_ON, MODIFIED_BY, MODIFIED_ON, STATUS)
    values (#userGroupId:INTEGER#, #userGroupName:VARCHAR#, #createdBy:VARCHAR#,
      getdate(), #modifiedBy:VARCHAR#, getdate(), #status:BIT#)
  </insert>
  <update id="abatorgenerated_updateByPrimaryKey" parameterClass="com.tcs.pos.common.data.invoice.DopDirectPostUserGroupMaster" >
    <!--
      WARNING - This element is automatically generated by Abator for iBATIS, do not modify.
      This element was generated on Thu Nov 07 13:14:08 IST 2013.
    -->
    update DOP_DIRECT_POST_USER_GROUP_MASTER
    set USER_GROUP_NAME = #userGroupName:VARCHAR#,
      CREATED_BY = #createdBy:VARCHAR#,
      CREATED_ON = getdate(),
      MODIFIED_BY = #modifiedBy:VARCHAR#,
      MODIFIED_ON = getdate(),
      STATUS = #status:BIT#
    where USER_GROUP_ID = #userGroupId:INTEGER#
  </update>
  <update id="abatorgenerated_updateByPrimaryKeySelective" parameterClass="com.tcs.pos.common.data.invoice.DopDirectPostUserGroupMaster" >
    <!--
      WARNING - This element is automatically generated by Abator for iBATIS, do not modify.
      This element was generated on Thu Nov 07 13:14:08 IST 2013.
    -->
    update DOP_DIRECT_POST_USER_GROUP_MASTER
    <dynamic prepend="set" >
      <isNotNull prepend="," property="userGroupName" >
        USER_GROUP_NAME = #userGroupName:VARCHAR#
      </isNotNull>
      <isNotNull prepend="," property="createdBy" >
        CREATED_BY = #createdBy:VARCHAR#
      </isNotNull>
      <isNotNull prepend="," property="createdOn" >
        CREATED_ON = getdate()
      </isNotNull>
      <isNotNull prepend="," property="modifiedBy" >
        MODIFIED_BY = #modifiedBy:VARCHAR#
      </isNotNull>
      <isNotNull prepend="," property="modifiedOn" >
        MODIFIED_ON = getdate()
      </isNotNull>
      <isNotNull prepend="," property="status" >
        STATUS = #status:BIT#
      </isNotNull>
    </dynamic>
    where USER_GROUP_ID = #userGroupId:INTEGER#
  </update>
   <select id="abatorgenerated_selectAll" resultMap="abatorgenerated_DopDirectPostUserGroupMasterResult1" parameterClass="com.tcs.pos.common.data.invoice.DopDirectPostUserGroupMaster" >
    <!--
      WARNING - This element is automatically generated by Abator for iBATIS, do not modify.
      This element was generated on Tue Oct 29 18:15:54 GMT+05:30 2013.
    -->
    select USER_GROUP_ID, USER_GROUP_NAME, CREATED_BY, CREATED_ON, MODIFIED_BY, MODIFIED_ON
    from DOP_DIRECT_POST_USER_GROUP_MASTER FOR READ ONLY
  </select>
</sqlMap>