<!DOCTYPE sqlMap PUBLIC "-//ibatis.apache.org//DTD SQL Map 2.0//EN" "http://ibatis.apache.org/dtd/sql-map-2.dtd" >
<sqlMap namespace="POSTAL_ADDL_SERVICE_MASTER" >
  <resultMap id="abatorgenerated_PostalAddlServiceMasterResult" class="com.tcs.postal.common.data.mail.PostalAddlServiceMaster" >
    <!--
      WARNING - This element is automatically generated by Abator for iBATIS, do not modify.
      This element was generated on Thu Dec 05 12:02:24 GMT+05:30 2013.
    -->
    <result column="ADDL_SERVICE_ID" property="addlServiceId" jdbcType="VARCHAR" />
    <result column="ADDL_SERVICE_NAME" property="addlServiceName" jdbcType="VARCHAR" />
    <result column="CREATED_BY" property="createdBy" jdbcType="VARCHAR" />
    <result column="CREATED_ON" property="createdOn" jdbcType="TIMESTAMP" />
    <result column="MODIFIED_BY" property="modifiedBy" jdbcType="VARCHAR" />
    <result column="MODIFIED_ON" property="modifiedOn" jdbcType="TIMESTAMP" />
    <result column="DESCRIPTION" property="description" jdbcType="VARCHAR" />
    <result column="ACTIVATION_DATE" property="activationDate" jdbcType="DATE" />
    <result column="EXPIRY_DATE" property="expiryDate" jdbcType="DATE" />
  </resultMap>
  <!-- Added by 560324 -->
  <resultMap id="abatorgenerated_PostalAdditionalServiceMasterResultForADDLSERVICENAME" class="com.tcs.postal.common.data.mail.PostalAddlServiceMaster" >
    <!--
      WARNING - This element is automatically generated by Abator for iBATIS, do not modify.
      This element was generated on Mon Sep 23 18:59:14 IST 2013.
    -->
   
   <result column="ADDL_SERVICE_ID" property="addlServiceId" jdbcType="VARCHAR" />
    <result column="ADDL_SERVICE_NAME" property="addlServiceName" jdbcType="VARCHAR" />
    
  </resultMap>
  <select id="abatorgenerated_selectByPrimaryKey" resultMap="abatorgenerated_PostalAddlServiceMasterResult" parameterClass="com.tcs.postal.common.data.mail.PostalAddlServiceMaster" >
    <!--
      WARNING - This element is automatically generated by Abator for iBATIS, do not modify.
      This element was generated on Thu Dec 05 12:02:24 GMT+05:30 2013.
    -->
    select ADDL_SERVICE_ID, ADDL_SERVICE_NAME, CREATED_BY, CREATED_ON, MODIFIED_BY, MODIFIED_ON,
      DESCRIPTION, ACTIVATION_DATE, EXPIRY_DATE
    from POSTAL_ADDL_SERVICE_MASTER
    where ADDL_SERVICE_ID = #addlServiceId:VARCHAR# FOR READ ONLY
  </select>
   <!-- Added by 560324 -->
  <select id="getAdditionalServicesNames" resultMap="abatorgenerated_PostalAdditionalServiceMasterResultForADDLSERVICENAME" parameterClass="com.tcs.postal.common.data.mail.PostalAddlServiceMaster" >
    <!--
      WARNING - This element is automatically generated by Abator for iBATIS, do not modify.
      This element was generated on Mon Sep 23 18:59:14 IST 2013.
    -->
   select distinct ADDL_SERVICE_ID , ADDL_SERVICE_NAME 
    from POSTAL_ADDL_SERVICE_MASTER  WHERE ADDL_SERVICE_ID NOT IN ('REG', 'LTF','EVP','COD') FOR READ ONLY
   
  </select>
  <delete id="abatorgenerated_deleteByPrimaryKey" parameterClass="com.tcs.postal.common.data.mail.PostalAddlServiceMaster" >
    <!--
      WARNING - This element is automatically generated by Abator for iBATIS, do not modify.
      This element was generated on Thu Dec 05 12:02:24 GMT+05:30 2013.
    -->
    delete from POSTAL_ADDL_SERVICE_MASTER
    where ADDL_SERVICE_ID = #addlServiceId:VARCHAR#
  </delete>
  <insert id="abatorgenerated_insert" parameterClass="com.tcs.postal.common.data.mail.PostalAddlServiceMaster" >
    <!--
      WARNING - This element is automatically generated by Abator for iBATIS, do not modify.
      This element was generated on Thu Dec 05 12:02:24 GMT+05:30 2013.
    -->
    insert into POSTAL_ADDL_SERVICE_MASTER (ADDL_SERVICE_ID, ADDL_SERVICE_NAME, CREATED_BY,
      CREATED_ON, MODIFIED_BY, MODIFIED_ON, DESCRIPTION, ACTIVATION_DATE, EXPIRY_DATE)
    values (#addlServiceId:VARCHAR#, #addlServiceName:VARCHAR#, #createdBy:VARCHAR#,
      getdate(), #modifiedBy:VARCHAR#, getdate(), #description:VARCHAR#,
      #activationDate:DATE#, #expiryDate:DATE#)
  </insert>
  <update id="abatorgenerated_updateByPrimaryKey" parameterClass="com.tcs.postal.common.data.mail.PostalAddlServiceMaster" >
    <!--
      WARNING - This element is automatically generated by Abator for iBATIS, do not modify.
      This element was generated on Thu Dec 05 12:02:24 GMT+05:30 2013.
    -->
    update POSTAL_ADDL_SERVICE_MASTER
    set ADDL_SERVICE_NAME = #addlServiceName:VARCHAR#,
      CREATED_BY = #createdBy:VARCHAR#,
      CREATED_ON = getdate(),
      MODIFIED_BY = #modifiedBy:VARCHAR#,
      MODIFIED_ON = getdate(),
      DESCRIPTION = #description:VARCHAR#,
      ACTIVATION_DATE = #activationDate:DATE#,
      EXPIRY_DATE = #expiryDate:DATE#
    where ADDL_SERVICE_ID = #addlServiceId:VARCHAR#
  </update>
  <update id="abatorgenerated_updateByPrimaryKeySelective" parameterClass="com.tcs.postal.common.data.mail.PostalAddlServiceMaster" >
    <!--
      WARNING - This element is automatically generated by Abator for iBATIS, do not modify.
      This element was generated on Thu Dec 05 12:02:24 GMT+05:30 2013.
    -->
    update POSTAL_ADDL_SERVICE_MASTER
    <dynamic prepend="set" >
      <isNotNull prepend="," property="addlServiceName" >
        ADDL_SERVICE_NAME = #addlServiceName:VARCHAR#
      </isNotNull>
      <isNotNull prepend="," property="createdBy" >
        CREATED_BY = #createdBy:VARCHAR#
      </isNotNull>
      <isNotNull prepend="," property="createdOn" >
        CREATED_ON = getdate()
      </isNotNull>
      <isNotNull prepend="," property="modifiedBy" >
        MODIFIED_BY = #modifiedBy:VARCHAR#
      </isNotNull>
      <isNotNull prepend="," property="modifiedOn" >
        MODIFIED_ON = getdate()
      </isNotNull>
      <isNotNull prepend="," property="description" >
        DESCRIPTION = #description:VARCHAR#
      </isNotNull>
      <isNotNull prepend="," property="activationDate" >
        ACTIVATION_DATE = #activationDate:DATE#
      </isNotNull>
      <isNotNull prepend="," property="expiryDate" >
        EXPIRY_DATE = #expiryDate:DATE#
      </isNotNull>
    </dynamic>
    where ADDL_SERVICE_ID = #addlServiceId:VARCHAR#
  </update>
  <select id="abatorgenerated_selectByAddlServiceId"  resultClass="java.lang.String" >
    <!--
      WARNING - This element is automatically generated by Abator for iBATIS, do not modify.
      This element was generated on Thu Dec 05 12:02:24 GMT+05:30 2013.
    -->
    select ADDL_SERVICE_NAME
    from POSTAL_ADDL_SERVICE_MASTER
    where ADDL_SERVICE_ID = #addlServiceId:VARCHAR# FOR READ ONLY
  </select>
    <select id="getAdditionalServicesNamesForRegisteredCustomer" resultMap="abatorgenerated_PostalAdditionalServiceMasterResultForADDLSERVICENAME" parameterClass="com.tcs.postal.common.data.mail.PostalAddlServiceMaster" >
    <!--
      WARNING - This element is automatically generated by Abator for iBATIS, do not modify.
      This element was generated on Mon Sep 23 18:59:14 IST 2013.
    -->
   select distinct ADDL_SERVICE_ID , ADDL_SERVICE_NAME 
    from POSTAL_ADDL_SERVICE_MASTER  WHERE ADDL_SERVICE_ID NOT IN ('REG', 'LTF') FOR READ ONLY
   
  </select>
</sqlMap>