<?xml version="1.0" encoding="UTF-8" ?>
<!DOCTYPE sqlMap PUBLIC "-//ibatis.apache.org//DTD SQL Map 2.0//EN" "http://ibatis.apache.org/dtd/sql-map-2.dtd" >
<sqlMap namespace="DOP_EPOST_DETAILS">
	<resultMap id="abatorgenerated_DopEpostDetailsResult" class="com.tcs.pos.common.data.epost.DopEpostDetails">
		<!--
			WARNING - This element is automatically generated by Abator for
			iBATIS, do not modify. This element was generated on Tue Nov 26
			15:12:22 IST 2013.
		-->
		<result column="EPOST_ID" property="epostId" jdbcType="INTEGER" />
		<result column="INVOICE_NO" property="invoiceNo" jdbcType="VARCHAR" />
		<result column="SUBJECT" property="subject" jdbcType="VARCHAR" />
		<result column="ONLINE_TEXT" property="onlineText" jdbcType="VARCHAR" />
		<result column="RECIPIENT_ADDRESS1" property="recipientAddress1"
			jdbcType="VARCHAR" />
		<result column="RECIPIENT_CITY" property="recipientCity"
			jdbcType="VARCHAR" />
		<result column="RECIPIENT_EMAIL" property="recipientEmail"
			jdbcType="VARCHAR" />
		<result column="RECIPIENT_MOBILE" property="recipientMobile"
			jdbcType="VARCHAR" />
		<result column="RECIPIENT_NAME" property="recipientName"
			jdbcType="VARCHAR" />
		<result column="RECIPIENT_ZIP" property="recipientZip"
			jdbcType="INTEGER" />
		<result column="RECIPIENT_STATE" property="recipientState"
			jdbcType="VARCHAR" />
		<result column="SENDER_ADDRESS1" property="senderAddress1"
			jdbcType="VARCHAR" />
		<result column="SENDER_CITY" property="senderCity" jdbcType="VARCHAR" />
		<result column="SENDER_EMAIL" property="senderEmail" jdbcType="VARCHAR" />
		<result column="SENDER_MOBILE" property="senderMobile"
			jdbcType="VARCHAR" />
		<result column="SENDER_NAME" property="senderName" jdbcType="VARCHAR" />
		<result column="SENDER_ZIP" property="senderZip" jdbcType="INTEGER" />
		<result column="SENDER_STATE" property="senderState" jdbcType="VARCHAR" />
		<result column="CREATED_BY" property="createdBy" jdbcType="VARCHAR" />
		<result column="CREATED_ON" property="createdOn" jdbcType="TIMESTAMP" />
		<result column="MODIFIED_BY" property="modifiedBy" jdbcType="VARCHAR" />
		<result column="MODIFIED_ON" property="modifiedOn" jdbcType="TIMESTAMP" />
		<result column="RECIPIENT_ADDRESS2" property="recipientAddress2"
			jdbcType="VARCHAR" />
		<result column="RECIPIENT_ADDRESS3" property="recipientAddress3"
			jdbcType="VARCHAR" />
		<result column="SENDER_ADDRESS2" property="senderAddress2"
			jdbcType="VARCHAR" />
		<result column="SENDER_ADDRESS3" property="senderAddress3"
			jdbcType="VARCHAR" />
		<result column="TOTAL_AMOUNT" property="totalAmount" jdbcType="DOUBLE" />
		<result column="IS_ARTICLE_VOID" property="isArticleVoid"
			jdbcType="BIT" />
		<result column="EPOST_NO" property="uniqueNo" jdbcType="VARCHAR" />
		<result column="REMARKS" property="remarks" jdbcType="VARCHAR" />
		<!--
    added by sneha for db 5.3
    -->
		<result column="SENDER_CUSTOMER_ID" property="senderCustomerId"
			jdbcType="VARCHAR" />
	</resultMap>
	<resultMap id="abatorgenerated_DopEpostDetailsResultWithBLOBs"
		class="com.tcs.pos.common.data.epost.DopEpostDetails" extends="DOP_EPOST_DETAILS.abatorgenerated_DopEpostDetailsResult">
		<!--
			WARNING - This element is automatically generated by Abator for
			iBATIS, do not modify. This element was generated on Tue Nov 26
			15:12:22 IST 2013.
		-->
		<result column="SCAN_TEXT" property="scanText" jdbcType="CLOB" /> <!-- Changed by Aniruddha from "LONGVARBINARY" to "CLOB"-->
	</resultMap>
	<resultMap id="abatorgenerated_DopEpostDetailsResult_New"
		class="com.tcs.pos.common.data.epost.DopEpostDetails">
		<!--
			WARNING - This element is automatically generated by Abator for
			iBATIS, do not modify. This element was generated on Tue Nov 26
			15:12:22 IST 2013.
		-->
		<result column="TOTAL_AMOUNT" property="totalAmount" jdbcType="DOUBLE" />
	</resultMap>
	<select id="abatorgenerated_selectByPrimaryKey" resultMap="abatorgenerated_DopEpostDetailsResultWithBLOBs"
		parameterClass="com.tcs.pos.common.data.epost.DopEpostDetailsKey">
		<!--
			WARNING - This element is automatically generated by Abator for
			iBATIS, do not modify. This element was generated on Tue Nov 26
			15:12:22 IST 2013.
		--> <!--
   SENDER_CUSTOMER_ID added by sneha for db 5.3
    -->
		select EPOST_ID, INVOICE_NO, SUBJECT, ONLINE_TEXT, RECIPIENT_ADDRESS1,
		RECIPIENT_CITY,
		RECIPIENT_EMAIL, RECIPIENT_MOBILE, RECIPIENT_NAME,
		RECIPIENT_ZIP, RECIPIENT_STATE,
		SENDER_ADDRESS1, SENDER_CITY,
		SENDER_EMAIL, SENDER_MOBILE,
		SENDER_NAME, SENDER_ZIP,
		SENDER_STATE,
		CREATED_BY, CREATED_ON, MODIFIED_BY, MODIFIED_ON, RECIPIENT_ADDRESS2,
		RECIPIENT_ADDRESS3, SENDER_ADDRESS2, SENDER_ADDRESS3, TOTAL_AMOUNT,
		SCAN_TEXT,SENDER_CUSTOMER_ID,EPOST_NO
		from DOP_EPOST_DETAILS
		where
		EPOST_ID = #epostId:INTEGER#
		and INVOICE_NO = #invoiceNo:VARCHAR# FOR
		READ ONLY
	</select>
	<delete id="abatorgenerated_deleteByPrimaryKey" parameterClass="com.tcs.pos.common.data.epost.DopEpostDetailsKey">
		<!--
			WARNING - This element is automatically generated by Abator for
			iBATIS, do not modify. This element was generated on Tue Nov 26
			15:12:22 IST 2013.
		-->
		delete from DOP_EPOST_DETAILS
		where EPOST_ID = #epostId:INTEGER#
		and
		INVOICE_NO = #invoiceNo:VARCHAR#
	</delete>
	<insert id="abatorgenerated_insert" parameterClass="com.tcs.pos.common.data.epost.DopEpostDetails">
		<!--
			WARNING - This element is automatically generated by Abator for
			iBATIS, do not modify. This element was generated on Tue Nov 26
			15:12:22 IST 2013.
		-->
		insert into DOP_EPOST_DETAILS (EPOST_ID, INVOICE_NO, SUBJECT,
		ONLINE_TEXT, RECIPIENT_ADDRESS1,
		RECIPIENT_CITY, RECIPIENT_EMAIL,
		RECIPIENT_MOBILE, RECIPIENT_NAME, RECIPIENT_ZIP,
		RECIPIENT_STATE,
		SENDER_ADDRESS1, SENDER_CITY, SENDER_EMAIL,
		SENDER_MOBILE, SENDER_NAME,
		SENDER_ZIP, SENDER_STATE, CREATED_BY, CREATED_ON, MODIFIED_BY,
		MODIFIED_ON,
		RECIPIENT_ADDRESS2, RECIPIENT_ADDRESS3, SENDER_ADDRESS2,
		SENDER_ADDRESS3, TOTAL_AMOUNT,
		SCAN_TEXT,SENDER_CUSTOMER_ID,
		IS_ARTICLE_VOID, RECIPIENT_CUSTOMER_ID, DESTINATION_OFFICE_ID,
		NO_OF_PAGES,EPOST_NO,IS_REVERSED)
		values (#epostId:INTEGER#,
		#invoiceNo:VARCHAR#, #subject:VARCHAR#,
		#onlineText:VARCHAR#,
		#recipientAddress1:VARCHAR#, #recipientCity:VARCHAR#,
		#recipientEmail:VARCHAR#,
		#recipientMobile:VARCHAR#,
		#recipientName:VARCHAR#,
		#recipientZip:INTEGER#,
		#recipientState:VARCHAR#, #senderAddress1:VARCHAR#,
		#senderCity:VARCHAR#,
		#senderEmail:VARCHAR#, #senderMobile:VARCHAR#,
		#senderName:VARCHAR#,
		#senderZip:INTEGER#,
		#senderState:VARCHAR#,
		#createdBy:VARCHAR#, getdate(), #modifiedBy:VARCHAR#,
		getdate(), #recipientAddress2:VARCHAR#,
		#recipientAddress3:VARCHAR#,
		#senderAddress2:VARCHAR#,
		#senderAddress3:VARCHAR#, #totalAmount:DOUBLE#,
		#scanText:LONGVARBINARY#, #senderCustomerId:VARCHAR#,
		#isArticleVoid:BIT#, #recipientCustomerId:VARCHAR#,
		#destinationOfficeId:VARCHAR#, #noOfPages:INTEGER#,
		#uniqueNo:VARCHAR#,#isReversed:BIT#)
	</insert>

	<insert id="abatorgenerated_insert_bulk" parameterClass="com.tcs.pos.common.data.epost.DopEpostDetails">

		insert into DOP_EPOST_DETAILS (EPOST_ID, INVOICE_NO, SUBJECT,
		ONLINE_TEXT, RECIPIENT_ADDRESS1,
		RECIPIENT_CITY, RECIPIENT_EMAIL,
		RECIPIENT_MOBILE, RECIPIENT_NAME, RECIPIENT_ZIP,
		RECIPIENT_STATE,
		SENDER_ADDRESS1, SENDER_CITY, SENDER_EMAIL,
		SENDER_MOBILE, SENDER_NAME,
		SENDER_ZIP, SENDER_STATE, CREATED_BY, CREATED_ON, MODIFIED_BY,
		MODIFIED_ON,
		RECIPIENT_ADDRESS2, RECIPIENT_ADDRESS3, SENDER_ADDRESS2,
		SENDER_ADDRESS3, TOTAL_AMOUNT,
		SCAN_TEXT,SENDER_CUSTOMER_ID,
		IS_ARTICLE_VOID, RECIPIENT_CUSTOMER_ID, DESTINATION_OFFICE_ID,
		NO_OF_PAGES,EPOST_NO,IS_REVERSED)
		values (#epostId:INTEGER#,
		#invoiceNo:VARCHAR#, #subject:VARCHAR#,
		#onlineText:VARCHAR#,
		#recipientAddress1:VARCHAR#, #recipientCity:VARCHAR#,
		#recipientEmail:VARCHAR#,
		#recipientMobile:VARCHAR#,
		#recipientName:VARCHAR#,
		#recipientZip:INTEGER#,
		#recipientState:VARCHAR#, #senderAddress1:VARCHAR#,
		#senderCity:VARCHAR#,
		#senderEmail:VARCHAR#, #senderMobile:VARCHAR#,
		#senderName:VARCHAR#,
		#senderZip:INTEGER#,
		#senderState:VARCHAR#,
		#createdBy:VARCHAR#, getdate(), #modifiedBy:VARCHAR#,
		getdate(), #recipientAddress2:VARCHAR#,
		#recipientAddress3:VARCHAR#,
		#senderAddress2:VARCHAR#,
		#senderAddress3:VARCHAR#, #totalAmount:DOUBLE#,
		#scanText:LONGVARBINARY#, #senderCustomerId:VARCHAR#,
		#isArticleVoid:BIT#, #recipientCustomerId:VARCHAR#,
		#destinationOfficeId:VARCHAR#, #noOfPages:INTEGER#,
		#uniqueNo:VARCHAR#,#isReversed:BIT#)
	</insert>

	<update id="abatorgenerated_updateByPrimaryKeyWithBLOBs"
		parameterClass="com.tcs.pos.common.data.epost.DopEpostDetails">
		<!--
			WARNING - This element is automatically generated by Abator for
			iBATIS, do not modify. This element was generated on Tue Nov 26
			15:12:22 IST 2013.
		-->
		update DOP_EPOST_DETAILS
		set SUBJECT = #subject:VARCHAR#,
		ONLINE_TEXT =
		#onlineText:VARCHAR#,
		RECIPIENT_ADDRESS1 = #recipientAddress1:VARCHAR#,
		RECIPIENT_CITY = #recipientCity:VARCHAR#,
		RECIPIENT_EMAIL =
		#recipientEmail:VARCHAR#,
		RECIPIENT_MOBILE = #recipientMobile:VARCHAR#,
		RECIPIENT_NAME = #recipientName:VARCHAR#,
		RECIPIENT_ZIP =
		#recipientZip:INTEGER#,
		RECIPIENT_STATE = #recipientState:VARCHAR#,
		SENDER_ADDRESS1 = #senderAddress1:VARCHAR#,
		SENDER_CITY =
		#senderCity:VARCHAR#,
		SENDER_EMAIL = #senderEmail:VARCHAR#,
		SENDER_MOBILE = #senderMobile:VARCHAR#,
		SENDER_NAME =
		#senderName:VARCHAR#,
		SENDER_ZIP = #senderZip:INTEGER#,
		SENDER_STATE =
		#senderState:VARCHAR#,
		CREATED_BY = #createdBy:VARCHAR#,
		CREATED_ON =
		getdate(),
		MODIFIED_BY = #modifiedBy:VARCHAR#,
		MODIFIED_ON =
		getdate(),
		RECIPIENT_ADDRESS2 =
		#recipientAddress2:VARCHAR#,
		RECIPIENT_ADDRESS3 =
		#recipientAddress3:VARCHAR#,
		SENDER_ADDRESS2 =
		#senderAddress2:VARCHAR#,
		SENDER_ADDRESS3 = #senderAddress3:VARCHAR#,
		TOTAL_AMOUNT = #totalAmount:DOUBLE#,
		SCAN_TEXT = #scanText:LONGVARBINARY#
		where EPOST_ID = #epostId:INTEGER#
		and INVOICE_NO = #invoiceNo:VARCHAR#
	</update>
	<update id="abatorgenerated_updateByPrimaryKey" parameterClass="com.tcs.pos.common.data.epost.DopEpostDetails">
		<!--
			WARNING - This element is automatically generated by Abator for
			iBATIS, do not modify. This element was generated on Tue Nov 26
			15:12:22 IST 2013.
		-->
		update DOP_EPOST_DETAILS
		set SUBJECT = #subject:VARCHAR#,
		ONLINE_TEXT =
		#onlineText:VARCHAR#,
		RECIPIENT_ADDRESS1 = #recipientAddress1:VARCHAR#,
		RECIPIENT_CITY = #recipientCity:VARCHAR#,
		RECIPIENT_EMAIL =
		#recipientEmail:VARCHAR#,
		RECIPIENT_MOBILE = #recipientMobile:VARCHAR#,
		RECIPIENT_NAME = #recipientName:VARCHAR#,
		RECIPIENT_ZIP =
		#recipientZip:INTEGER#,
		RECIPIENT_STATE = #recipientState:VARCHAR#,
		SENDER_ADDRESS1 = #senderAddress1:VARCHAR#,
		SENDER_CITY =
		#senderCity:VARCHAR#,
		SENDER_EMAIL = #senderEmail:VARCHAR#,
		SENDER_MOBILE = #senderMobile:VARCHAR#,
		SENDER_NAME =
		#senderName:VARCHAR#,
		SENDER_ZIP = #senderZip:INTEGER#,
		SENDER_STATE =
		#senderState:VARCHAR#,
		CREATED_BY = #createdBy:VARCHAR#,
		CREATED_ON =
		getdate(),
		MODIFIED_BY = #modifiedBy:VARCHAR#,
		MODIFIED_ON =
		getdate(),
		RECIPIENT_ADDRESS2 =
		#recipientAddress2:VARCHAR#,
		RECIPIENT_ADDRESS3 =
		#recipientAddress3:VARCHAR#,
		SENDER_ADDRESS2 =
		#senderAddress2:VARCHAR#,
		SENDER_ADDRESS3 = #senderAddress3:VARCHAR#,
		TOTAL_AMOUNT = #totalAmount:DOUBLE#
		where EPOST_ID = #epostId:INTEGER#
		and INVOICE_NO = #invoiceNo:VARCHAR#
	</update>
	<update id="abatorgenerated_updateByPrimaryKeySelective"
		parameterClass="com.tcs.pos.common.data.epost.DopEpostDetails">
		<!--
			WARNING - This element is automatically generated by Abator for
			iBATIS, do not modify. This element was generated on Tue Nov 26
			15:12:22 IST 2013.
		-->
		update DOP_EPOST_DETAILS
		<dynamic prepend="set">
			<isNotNull prepend="," property="subject">
				SUBJECT = #subject:VARCHAR#
      </isNotNull>
			<isNotNull prepend="," property="onlineText">
				ONLINE_TEXT =
				#onlineText:VARCHAR#
      </isNotNull>
			<isNotNull prepend="," property="recipientAddress1">
				RECIPIENT_ADDRESS1 =
				#recipientAddress1:VARCHAR#
      </isNotNull>
			<isNotNull prepend="," property="recipientCity">
				RECIPIENT_CITY =
				#recipientCity:VARCHAR#
      </isNotNull>
			<isNotNull prepend="," property="recipientEmail">
				RECIPIENT_EMAIL =
				#recipientEmail:VARCHAR#
      </isNotNull>
      <isNotNull prepend="," property="noOfPages">
				NO_OF_PAGES =
				#noOfPages:INTEGER#
      </isNotNull>
      
			<isNotNull prepend="," property="recipientMobile">
				RECIPIENT_MOBILE =
				#recipientMobile:VARCHAR#
      </isNotNull>
			<isNotNull prepend="," property="recipientName">
				RECIPIENT_NAME =
				#recipientName:VARCHAR#
      </isNotNull>
			<isNotNull prepend="," property="recipientZip">
				RECIPIENT_ZIP =
				#recipientZip:INTEGER#
      </isNotNull>
			<isNotNull prepend="," property="recipientState">
				RECIPIENT_STATE =
				#recipientState:VARCHAR#
      </isNotNull>
			<isNotNull prepend="," property="senderAddress1">
				SENDER_ADDRESS1 =
				#senderAddress1:VARCHAR#
      </isNotNull>
			<isNotNull prepend="," property="senderCity">
				SENDER_CITY =
				#senderCity:VARCHAR#
      </isNotNull>
			<isNotNull prepend="," property="senderEmail">
				SENDER_EMAIL =
				#senderEmail:VARCHAR#
      </isNotNull>
			<isNotNull prepend="," property="senderMobile">
				SENDER_MOBILE =
				#senderMobile:VARCHAR#
      </isNotNull>
			<isNotNull prepend="," property="senderName">
				SENDER_NAME =
				#senderName:VARCHAR#
      </isNotNull>
			<isNotNull prepend="," property="senderZip">
				SENDER_ZIP =
				#senderZip:INTEGER#
      </isNotNull>
			<isNotNull prepend="," property="senderState">
				SENDER_STATE =
				#senderState:VARCHAR#
      </isNotNull>
			<isNotNull prepend="," property="createdBy">
				CREATED_BY =
				#createdBy:VARCHAR#
      </isNotNull>
			<isNotNull prepend="," property="createdOn">
				CREATED_ON =
				getdate()
      </isNotNull>
			<isNotNull prepend="," property="modifiedBy">
				MODIFIED_BY =
				#modifiedBy:VARCHAR#
      </isNotNull>
			<isNotNull prepend="," property="modifiedOn">
				MODIFIED_ON =
				getdate()
      </isNotNull>
			<isNotNull prepend="," property="recipientAddress2">
				RECIPIENT_ADDRESS2 =
				#recipientAddress2:VARCHAR#
      </isNotNull>
			<isNotNull prepend="," property="recipientAddress3">
				RECIPIENT_ADDRESS3 =
				#recipientAddress3:VARCHAR#
      </isNotNull>
			<isNotNull prepend="," property="senderAddress2">
				SENDER_ADDRESS2 =
				#senderAddress2:VARCHAR#
      </isNotNull>
			<isNotNull prepend="," property="senderAddress3">
				SENDER_ADDRESS3 =
				#senderAddress3:VARCHAR#
      </isNotNull>
			<isNotNull prepend="," property="totalAmount">
				TOTAL_AMOUNT =
				#totalAmount:DOUBLE#
      </isNotNull>
			<isNotNull prepend="," property="scanText">
				SCAN_TEXT =
				#scanText:LONGVARBINARY#
      </isNotNull>
		</dynamic>
		where EPOST_ID = #epostId:INTEGER#
		and INVOICE_NO = #invoiceNo:VARCHAR#
	</update>

	<update id="updateCart" parameterClass="com.tcs.pos.common.data.epost.DopEpostDetails">
		update DOP_EPOST_DETAILS
		set IS_ARTICLE_VOID = 1
		where INVOICE_NO = #invoiceNo:VARCHAR#
		and
		EPOST_ID = #epostId:INTEGER#
  </update>

	<!-- To select records from DOPEpostDetails -->
	<select id="abatorgenerated_getListByInvoiceNo" resultMap="abatorgenerated_DopEpostDetailsResultWithBLOBs"
		parameterClass="com.tcs.pos.common.data.epost.DopEpostDetailsKey">
		select EPOST_ID, INVOICE_NO, SUBJECT, ONLINE_TEXT,
		RECIPIENT_ADDRESS1,
		RECIPIENT_CITY,
		RECIPIENT_EMAIL, RECIPIENT_MOBILE,
		RECIPIENT_NAME, RECIPIENT_ZIP, RECIPIENT_STATE,
		SENDER_ADDRESS1,
		SENDER_CITY, SENDER_EMAIL, SENDER_MOBILE,
		SENDER_NAME, SENDER_ZIP,
		SENDER_STATE, CREATED_BY, CREATED_ON, MODIFIED_BY, MODIFIED_ON,
		RECIPIENT_ADDRESS2,
		RECIPIENT_ADDRESS3, SENDER_ADDRESS2,
		SENDER_ADDRESS3, TOTAL_AMOUNT,
		SCAN_TEXT, SENDER_CUSTOMER_ID,
		IS_ARTICLE_VOID, EPOST_NO, REMARKS
		from DOP_EPOST_DETAILS
		where
		INVOICE_NO = #invoiceNo:VARCHAR# FOR READ ONLY
  </select>

	<select id="fetchEPostTranDetails" resultClass="java.lang.Double"
		parameterClass="com.tcs.pos.common.data.epost.DopEpostDetails">
		Select (SUM(Tab1.TOTAL_AMOUNT) + (CASE WHEN SUM(damt.TRANSPORT_AMOUNT)is null then 0.00 else SUM(damt.TRANSPORT_AMOUNT) end)) AS AMOUNT from 
		(select ded.EPOST_NO, ded.TOTAL_AMOUNT from
		    DOP_EPOST_DETAILS AS ded join INVOICE i
		       where i.SYS_INVOICE_NO = ded.INVOICE_NO
		and i.invoice_date =#invoiceDate:DATE#
		and i.cashier_id=#cashierId:VARCHAR#
		and i.shift_no=#shiftNo:CHAR#
		and i.STORE_ID =#storeId:VARCHAR#
		and i.TILL_NO =#tillNo:INTEGER#
		and i.STATUS ='I'
		and i.INVOICE_TYPE_ID = '1'
		and (i.BILL_VOID_FLG is null or i.BILL_VOID_FLG = 'N')
		and (i.BILL_ON_HOLD_FLG is null or i.BILL_ON_HOLD_FLG = 'N')
		and ded.IS_ARTICLE_VOID = 0) Tab1 Left Outer Join DOP_ASSOCIATED_MAIL_TRANSPORT damt
		on Tab1.EPOST_NO=damt.ARTICLE_NO 
		and damt.PRIMARY_SERVICE_ID='EPOST' FOR READ ONLY
  </select>

	<resultMap id="abatorgenerated_initDataForTable" class="com.tcs.pos.common.data.epost.DopEpostDetails">
		<result column="INVOICE_NO" property="invoiceNo" jdbcType="VARCHAR" />
		<result column="EPOST_NO" property="uniqueNo" jdbcType="VARCHAR" />
		<result column="SERVICE_NAME" property="serviceName" jdbcType="VARCHAR" />
		<result column="TOTAL_AMOUNT" property="totalAmount" jdbcType="DOUBLE" />
		<result column="TRANSPORT_AMOUNT" property="transportAmount"
			jdbcType="DOUBLE" />
		<result column="CREATED_ON" property="createdOn" jdbcType="TIMESTAMP" />
	</resultMap>
	<select id="initDataForTable" resultMap="abatorgenerated_initDataForTable"
		parameterClass="com.tcs.pos.common.data.epost.DopEpostDetails">
		Select Tab1.INVOICE_NO, Tab1.EPOST_NO, Tab1.TOTAL_AMOUNT, damt.TRANSPORT_AMOUNT, (Tab1.SERVICE_ID) AS SERVICE_NAME , Tab1.CREATED_ON
		from (select ded.INVOICE_NO, ded.EPOST_NO, ded.TOTAL_AMOUNT, psm.SERVICE_ID, ded.CREATED_ON
		from DOP_EPOST_DETAILS AS ded, POSTAL_SERVICE_MASTER AS psm, INVOICE iv
		where psm.SERVICE_ID=#serviceId:VARCHAR# 
		and ded.CREATED_BY=#createdBy:VARCHAR#
		and iv.cashier_id=ded.CREATED_BY  
		and iv.SHIFT_NO=#shiftNo:VARCHAR# 
		and ded.IS_ARTICLE_VOID=0
		and ded.INVOICE_NO=iv.SYS_INVOICE_NO 
		and iv.STATUS='I' 
		and (iv.BILL_ON_HOLD_FLG ='N' or iv.BILL_ON_HOLD_FLG is NULL) 
		and (iv.BILL_VOID_FLG ='N' or iv.BILL_VOID_FLG is NULL)
		and convert(date,iv.INVOICE_DATE)=#storeDate:DATE#)
		Tab1 Left Outer Join DOP_ASSOCIATED_MAIL_TRANSPORT damt
		on Tab1.EPOST_NO=damt.ARTICLE_NO and
		damt.PRIMARY_SERVICE_ID=#serviceId:VARCHAR# FOR READ ONLY
  </select>
</sqlMap>