<?xml version="1.0" encoding="UTF-8" ?>
<!DOCTYPE sqlMap PUBLIC "-//ibatis.apache.org//DTD SQL Map 2.0//EN" "http://ibatis.apache.org/dtd/sql-map-2.dtd" >
<sqlMap namespace="DOP_NPS_TRANSACTIONS" >
  <resultMap id="abatorgenerated_DopNpsTransactionsResult" class="com.tcs.pos.common.data.NPS.DopNpsTransactions" >
    <!--
      WARNING - This element is automatically generated by Abator for iBATIS, do not modify.
      This element was generated on Mon Sep 22 17:47:16 GMT+05:30 2014.
    -->
    <result column="INVOICE_NO" property="invoiceNo" jdbcType="VARCHAR" />
    <result column="RECEIPT_NUMBER" property="receiptNumber" jdbcType="VARCHAR" />
    <result column="SERVICE_TAX" property="serviceTax" jdbcType="NUMERIC" />
    <result column="DOP_COMMISSION" property="dopCommission" jdbcType="NUMERIC" />
    <result column="NSDL_COMMISSION" property="nsdlCommission" jdbcType="NUMERIC" />
    <result column="PRAN" property="pran" jdbcType="VARCHAR" />
    <result column="SERVICE_TYPE_CODE" property="serviceTypeCode" jdbcType="VARCHAR" />
    <result column="TOTAL_AMOUNT" property="totalAmount" jdbcType="NUMERIC" />
  </resultMap>
  <resultMap id="abatorgenerated_DopNpsTransactionsResultWithBLOBs" class="com.tcs.pos.common.data.NPS.DopNpsTransactions" extends="DOP_NPS_TRANSACTIONS.abatorgenerated_DopNpsTransactionsResult" >
    <!--
      WARNING - This element is automatically generated by Abator for iBATIS, do not modify.
      This element was generated on Mon Sep 22 17:47:16 GMT+05:30 2014.
    -->
    <result column="TRANSACTION_DETAIL" property="transactionDetail" jdbcType="BLOB" />
  </resultMap>
  <select id="abatorgenerated_selectByPrimaryKey" resultMap="abatorgenerated_DopNpsTransactionsResultWithBLOBs" parameterClass="com.tcs.pos.common.data.NPS.DopNpsTransactionsKey" >
    <!--
      WARNING - This element is automatically generated by Abator for iBATIS, do not modify.
      This element was generated on Mon Sep 22 17:47:16 GMT+05:30 2014.
    -->
    select INVOICE_NO, RECEIPT_NUMBER, SERVICE_TAX, DOP_COMMISSION, NSDL_COMMISSION, PRAN,
      SERVICE_TYPE_CODE, TOTAL_AMOUNT, TRANSACTION_DETAIL
    from DOP_NPS_TRANSACTIONS
    where INVOICE_NO = #invoiceNo:VARCHAR#
      and RECEIPT_NUMBER = #receiptNumber:VARCHAR#
  </select>
  <delete id="abatorgenerated_deleteByPrimaryKey" parameterClass="com.tcs.pos.common.data.NPS.DopNpsTransactionsKey" >
    <!--
      WARNING - This element is automatically generated by Abator for iBATIS, do not modify.
      This element was generated on Mon Sep 22 17:47:16 GMT+05:30 2014.
    -->
    delete from DOP_NPS_TRANSACTIONS
    where INVOICE_NO = #invoiceNo:VARCHAR#
      and RECEIPT_NUMBER = #receiptNumber:VARCHAR#
  </delete>
  <insert id="abatorgenerated_insert" parameterClass="com.tcs.pos.common.data.NPS.DopNpsTransactions" >
    <!--
      WARNING - This element is automatically generated by Abator for iBATIS, do not modify.
      This element was generated on Mon Sep 22 17:47:16 GMT+05:30 2014.
    -->
    insert into DOP_NPS_TRANSACTIONS (INVOICE_NO, RECEIPT_NUMBER, SERVICE_TAX, DOP_COMMISSION,
      NSDL_COMMISSION, PRAN, SERVICE_TYPE_CODE, TOTAL_AMOUNT, TRANSACTION_DETAIL)
    values (#invoiceNo:VARCHAR#, #receiptNumber:VARCHAR#, #serviceTax:NUMERIC#,
      #dopCommission:NUMERIC#, #nsdlCommission:NUMERIC#, #pran:VARCHAR#, #serviceTypeCode:VARCHAR#,
      #totalAmount:NUMERIC#, #transactionDetail:BLOB#)
  </insert>
  <update id="abatorgenerated_updateByPrimaryKeyWithBLOBs" parameterClass="com.tcs.pos.common.data.NPS.DopNpsTransactions" >
    <!--
      WARNING - This element is automatically generated by Abator for iBATIS, do not modify.
      This element was generated on Mon Sep 22 17:47:16 GMT+05:30 2014.
    -->
    update DOP_NPS_TRANSACTIONS
    set SERVICE_TAX = #serviceTax:NUMERIC#,
      DOP_COMMISSION = #dopCommission:NUMERIC#,
      NSDL_COMMISSION = #nsdlCommission:NUMERIC#,
      PRAN = #pran:VARCHAR#,
      SERVICE_TYPE_CODE = #serviceTypeCode:VARCHAR#,
      TOTAL_AMOUNT = #totalAmount:NUMERIC#,
      TRANSACTION_DETAIL = #transactionDetail:BLOB#
    where INVOICE_NO = #invoiceNo:VARCHAR#
      and RECEIPT_NUMBER = #receiptNumber:VARCHAR#
  </update>
  <update id="abatorgenerated_updateByPrimaryKey" parameterClass="com.tcs.pos.common.data.NPS.DopNpsTransactions" >
    <!--
      WARNING - This element is automatically generated by Abator for iBATIS, do not modify.
      This element was generated on Mon Sep 22 17:47:16 GMT+05:30 2014.
    -->
	update DOP_NPS_TRANSACTIONS
	set SERVICE_TAX = #serviceTax:NUMERIC#,
	DOP_COMMISSION = #dopCommission:NUMERIC#,
	NSDL_COMMISSION = #nsdlCommission:NUMERIC#,
	PRAN = #pran:VARCHAR#,
	SERVICE_TYPE_CODE = #serviceTypeCode:VARCHAR#,
	TOTAL_AMOUNT = #totalAmount:NUMERIC#,
	TRANSACTION_DETAIL = #transactionDetail:BLOB#
	where INVOICE_NO = #invoiceNo:VARCHAR#
	and RECEIPT_NUMBER = #receiptNumber:VARCHAR#
  </update>
  <update id="abatorgenerated_updateByPrimaryKeySelective" parameterClass="com.tcs.pos.common.data.NPS.DopNpsTransactions" >
    <!--
      WARNING - This element is automatically generated by Abator for iBATIS, do not modify.
      This element was generated on Mon Sep 22 17:47:16 GMT+05:30 2014.
    -->
    update DOP_NPS_TRANSACTIONS
    <dynamic prepend="set" >
      <isNotNull prepend="," property="serviceTax" >
        SERVICE_TAX = #serviceTax:NUMERIC#
      </isNotNull>
      <isNotNull prepend="," property="dopCommission" >
        DOP_COMMISSION = #dopCommission:NUMERIC#
      </isNotNull>
      <isNotNull prepend="," property="nsdlCommission" >
        NSDL_COMMISSION = #nsdlCommission:NUMERIC#
      </isNotNull>
      <isNotNull prepend="," property="pran" >
        PRAN = #pran:VARCHAR#
      </isNotNull>
      <isNotNull prepend="," property="serviceTypeCode" >
        SERVICE_TYPE_CODE = #serviceTypeCode:VARCHAR#
      </isNotNull>
      <isNotNull prepend="," property="totalAmount" >
        TOTAL_AMOUNT = #totalAmount:NUMERIC#
      </isNotNull>
      <isNotNull prepend="," property="transactionDetail" >
        TRANSACTION_DETAIL = #transactionDetail:BLOB#
      </isNotNull>
    </dynamic>
    where INVOICE_NO = #invoiceNo:VARCHAR#
      and RECEIPT_NUMBER = #receiptNumber:VARCHAR#
  </update><!--
  
     <insert id="abatorgenerated_insertForT1T2Contribution" parameterClass="com.tcs.pos.common.data.NPS.DopNpsTransactions" >
    
      WARNING - This element is automatically generated by Abator for iBATIS, do not modify.
      This element was generated on Tue Aug 19 16:19:44 GMT+05:30 2014.
    
    insert into DOP_NPS_TRANSACTIONS (INVOICE_NO, RECEIPT_NUMBER,SERVICE_TAX,NSDL_COMMISSION,PRAN,TOTAL_AMOUNT,SERVICE_TYPE_CODE,TRANSACTION_DETAIL)
    values (#invoiceNo:VARCHAR#, #receiptNumber:VARCHAR#,
      #serviceTax:NUMERIC#, #nsdlCommission:NUMERIC#,#pran:VARCHAR#,#totalAmount:NUMERIC#,#serviceTypeCode:VARCHAR#,#transactionDetail:BLOB#)
  </insert>
  
   <insert id="abatorgenerated_insertForT1orT2ContributionOnly" parameterClass="com.tcs.pos.common.data.NPS.DopNpsTransactions" >
    
      WARNING - This element is automatically generated by Abator for iBATIS, do not modify.
      This element was generated on Tue Aug 19 16:19:44 GMT+05:30 2014.
    
    insert into DOP_NPS_TRANSACTIONS (INVOICE_NO, RECEIPT_NUMBER, SERVICE_TAX,NSDL_COMMISSION,PRAN,TOTAL_AMOUNT,SERVICE_TYPE_CODE,TRANSACTION_DETAIL)
    values (#invoiceNo:VARCHAR#, #receiptNumber:VARCHAR#,
      #serviceTax:NUMERIC#, #nsdlCommission:NUMERIC#,#pran:VARCHAR#,#totalAmount:NUMERIC#,#serviceTypeCode:VARCHAR#,#transactionDetail:BLOB#)
  </insert>
  
   <insert id="abatorgenerated_insertForFifteenCommonServices" parameterClass="com.tcs.pos.common.data.NPS.DopNpsTransactions" >
    
      WARNING - This element is automatically generated by Abator for iBATIS, do not modify.
      This element was generated on Tue Aug 19 16:19:44 GMT+05:30 2014.
    
    insert into DOP_NPS_TRANSACTIONS (INVOICE_NO, RECEIPT_NUMBER, SERVICE_TAX,DOP_COMMISSION,PRAN,TOTAL_AMOUNT,SERVICE_TYPE_CODE,TRANSACTION_DETAIL)
    values (#invoiceNo:VARCHAR#, #receiptNumber:VARCHAR#,
      #serviceTax:NUMERIC#, #dopCommission:NUMERIC#,#pran:VARCHAR#,#totalAmount:NUMERIC#,#serviceTypeCode:VARCHAR#,#transactionDetail:BLOB#)
  </insert>
  
  <insert id="abatorgenerated_insertForUnfreezeTier1AndTier2" parameterClass="com.tcs.pos.common.data.NPS.DopNpsTransactions" >
    
      WARNING - This element is automatically generated by Abator for iBATIS, do not modify.
      This element was generated on Tue Aug 19 16:19:44 GMT+05:30 2014.
    
    insert into DOP_NPS_TRANSACTIONS (INVOICE_NO, RECEIPT_NUMBER, SERVICE_TAX,DOP_COMMISSION,PRAN,TOTAL_AMOUNT,SERVICE_TYPE_CODE,TRANSACTION_DETAIL)
    values (#invoiceNo:VARCHAR#, #receiptNumber:VARCHAR#,
      #serviceTax:NUMERIC#, #dopCommission:NUMERIC#,#pran:VARCHAR#,#totalAmount:NUMERIC#,#serviceTypeCode:VARCHAR#,#transactionDetail:BLOB#)
  </insert>
-->
 <resultMap id="abatorgenerated_initDataForTable" class="com.tcs.pos.common.data.NPS.DopNpsTransactions" >
   <result column="TOTAL_AMOUNT" property="totalAmount" jdbcType="NUMERIC" />
   <result column="SERVICE_TYPE_NAME" property="serviceTypeName" jdbcType="VARCHAR" />
    <result column="PRAN" property="pran" jdbcType="VARCHAR" />
  </resultMap>
  <select id="initDataForTable" resultMap="abatorgenerated_initDataForTable" parameterClass="com.tcs.pos.common.data.NPS.DopNpsTransactions" >
    SELECT pwpcm.SERVICE_TYPE_NAME,pws.TOTAL_AMOUNT,pws.PRAN
	from DOP_NPS_TRANSACTIONS pws 
	INNER JOIN DOP_NPS_SERVICE_TYPE_MASTER pwpcm ON pws.SERVICE_TYPE_CODE = pwpcm.SERVICE_TYPE_CODE
	INNER JOIN INVOICE iv ON iv.SYS_INVOICE_NO = pws.INVOICE_NO	
	WHERE pwpcm.SERVICE_TYPE_CODE= #serviceId:VARCHAR#
	and iv.CASHIER_ID=#createdBy:VARCHAR# 
	AND iv.SHIFT_NO=#shiftNo:VARCHAR#
	AND iv.STATUS='I'
	AND (iv.BILL_ON_HOLD_FLG ='N' OR iv.BILL_ON_HOLD_FLG IS NULL)
	AND (iv.BILL_VOID_FLG ='N' OR iv.BILL_VOID_FLG IS NULL)
	AND CONVERT(DATE,iv.INVOICE_DATE)=#storeDate:DATE#
  </select> 

</sqlMap>