<?xml version="1.0" encoding="UTF-8" ?>
<!DOCTYPE sqlMap PUBLIC "-//ibatis.apache.org//DTD SQL Map 2.0//EN" "http://ibatis.apache.org/dtd/sql-map-2.dtd" >
<sqlMap namespace="DOP_POS_FSI_MAPPING" >
  <resultMap id="abatorgenerated_DopPosFsiMappingResult" class="com.tcs.dop.pos.common.data.fsimapping.DopPosFsiMapping" >
    <!--
      WARNING - This element is automatically generated by Abator for iBATIS, do not modify.
      This element was generated on Fri Feb 06 13:18:34 IST 2015.
    -->
    <result column="OFFICE_ID" property="officeId" jdbcType="VARCHAR" />
    <result column="SOLUTION_ID" property="solutionId" jdbcType="VARCHAR" />
    <result column="LEGACY_CODE" property="legacyCode" jdbcType="VARCHAR" />
    <result column="PLI_CODE" property="pliCode" jdbcType="VARCHAR" />
    <result column="PBS_CODE" property="pbsCode" jdbcType="VARCHAR" />
    <result column="POPSP_ID" property="popspId" jdbcType="VARCHAR" />
    <result column="CRAFC" property="crafc" jdbcType="VARCHAR" />
    <result column="CIRCLE_CODE" property="circleCode" jdbcType="VARCHAR" />
    <result column="COLUMN2" property="column2" jdbcType="VARCHAR" />
    <result column="COLUMN3" property="column3" jdbcType="VARCHAR" />
    <result column="COLUMN4" property="column4" jdbcType="VARCHAR" />
    <result column="CREATED_BY" property="createdBy" jdbcType="VARCHAR" />
    <result column="CREATED_ON" property="createdOn" jdbcType="TIMESTAMP" />
    <result column="MODIFIED_BY" property="modifiedBy" jdbcType="VARCHAR" />
    <result column="MODIFIED_ON" property="modifiedOn" jdbcType="TIMESTAMP" />
  </resultMap>
  <select id="abatorgenerated_selectByPrimaryKey" resultMap="abatorgenerated_DopPosFsiMappingResult" parameterClass="com.tcs.dop.pos.common.data.fsimapping.DopPosFsiMapping" >
    <!--
      WARNING - This element is automatically generated by Abator for iBATIS, do not modify.
      This element was generated on Fri Feb 06 13:18:34 IST 2015.
    -->
    select OFFICE_ID, SOLUTION_ID, LEGACY_CODE, PLI_CODE, PBS_CODE, POPSP_ID, CRAFC, CIRCLE_CODE,
      COLUMN2, COLUMN3, COLUMN4, CREATED_BY, CREATED_ON, MODIFIED_BY, MODIFIED_ON
    from DOP_POS_FSI_MAPPING
    where OFFICE_ID = #officeId:VARCHAR#
    FOR READ ONLY
  </select>
  <delete id="abatorgenerated_deleteByPrimaryKey" parameterClass="com.tcs.dop.pos.common.data.fsimapping.DopPosFsiMapping" >
    <!--
      WARNING - This element is automatically generated by Abator for iBATIS, do not modify.
      This element was generated on Fri Feb 06 13:18:34 IST 2015.
    -->
    delete from DOP_POS_FSI_MAPPING
    where OFFICE_ID = #officeId:VARCHAR#
  </delete>
  <insert id="abatorgenerated_insert" parameterClass="com.tcs.dop.pos.common.data.fsimapping.DopPosFsiMapping" >
    <!--
      WARNING - This element is automatically generated by Abator for iBATIS, do not modify.
      This element was generated on Fri Feb 06 13:18:34 IST 2015.
    -->
    insert into DOP_POS_FSI_MAPPING (OFFICE_ID, SOLUTION_ID, LEGACY_CODE, PLI_CODE, PBS_CODE,
      POPSP_ID, CRAFC, CIRCLE_CODE, COLUMN2, COLUMN3, COLUMN4, CREATED_BY, CREATED_ON, MODIFIED_BY,
      MODIFIED_ON)
    values (#officeId:VARCHAR#, #solutionId:VARCHAR#, #legacyCode:VARCHAR#, #pliCode:VARCHAR#,
      #pbsCode:VARCHAR#, #popspId:VARCHAR#, #crafc:VARCHAR#, #circleCode:VARCHAR#, #column2:VARCHAR#,
      #column3:VARCHAR#, #column4:VARCHAR#, #createdBy:VARCHAR#, getdate(),
      #modifiedBy:VARCHAR#, getdate())
  </insert>
  <update id="abatorgenerated_updateByPrimaryKey" parameterClass="com.tcs.dop.pos.common.data.fsimapping.DopPosFsiMapping" >
    <!--
      WARNING - This element is automatically generated by Abator for iBATIS, do not modify.
      This element was generated on Fri Feb 06 13:18:34 IST 2015.
    -->
    update DOP_POS_FSI_MAPPING
    set SOLUTION_ID = #solutionId:VARCHAR#,
      LEGACY_CODE = #legacyCode:VARCHAR#,
      PLI_CODE = #pliCode:VARCHAR#,
      PBS_CODE = #pbsCode:VARCHAR#,
      POPSP_ID = #popspId:VARCHAR#,
      CRAFC = #crafc:VARCHAR#,
      CIRCLE_CODE = #circleCode:VARCHAR#,
      COLUMN2 = #column2:VARCHAR#,
      COLUMN3 = #column3:VARCHAR#,
      COLUMN4 = #column4:VARCHAR#,
      CREATED_BY = #createdBy:VARCHAR#,
      CREATED_ON = getdate(),
      MODIFIED_BY = #modifiedBy:VARCHAR#,
      MODIFIED_ON = getdate()
    where OFFICE_ID = #officeId:VARCHAR#
  </update>
  <update id="abatorgenerated_updateByPrimaryKeySelective" parameterClass="com.tcs.dop.pos.common.data.fsimapping.DopPosFsiMapping" >
    <!--
      WARNING - This element is automatically generated by Abator for iBATIS, do not modify.
      This element was generated on Fri Feb 06 13:18:34 IST 2015.
    -->
    update DOP_POS_FSI_MAPPING
    <dynamic prepend="set" >
      <isNotNull prepend="," property="solutionId" >
        SOLUTION_ID = #solutionId:VARCHAR#
      </isNotNull>
      <isNotNull prepend="," property="legacyCode" >
        LEGACY_CODE = #legacyCode:VARCHAR#
      </isNotNull>
      <isNotNull prepend="," property="pliCode" >
        PLI_CODE = #pliCode:VARCHAR#
      </isNotNull>
      <isNotNull prepend="," property="pbsCode" >
        PBS_CODE = #pbsCode:VARCHAR#
      </isNotNull>
      <isNotNull prepend="," property="popspId" >
        POPSP_ID = #popspId:VARCHAR#
      </isNotNull>
      <isNotNull prepend="," property="crafc" >
        CRAFC = #crafc:VARCHAR#
      </isNotNull>
      <isNotNull prepend="," property="circleCode" >
        CIRCLE_CODE = #circleCode:VARCHAR#
      </isNotNull>
      <isNotNull prepend="," property="column2" >
        COLUMN2 = #column2:VARCHAR#
      </isNotNull>
      <isNotNull prepend="," property="column3" >
        COLUMN3 = #column3:VARCHAR#
      </isNotNull>
      <isNotNull prepend="," property="column4" >
        COLUMN4 = #column4:VARCHAR#
      </isNotNull>
      <isNotNull prepend="," property="createdBy" >
        CREATED_BY = #createdBy:VARCHAR#
      </isNotNull>
      <isNotNull prepend="," property="createdOn" >
        CREATED_ON = getdate()
      </isNotNull>
      <isNotNull prepend="," property="modifiedBy" >
        MODIFIED_BY = #modifiedBy:VARCHAR#
      </isNotNull>
      <isNotNull prepend="," property="modifiedOn" >
        MODIFIED_ON = getdate()
      </isNotNull>
    </dynamic>
    where OFFICE_ID = #officeId:VARCHAR#
  </update>
  
  <resultMap id="getSolutionIdResult" class="com.tcs.dop.pos.common.data.fsimapping.DopPosFsiMapping" >
    <result column="OFFICE_ID" property="officeId" jdbcType="VARCHAR" />
    <result column="SOLUTION_ID" property="solutionId" jdbcType="VARCHAR" />
  </resultMap>
  <select id="getSolutionId" resultMap="getSolutionIdResult" parameterClass="com.tcs.dop.pos.common.data.fsimapping.DopPosFsiMapping" >
    select OFFICE_ID, SOLUTION_ID
    from DOP_POS_FSI_MAPPING
    where OFFICE_ID = #officeId:VARCHAR#
  </select>
</sqlMap>