<?xml version="1.0" encoding="UTF-8" ?>
<!DOCTYPE sqlMap PUBLIC "-//ibatis.apache.org//DTD SQL Map 2.0//EN" "http://ibatis.apache.org/dtd/sql-map-2.dtd" >
<sqlMap namespace="dop_speed_post" >
  <resultMap id="abatorgenerated_DopSpeedPostResult" class="com.tcs.dop.common.data.speedpost.DopSpeedPost" >
    <!--
      WARNING - This element is automatically generated by Abator for iBATIS, do not modify.
      This element was generated on Wed May 15 10:18:17 IST 2013.
    -->
    <result column="tracking_number" property="trackingNumber" jdbcType="VARCHAR" />
    <result column="reference_number" property="referenceNumber" jdbcType="VARCHAR" />
    <result column="article_number" property="articleNumber" jdbcType="VARCHAR" />
    <result column="postage_stamp_amount" property="postageStampAmount" jdbcType="DOUBLE" />
    <result column="weight" property="weight" jdbcType="DOUBLE" />
    <result column="sender_name" property="senderName" jdbcType="VARCHAR" />
    <result column="sender_address" property="senderAddress" jdbcType="VARCHAR" />
    <result column="sender_state" property="senderState" jdbcType="VARCHAR" />
    <result column="sender_pin" property="senderPin" jdbcType="INTEGER" />
    <result column="destination" property="destination" jdbcType="VARCHAR" />
    <result column="recipient_name" property="recipientName" jdbcType="VARCHAR" />
    <result column="recipient_address" property="recipientAddress" jdbcType="VARCHAR" />
    <result column="recipient_state" property="recipientState" jdbcType="VARCHAR" />
    <result column="recipient_pin" property="recipientPin" jdbcType="INTEGER" />
    <result column="transaction_date" property="transactionDate" jdbcType="TIMESTAMP" />
    <result column="base" property="base" jdbcType="DOUBLE" />
    <result column="pod" property="pod" jdbcType="DOUBLE" />
    <result column="tax" property="tax" jdbcType="DOUBLE" />
    <result column="total" property="total" jdbcType="DOUBLE" />
    <result column="transaction_total" property="transactionTotal" jdbcType="DOUBLE" />
    <result column="created_by" property="createdBy" jdbcType="VARCHAR" />
    <result column="created_on" property="createdOn" jdbcType="TIMESTAMP" />
    <result column="modified_by" property="modifiedBy" jdbcType="VARCHAR" />
    <result column="modified_on" property="modifiedOn" jdbcType="TIMESTAMP" />
  </resultMap>

  <select id="abatorgenerated_selectByPrimaryKey" resultMap="abatorgenerated_DopSpeedPostResult" parameterClass="com.tcs.dop.common.data.speedpost.DopSpeedPost" >
    <!--
      WARNING - This element is automatically generated by Abator for iBATIS, do not modify.
      This element was generated on Wed May 15 10:18:17 IST 2013.
    -->
    select tracking_number, reference_number, article_number, postage_stamp_amount, weight,
      sender_name, sender_address, sender_state, sender_pin, destination, recipient_name,
      recipient_address, recipient_state, recipient_pin, transaction_date, base, pod, tax, total,
      transaction_total, created_by, created_on, modified_by, modified_on
    from dop_speed_post
    where tracking_number = #trackingNumber:VARCHAR# FOR READ ONLY
  </select>
  
  <delete id="abatorgenerated_deleteByPrimaryKey" parameterClass="com.tcs.dop.common.data.speedpost.DopSpeedPost" >
    <!--
      WARNING - This element is automatically generated by Abator for iBATIS, do not modify.
      This element was generated on Wed May 15 10:18:17 IST 2013.
    -->
    delete from dop_speed_post
    where tracking_number = #trackingNumber:VARCHAR#
  </delete>

  <insert id="abatorgenerated_insert" parameterClass="com.tcs.dop.common.data.speedpost.DopSpeedPost" >
    <!--
      WARNING - This element is automatically generated by Abator for iBATIS, do not modify.
      This element was generated on Wed May 15 10:18:17 IST 2013.
    -->
    insert into dop_speed_post (tracking_number, reference_number, article_number,
      postage_stamp_amount, weight, sender_name, sender_address, sender_state, sender_pin,
      destination, recipient_name, recipient_address, recipient_state, recipient_pin,
      transaction_date, base, pod, tax, total, transaction_total, created_by, created_on,
      modified_by, modified_on)
    values (#trackingNumber:VARCHAR#, #referenceNumber:VARCHAR#, #articleNumber:VARCHAR#,
      #postageStampAmount:DOUBLE#, #weight:DOUBLE#, #senderName:VARCHAR#, #senderAddress:VARCHAR#,
      #senderState:VARCHAR#, #senderPin:INTEGER#, #destination:VARCHAR#, #recipientName:VARCHAR#,
      #recipientAddress:VARCHAR#, #recipientState:VARCHAR#, #recipientPin:INTEGER#,
      #transactionDate:TIMESTAMP#, #base:DOUBLE#, #pod:DOUBLE#, #tax:DOUBLE#, #total:DOUBLE#,
      #transactionTotal:DOUBLE#, #createdBy:VARCHAR#, getdate(), #modifiedBy:VARCHAR#,
      getdate())
  </insert>
  <update id="abatorgenerated_updateByPrimaryKey" parameterClass="com.tcs.dop.common.data.speedpost.DopSpeedPost" >
    <!--
      WARNING - This element is automatically generated by Abator for iBATIS, do not modify.
      This element was generated on Wed May 15 10:18:17 IST 2013.
    -->
    update dop_speed_post
    set reference_number = #referenceNumber:VARCHAR#,
      article_number = #articleNumber:VARCHAR#,
      postage_stamp_amount = #postageStampAmount:DOUBLE#,
      weight = #weight:DOUBLE#,
      sender_name = #senderName:VARCHAR#,
      sender_address = #senderAddress:VARCHAR#,
      sender_state = #senderState:VARCHAR#,
      sender_pin = #senderPin:INTEGER#,
      destination = #destination:VARCHAR#,
      recipient_name = #recipientName:VARCHAR#,
      recipient_address = #recipientAddress:VARCHAR#,
      recipient_state = #recipientState:VARCHAR#,
      recipient_pin = #recipientPin:INTEGER#,
      transaction_date = #transactionDate:TIMESTAMP#,
      base = #base:DOUBLE#,
      pod = #pod:DOUBLE#,
      tax = #tax:DOUBLE#,
      total = #total:DOUBLE#,
      transaction_total = #transactionTotal:DOUBLE#,
      created_by = #createdBy:VARCHAR#,
      created_on = getdate(),
      modified_by = #modifiedBy:VARCHAR#,
      modified_on = getdate()
    where tracking_number = #trackingNumber:VARCHAR#
  </update>
  <update id="abatorgenerated_updateByPrimaryKeySelective" parameterClass="com.tcs.dop.common.data.speedpost.DopSpeedPost" >
    <!--
      WARNING - This element is automatically generated by Abator for iBATIS, do not modify.
      This element was generated on Wed May 15 10:18:17 IST 2013.
    -->
    update dop_speed_post
    <dynamic prepend="set" >
      <isNotNull prepend="," property="referenceNumber" >
        reference_number = #referenceNumber:VARCHAR#
      </isNotNull>
      <isNotNull prepend="," property="articleNumber" >
        article_number = #articleNumber:VARCHAR#
      </isNotNull>
      <isNotNull prepend="," property="postageStampAmount" >
        postage_stamp_amount = #postageStampAmount:DOUBLE#
      </isNotNull>
      <isNotNull prepend="," property="weight" >
        weight = #weight:DOUBLE#
      </isNotNull>
      <isNotNull prepend="," property="senderName" >
        sender_name = #senderName:VARCHAR#
      </isNotNull>
      <isNotNull prepend="," property="senderAddress" >
        sender_address = #senderAddress:VARCHAR#
      </isNotNull>
      <isNotNull prepend="," property="senderState" >
        sender_state = #senderState:VARCHAR#
      </isNotNull>
      <isNotNull prepend="," property="senderPin" >
        sender_pin = #senderPin:INTEGER#
      </isNotNull>
      <isNotNull prepend="," property="destination" >
        destination = #destination:VARCHAR#
      </isNotNull>
      <isNotNull prepend="," property="recipientName" >
        recipient_name = #recipientName:VARCHAR#
      </isNotNull>
      <isNotNull prepend="," property="recipientAddress" >
        recipient_address = #recipientAddress:VARCHAR#
      </isNotNull>
      <isNotNull prepend="," property="recipientState" >
        recipient_state = #recipientState:VARCHAR#
      </isNotNull>
      <isNotNull prepend="," property="recipientPin" >
        recipient_pin = #recipientPin:INTEGER#
      </isNotNull>
      <isNotNull prepend="," property="transactionDate" >
        transaction_date = #transactionDate:TIMESTAMP#
      </isNotNull>
      <isNotNull prepend="," property="base" >
        base = #base:DOUBLE#
      </isNotNull>
      <isNotNull prepend="," property="pod" >
        pod = #pod:DOUBLE#
      </isNotNull>
      <isNotNull prepend="," property="tax" >
        tax = #tax:DOUBLE#
      </isNotNull>
      <isNotNull prepend="," property="total" >
        total = #total:DOUBLE#
      </isNotNull>
      <isNotNull prepend="," property="transactionTotal" >
        transaction_total = #transactionTotal:DOUBLE#
      </isNotNull>
      <isNotNull prepend="," property="createdBy" >
        created_by = #createdBy:VARCHAR#
      </isNotNull>
      <isNotNull prepend="," property="createdOn" >
        created_on = getdate()
      </isNotNull>
      <isNotNull prepend="," property="modifiedBy" >
        modified_by = #modifiedBy:VARCHAR#
      </isNotNull>
      <isNotNull prepend="," property="modifiedOn" >
        modified_on = getdate()
      </isNotNull>
    </dynamic>
    where tracking_number = #trackingNumber:VARCHAR#
  </update>
 
 </sqlMap>