<?xml version="1.0" encoding="UTF-8" ?>
<!DOCTYPE sqlMap PUBLIC "-//ibatis.apache.org//DTD SQL Map 2.0//EN" "http://ibatis.apache.org/dtd/sql-map-2.dtd" >
<sqlMap namespace="POSTAL_BILLER_TENDER_MAPPING" >
  <resultMap id="abatorgenerated_PostalBillerTenderMappingResult" class="com.tcs.postal.common.data.tps.PostalBillerTenderMapping" >
    <!--
      WARNING - This element is automatically generated by Abator for iBATIS, do not modify.
      This element was generated on Tue May 12 18:26:35 GMT+05:30 2015.
    -->
    <result column="BILLER_ID" property="billerId" jdbcType="VARCHAR" />
    <result column="FORMAT_ID" property="formatId" jdbcType="VARCHAR" />
    <result column="TENDER_ID" property="tenderId" jdbcType="VARCHAR" />
    <result column="CREATED_BY" property="createdBy" jdbcType="VARCHAR" />
    <result column="CREATED_ON" property="createdOn" jdbcType="TIMESTAMP" />
    <result column="MODIFIED_BY" property="modifiedBy" jdbcType="VARCHAR" />
    <result column="MODIFIED_ON" property="modifiedOn" jdbcType="TIMESTAMP" />
    <result column="IS_NON_DOP_CHEQUE" property="isNonDopCheque" jdbcType="BIT" />
  </resultMap>
  
  <resultMap id="getBillerTenderMappingListResult" class="com.tcs.postal.common.data.tps.PostalBillerTenderMapping" >
    <result column="BILLER_ID" property="billerId" jdbcType="VARCHAR" />
    <result column="FORMAT_ID" property="formatId" jdbcType="VARCHAR" />
    <result column="TENDER_ID" property="tenderId" jdbcType="VARCHAR" />    
    <result column="IS_NON_DOP_CHEQUE" property="isNonDopCheque" jdbcType="BIT" />
  </resultMap>
  <select id="abatorgenerated_selectByPrimaryKey" resultMap="abatorgenerated_PostalBillerTenderMappingResult" parameterClass="com.tcs.postal.common.data.tps.PostalBillerTenderMappingKey" >
    <!--
      WARNING - This element is automatically generated by Abator for iBATIS, do not modify.
      This element was generated on Tue May 12 18:26:35 GMT+05:30 2015.
    -->
    select BILLER_ID, FORMAT_ID, TENDER_ID, CREATED_BY, CREATED_ON, MODIFIED_BY, MODIFIED_ON,
      IS_NON_DOP_CHEQUE
    from POSTAL_BILLER_TENDER_MAPPING
    where BILLER_ID = #billerId:VARCHAR#
      and FORMAT_ID = #formatId:VARCHAR#
      and TENDER_ID = #tenderId:VARCHAR#
  </select>
  <delete id="abatorgenerated_deleteByPrimaryKey" parameterClass="com.tcs.postal.common.data.tps.PostalBillerTenderMappingKey" >
    <!--
      WARNING - This element is automatically generated by Abator for iBATIS, do not modify.
      This element was generated on Tue May 12 18:26:35 GMT+05:30 2015.
    -->
    delete from POSTAL_BILLER_TENDER_MAPPING
    where BILLER_ID = #billerId:VARCHAR#
      and FORMAT_ID = #formatId:VARCHAR#
      and TENDER_ID = #tenderId:VARCHAR#
  </delete>
  <insert id="abatorgenerated_insert" parameterClass="com.tcs.postal.common.data.tps.PostalBillerTenderMapping" >
    <!--
      WARNING - This element is automatically generated by Abator for iBATIS, do not modify.
      This element was generated on Tue May 12 18:26:35 GMT+05:30 2015.
    -->
    insert into POSTAL_BILLER_TENDER_MAPPING (BILLER_ID, FORMAT_ID, TENDER_ID, CREATED_BY,
      CREATED_ON, MODIFIED_BY, MODIFIED_ON, IS_NON_DOP_CHEQUE)
    values (#billerId:VARCHAR#, #formatId:VARCHAR#, #tenderId:VARCHAR#, #createdBy:VARCHAR#,
      getdate(), #modifiedBy:VARCHAR#, getdate(), #isNonDopCheque:BIT#)
  </insert>
  <update id="abatorgenerated_updateByPrimaryKey" parameterClass="com.tcs.postal.common.data.tps.PostalBillerTenderMapping" >
    <!--
      WARNING - This element is automatically generated by Abator for iBATIS, do not modify.
      This element was generated on Tue May 12 18:26:35 GMT+05:30 2015.
    -->
    update POSTAL_BILLER_TENDER_MAPPING
    set CREATED_BY = #createdBy:VARCHAR#,
      CREATED_ON = getdate(),
      MODIFIED_BY = #modifiedBy:VARCHAR#,
      MODIFIED_ON = getdate(),
      IS_NON_DOP_CHEQUE = #isNonDopCheque:BIT#
    where BILLER_ID = #billerId:VARCHAR#
      and FORMAT_ID = #formatId:VARCHAR#
      and TENDER_ID = #tenderId:VARCHAR#
  </update>
  <update id="abatorgenerated_updateByPrimaryKeySelective" parameterClass="com.tcs.postal.common.data.tps.PostalBillerTenderMapping" >
    <!--
      WARNING - This element is automatically generated by Abator for iBATIS, do not modify.
      This element was generated on Tue May 12 18:26:35 GMT+05:30 2015.
    -->
    update POSTAL_BILLER_TENDER_MAPPING
    <dynamic prepend="set" >
      <isNotNull prepend="," property="createdBy" >
        CREATED_BY = #createdBy:VARCHAR#
      </isNotNull>
      <isNotNull prepend="," property="createdOn" >
        CREATED_ON = getdate()
      </isNotNull>
      <isNotNull prepend="," property="modifiedBy" >
        MODIFIED_BY = #modifiedBy:VARCHAR#
      </isNotNull>
      <isNotNull prepend="," property="modifiedOn" >
        MODIFIED_ON = getdate()
      </isNotNull>
      <isNotNull prepend="," property="isNonDopCheque" >
        IS_NON_DOP_CHEQUE = #isNonDopCheque:BIT#
      </isNotNull>
    </dynamic>
    where BILLER_ID = #billerId:VARCHAR#
      and FORMAT_ID = #formatId:VARCHAR#
      and TENDER_ID = #tenderId:VARCHAR#
  </update>
  
  <select id="getBillerTenderMappingList" resultMap="getBillerTenderMappingListResult" parameterClass="com.tcs.postal.common.data.tps.PostalBillerTenderMapping" >
    select BILLER_ID, FORMAT_ID, TENDER_ID,IS_NON_DOP_CHEQUE
    from POSTAL_BILLER_TENDER_MAPPING
    where BILLER_ID = #billerId:VARCHAR#
    and FORMAT_ID = #formatId:VARCHAR#
  </select>
</sqlMap>