<?xml version="1.0" encoding="UTF-8" ?>
<!DOCTYPE sqlMap PUBLIC "-//ibatis.apache.org//DTD SQL Map 2.0//EN" "http://ibatis.apache.org/dtd/sql-map-2.dtd" >
<sqlMap namespace="POSTAL_DENOMINATION_MASTER" >
  <resultMap id="abatorgenerated_PostalDenominationMasterResult" class="com.tcs.pos.common.data.others.cashpickup.PostalDenominationMaster" >
    <!--
      WARNING - This element is automatically generated by Abator for iBATIS, do not modify.
      This element was generated on Fri Sep 06 14:10:52 GMT+05:30 2013.
    -->
    <result column="DENOMINATION_ID" property="denominationId" jdbcType="INTEGER" />
    <result column="DENOMINATION_TYPE_ID" property="denominationTypeId" jdbcType="INTEGER" />
    <result column="LABEL" property="label" jdbcType="VARCHAR" />
    <result column="DESCRIPTION" property="description" jdbcType="VARCHAR" />
    <result column="DENOM_VALUE" property="denomValue" jdbcType="DOUBLE" />
    <result column="CREATED_BY" property="createdBy" jdbcType="VARCHAR" />
    <result column="CREATED_ON" property="createdOn" jdbcType="TIMESTAMP" />
    <result column="MODIFIED_BY" property="modifiedBy" jdbcType="VARCHAR" />
    <result column="MODIFIED_ON" property="modifiedOn" jdbcType="TIMESTAMP" />
  </resultMap>
  <select id="abatorgenerated_selectByPrimaryKey" resultMap="abatorgenerated_PostalDenominationMasterResult" parameterClass="com.tcs.pos.common.data.others.cashpickup.PostalDenominationMaster" >
    <!--
      WARNING - This element is automatically generated by Abator for iBATIS, do not modify.
      This element was generated on Fri Sep 06 14:10:52 GMT+05:30 2013.
    -->
    select DENOMINATION_ID, DENOMINATION_TYPE_ID, LABEL, DESCRIPTION, DENOM_VALUE, CREATED_BY,
      CREATED_ON, MODIFIED_BY, MODIFIED_ON
    from POSTAL_DENOMINATION_MASTER
    where DENOMINATION_ID = #denominationId:INTEGER# FOR READ ONLY
  </select>
  <delete id="abatorgenerated_deleteByPrimaryKey" parameterClass="com.tcs.pos.common.data.others.cashpickup.PostalDenominationMaster" >
    <!--
      WARNING - This element is automatically generated by Abator for iBATIS, do not modify.
      This element was generated on Fri Sep 06 14:10:52 GMT+05:30 2013.
    -->
    delete from POSTAL_DENOMINATION_MASTER
    where DENOMINATION_ID = #denominationId:INTEGER#
  </delete>
  <insert id="abatorgenerated_insert" parameterClass="com.tcs.pos.common.data.others.cashpickup.PostalDenominationMaster" >
    <!--
      WARNING - This element is automatically generated by Abator for iBATIS, do not modify.
      This element was generated on Fri Sep 06 14:10:52 GMT+05:30 2013.
    -->
    insert into POSTAL_DENOMINATION_MASTER (DENOMINATION_ID, DENOMINATION_TYPE_ID, LABEL,
      DESCRIPTION, DENOM_VALUE, CREATED_BY, CREATED_ON, MODIFIED_BY, MODIFIED_ON)
    values (#denominationId:INTEGER#, #denominationTypeId:INTEGER#, #label:VARCHAR#,
      #description:VARCHAR#, #denomValue:DOUBLE#, #createdBy:VARCHAR#, getdate(),
      #modifiedBy:VARCHAR#, getdate())
  </insert>
  <update id="abatorgenerated_updateByPrimaryKey" parameterClass="com.tcs.pos.common.data.others.cashpickup.PostalDenominationMaster" >
    <!--
      WARNING - This element is automatically generated by Abator for iBATIS, do not modify.
      This element was generated on Fri Sep 06 14:10:52 GMT+05:30 2013.
    -->
    update POSTAL_DENOMINATION_MASTER
    set DENOMINATION_TYPE_ID = #denominationTypeId:INTEGER#,
      LABEL = #label:VARCHAR#,
      DESCRIPTION = #description:VARCHAR#,
      DENOM_VALUE = #denomValue:DOUBLE#,
      CREATED_BY = #createdBy:VARCHAR#,
      CREATED_ON = getdate(),
      MODIFIED_BY = #modifiedBy:VARCHAR#,
      MODIFIED_ON = getdate()
    where DENOMINATION_ID = #denominationId:INTEGER#
  </update>
  <update id="abatorgenerated_updateByPrimaryKeySelective" parameterClass="com.tcs.pos.common.data.others.cashpickup.PostalDenominationMaster" >
    <!--
      WARNING - This element is automatically generated by Abator for iBATIS, do not modify.
      This element was generated on Fri Sep 06 14:10:52 GMT+05:30 2013.
    -->
    update POSTAL_DENOMINATION_MASTER
    <dynamic prepend="set" >
      <isNotNull prepend="," property="denominationTypeId" >
        DENOMINATION_TYPE_ID = #denominationTypeId:INTEGER#
      </isNotNull>
      <isNotNull prepend="," property="label" >
        LABEL = #label:VARCHAR#
      </isNotNull>
      <isNotNull prepend="," property="description" >
        DESCRIPTION = #description:VARCHAR#
      </isNotNull>
      <isNotNull prepend="," property="denomValue" >
        DENOM_VALUE = #denomValue:DOUBLE#
      </isNotNull>
      <isNotNull prepend="," property="createdBy" >
        CREATED_BY = #createdBy:VARCHAR#
      </isNotNull>
      <isNotNull prepend="," property="createdOn" >
        CREATED_ON = getdate()
      </isNotNull>
      <isNotNull prepend="," property="modifiedBy" >
        MODIFIED_BY = #modifiedBy:VARCHAR#
      </isNotNull>
      <isNotNull prepend="," property="modifiedOn" >
        MODIFIED_ON = getdate()
      </isNotNull>
    </dynamic>
    where DENOMINATION_ID = #denominationId:INTEGER#
  </update>
  <!-- added by aloke for postal cashpickup -->
  <select id="abatorgenerated_selectAllCashDenom" resultMap="abatorgenerated_PostalDenominationMasterResult">
    select * from POSTAL_DENOMINATION_MASTER as p, POSTAL_DENOMINATION_TYPE_MASTER as t 
where p.DENOMINATION_TYPE_ID=t.DENOMINATION_TYPE_ID and UPPER(t.DENOMINATION_TYPE_NAME)='CASH' order by p.DENOM_VALUE DESC FOR READ ONLY
  </select>
</sqlMap>