<?xml version="1.0" encoding="UTF-8" ?>
<!DOCTYPE sqlMap PUBLIC "-//ibatis.apache.org//DTD SQL Map 2.0//EN" "http://ibatis.apache.org/dtd/sql-map-2.dtd" >
<sqlMap namespace="POSTAL_CUSTOM_DECLARATION_DETAILS" >
  <resultMap id="abatorgenerated_PostalCustomDeclarationDetailsResult" class="com.tcs.postal.common.data.mail.PostalCustomDeclarationDetails" >
    <!--
      WARNING - This element is automatically generated by Abator for iBATIS, do not modify.
      This element was generated on Mon Oct 27 16:47:25 GMT+05:30 2014.
    -->
    <result column="INVOICE_NO" property="invoiceNo" jdbcType="VARCHAR" />
    <result column="LINE_ITEM_ID" property="lineItemId" jdbcType="INTEGER" />
    <result column="ARTICLE_NO" property="articleNo" jdbcType="VARCHAR" />
    <result column="CREATED_BY" property="createdBy" jdbcType="VARCHAR" />
    <result column="CREATED_ON" property="createdOn" jdbcType="TIMESTAMP" />
    <result column="MODIFIED_BY" property="modifiedBy" jdbcType="VARCHAR" />
    <result column="MODIFIED_ON" property="modifiedOn" jdbcType="TIMESTAMP" />
  </resultMap>
  <resultMap id="abatorgenerated_PostalCustomDeclarationDetailsResultWithBLOBs" class="com.tcs.postal.common.data.mail.PostalCustomDeclarationDetails" extends="POSTAL_CUSTOM_DECLARATION_DETAILS.abatorgenerated_PostalCustomDeclarationDetailsResult" >
    <!--
      WARNING - This element is automatically generated by Abator for iBATIS, do not modify.
      This element was generated on Mon Oct 27 16:47:25 GMT+05:30 2014.
    -->
    <result column="CUSTOM_DECLARATION_DETAILS" property="customDeclarationDetails" jdbcType="LONGVARCHAR" />
  </resultMap>
  <select id="abatorgenerated_selectByPrimaryKey" resultMap="abatorgenerated_PostalCustomDeclarationDetailsResultWithBLOBs" parameterClass="com.tcs.postal.common.data.mail.PostalCustomDeclarationDetailsKey" >
    <!--
      WARNING - This element is automatically generated by Abator for iBATIS, do not modify.
      This element was generated on Mon Oct 27 16:47:25 GMT+05:30 2014.
    -->
    select INVOICE_NO, LINE_ITEM_ID, ARTICLE_NO, CREATED_BY, CREATED_ON, MODIFIED_BY, MODIFIED_ON,
      CUSTOM_DECLARATION_DETAILS
    from POSTAL_CUSTOM_DECLARATION_DETAILS
    where INVOICE_NO = #invoiceNo:VARCHAR#
      and LINE_ITEM_ID = #lineItemId:INTEGER#
  </select>
  <delete id="abatorgenerated_deleteByPrimaryKey" parameterClass="com.tcs.postal.common.data.mail.PostalCustomDeclarationDetailsKey" >
    <!--
      WARNING - This element is automatically generated by Abator for iBATIS, do not modify.
      This element was generated on Mon Oct 27 16:47:25 GMT+05:30 2014.
    -->
    delete from POSTAL_CUSTOM_DECLARATION_DETAILS
    where INVOICE_NO = #invoiceNo:VARCHAR#
      and LINE_ITEM_ID = #lineItemId:INTEGER#
  </delete>
  <insert id="abatorgenerated_insert" parameterClass="com.tcs.postal.common.data.mail.PostalCustomDeclarationDetails" >
    <!--
      WARNING - This element is automatically generated by Abator for iBATIS, do not modify.
      This element was generated on Mon Oct 27 16:47:25 GMT+05:30 2014.
    -->
    insert into POSTAL_CUSTOM_DECLARATION_DETAILS (INVOICE_NO, LINE_ITEM_ID, ARTICLE_NO, CREATED_BY,
      CREATED_ON, MODIFIED_BY, MODIFIED_ON, CUSTOM_DECLARATION_DETAILS)
    values (#invoiceNo:VARCHAR#, #lineItemId:INTEGER#, #articleNo:VARCHAR#, #createdBy:VARCHAR#,
      getdate(), #modifiedBy:VARCHAR#, getdate(),
      #customDeclarationDetails:LONGVARCHAR#)
  </insert>
  <update id="abatorgenerated_updateByPrimaryKeyWithBLOBs" parameterClass="com.tcs.postal.common.data.mail.PostalCustomDeclarationDetails" >
    <!--
      WARNING - This element is automatically generated by Abator for iBATIS, do not modify.
      This element was generated on Mon Oct 27 16:47:25 GMT+05:30 2014.
    -->
    update POSTAL_CUSTOM_DECLARATION_DETAILS
    set ARTICLE_NO = #articleNo:VARCHAR#,
      CREATED_BY = #createdBy:VARCHAR#,
      CREATED_ON = getdate(),
      MODIFIED_BY = #modifiedBy:VARCHAR#,
      MODIFIED_ON = getdate(),
      CUSTOM_DECLARATION_DETAILS = #customDeclarationDetails:LONGVARCHAR#
    where INVOICE_NO = #invoiceNo:VARCHAR#
      and LINE_ITEM_ID = #lineItemId:INTEGER#
  </update>
  <update id="abatorgenerated_updateByPrimaryKey" parameterClass="com.tcs.postal.common.data.mail.PostalCustomDeclarationDetails" >
    <!--
      WARNING - This element is automatically generated by Abator for iBATIS, do not modify.
      This element was generated on Mon Oct 27 16:47:25 GMT+05:30 2014.
    -->
    update POSTAL_CUSTOM_DECLARATION_DETAILS
    set ARTICLE_NO = #articleNo:VARCHAR#,
      CREATED_BY = #createdBy:VARCHAR#,
      CREATED_ON = getdate(),
      MODIFIED_BY = #modifiedBy:VARCHAR#,
      MODIFIED_ON = getdate()
    where INVOICE_NO = #invoiceNo:VARCHAR#
      and LINE_ITEM_ID = #lineItemId:INTEGER#
  </update>
  <update id="abatorgenerated_updateByPrimaryKeySelective" parameterClass="com.tcs.postal.common.data.mail.PostalCustomDeclarationDetails" >
    <!--
      WARNING - This element is automatically generated by Abator for iBATIS, do not modify.
      This element was generated on Mon Oct 27 16:47:25 GMT+05:30 2014.
    -->
    update POSTAL_CUSTOM_DECLARATION_DETAILS
    <dynamic prepend="set" >
      <isNotNull prepend="," property="articleNo" >
        ARTICLE_NO = #articleNo:VARCHAR#
      </isNotNull>
      <isNotNull prepend="," property="createdBy" >
        CREATED_BY = #createdBy:VARCHAR#
      </isNotNull>
      <isNotNull prepend="," property="createdOn" >
        CREATED_ON = getdate()
      </isNotNull>
      <isNotNull prepend="," property="modifiedBy" >
        MODIFIED_BY = #modifiedBy:VARCHAR#
      </isNotNull>
      <isNotNull prepend="," property="modifiedOn" >
        MODIFIED_ON = getdate()
      </isNotNull>
      <isNotNull prepend="," property="customDeclarationDetails" >
        CUSTOM_DECLARATION_DETAILS = #customDeclarationDetails:LONGVARCHAR#
      </isNotNull>
    </dynamic>
    where INVOICE_NO = #invoiceNo:VARCHAR#
      and LINE_ITEM_ID = #lineItemId:INTEGER#
  </update>
</sqlMap>