<?xml version="1.0" encoding="UTF-8" ?>
<!DOCTYPE sqlMap PUBLIC "-//ibatis.apache.org//DTD SQL Map 2.0//EN" "http://ibatis.apache.org/dtd/sql-map-2.dtd" >
<sqlMap namespace="DOP_FRANKING_PURPOSE_MASTER" >
  <resultMap id="abatorgenerated_DopFrankingPurposeMasterResult" class="com.tcs.dop.pos.common.data.frankingmachine.purposemaster.DopFrankingPurposeMaster" >
    <!--
      WARNING - This element is automatically generated by Abator for iBATIS, do not modify.
      This element was generated on Thu Apr 03 14:47:55 IST 2014.
    -->
    <result column="PURPOSE_ID" property="purposeId" jdbcType="INTEGER" />
    <result column="PURPOSE_NAME" property="purposeName" jdbcType="VARCHAR" />
    <result column="ACTIVATION_DATE" property="activationDate" jdbcType="DATE" />
    <result column="EXPIRY_DATE" property="expiryDate" jdbcType="DATE" />
    <result column="CREATED_BY" property="createdBy" jdbcType="VARCHAR" />
    <result column="CREATED_ON" property="createdOn" jdbcType="TIMESTAMP" />
    <result column="MODIFIED_BY" property="modifiedBy" jdbcType="VARCHAR" />
    <result column="MODIFIED_ON" property="modifiedOn" jdbcType="TIMESTAMP" />
  </resultMap>
  <select id="abatorgenerated_selectByPrimaryKey" resultMap="abatorgenerated_DopFrankingPurposeMasterResult" parameterClass="com.tcs.dop.pos.common.data.frankingmachine.purposemaster.DopFrankingPurposeMaster" >
    <!--
      WARNING - This element is automatically generated by Abator for iBATIS, do not modify.
      This element was generated on Thu Apr 03 14:47:55 IST 2014.
    -->
    select PURPOSE_ID, PURPOSE_NAME, ACTIVATION_DATE, EXPIRY_DATE, CREATED_BY, CREATED_ON,
      MODIFIED_BY, MODIFIED_ON
    from DOP_FRANKING_PURPOSE_MASTER
    where PURPOSE_ID = #purposeId:INTEGER# FOR READ ONLY
  </select>
  <delete id="abatorgenerated_deleteByPrimaryKey" parameterClass="com.tcs.dop.pos.common.data.frankingmachine.purposemaster.DopFrankingPurposeMaster" >
    <!--
      WARNING - This element is automatically generated by Abator for iBATIS, do not modify.
      This element was generated on Thu Apr 03 14:47:55 IST 2014.
    -->
    delete from DOP_FRANKING_PURPOSE_MASTER
    where PURPOSE_ID = #purposeId:INTEGER#
  </delete>
  <insert id="abatorgenerated_insert" parameterClass="com.tcs.dop.pos.common.data.frankingmachine.purposemaster.DopFrankingPurposeMaster" >
    <!--
      WARNING - This element is automatically generated by Abator for iBATIS, do not modify.
      This element was generated on Thu Apr 03 14:47:55 IST 2014.
    -->
    insert into DOP_FRANKING_PURPOSE_MASTER (PURPOSE_ID, PURPOSE_NAME, ACTIVATION_DATE, EXPIRY_DATE,
      CREATED_BY, CREATED_ON, MODIFIED_BY, MODIFIED_ON)
    values (#purposeId:INTEGER#, #purposeName:VARCHAR#, #activationDate:DATE#, #expiryDate:DATE#,
      #createdBy:VARCHAR#, getdate(), #modifiedBy:VARCHAR#, getdate())
  </insert>
  <update id="abatorgenerated_updateByPrimaryKey" parameterClass="com.tcs.dop.pos.common.data.frankingmachine.purposemaster.DopFrankingPurposeMaster" >
    <!--
      WARNING - This element is automatically generated by Abator for iBATIS, do not modify.
      This element was generated on Thu Apr 03 14:47:55 IST 2014.
    -->
    update DOP_FRANKING_PURPOSE_MASTER
    set PURPOSE_NAME = #purposeName:VARCHAR#,
      ACTIVATION_DATE = #activationDate:DATE#,
      EXPIRY_DATE = #expiryDate:DATE#,
      CREATED_BY = #createdBy:VARCHAR#,
      CREATED_ON = getdate(),
      MODIFIED_BY = #modifiedBy:VARCHAR#,
      MODIFIED_ON = getdate()
    where PURPOSE_ID = #purposeId:INTEGER#
  </update>
  <update id="abatorgenerated_updateByPrimaryKeySelective" parameterClass="com.tcs.dop.pos.common.data.frankingmachine.purposemaster.DopFrankingPurposeMaster" >
    <!--
      WARNING - This element is automatically generated by Abator for iBATIS, do not modify.
      This element was generated on Thu Apr 03 14:47:55 IST 2014.
    -->
    update DOP_FRANKING_PURPOSE_MASTER
    <dynamic prepend="set" >
      <isNotNull prepend="," property="purposeName" >
        PURPOSE_NAME = #purposeName:VARCHAR#
      </isNotNull>
      <isNotNull prepend="," property="activationDate" >
        ACTIVATION_DATE = #activationDate:DATE#
      </isNotNull>
      <isNotNull prepend="," property="expiryDate" >
        EXPIRY_DATE = #expiryDate:DATE#
      </isNotNull>
      <isNotNull prepend="," property="createdBy" >
        CREATED_BY = #createdBy:VARCHAR#
      </isNotNull>
      <isNotNull prepend="," property="createdOn" >
        CREATED_ON = getdate()
      </isNotNull>
      <isNotNull prepend="," property="modifiedBy" >
        MODIFIED_BY = #modifiedBy:VARCHAR#
      </isNotNull>
      <isNotNull prepend="," property="modifiedOn" >
        MODIFIED_ON = getdate()
      </isNotNull>
    </dynamic>
    where PURPOSE_ID = #purposeId:INTEGER#
  </update>
</sqlMap>