<?xml version="1.0" encoding="UTF-8" ?>
<!DOCTYPE sqlMap PUBLIC "-//ibatis.apache.org//DTD SQL Map 2.0//EN" "http://ibatis.apache.org/dtd/sql-map-2.dtd" >
<sqlMap namespace="POSTAL_COUNTER_SUBMISSION" >
  <resultMap id="abatorgenerated_PostalCounterSubmissionResult" class="com.tcs.pos.common.data.dayactivites.workallocation.PostalCounterSubmission" >
    <!--
      WARNING - This element is automatically generated by Abator for iBATIS, do not modify.
      This element was generated on Thu Mar 20 19:26:18 GMT+05:30 2014.
    -->
    <result column="FORMAT_ID" property="formatId" jdbcType="VARCHAR" />
    <result column="POSTAL_COUNTER_SUBMISSION_ID" property="postalCounterSubmissionId" jdbcType="INTEGER" />
    <result column="STORE_ID" property="storeId" jdbcType="VARCHAR" />
    <result column="TILL_NO" property="tillNo" jdbcType="INTEGER" />
    <result column="USER_ID" property="userId" jdbcType="VARCHAR" />
    <result column="SHIFT_NO" property="shiftNo" jdbcType="INTEGER" />
    <result column="SHIFT_DATE" property="shiftDate" jdbcType="TIMESTAMP" />
    <result column="RECEIPT_ADJUSTMENT_AMOUNT" property="receiptAdjustmentAmount" jdbcType="REAL" />
    <result column="RECEIPT_ADJUSTMENT_REMARKS" property="receiptAdjustmentRemarks" jdbcType="VARCHAR" />
    <result column="PAYMENT_ADJUSTMENT_AMOUNT" property="paymentAdjustmentAmount" jdbcType="REAL" />
    <result column="PAYMENT_ADJUSTMENT_REMARKS" property="paymentAdjustmentRemarks" jdbcType="VARCHAR" />
    <result column="CREATED_BY" property="createdBy" jdbcType="VARCHAR" />
    <result column="CREATED_ON" property="createdOn" jdbcType="TIMESTAMP" />
    <result column="MODIFIED_BY" property="modifiedBy" jdbcType="VARCHAR" />
    <result column="MODIFIED_ON" property="modifiedOn" jdbcType="TIMESTAMP" />
  </resultMap>
  <select id="abatorgenerated_selectByPrimaryKey" resultMap="abatorgenerated_PostalCounterSubmissionResult" parameterClass="com.tcs.pos.common.data.dayactivites.workallocation.PostalCounterSubmissionKey" >
    <!--
      WARNING - This element is automatically generated by Abator for iBATIS, do not modify.
      This element was generated on Thu Mar 20 19:26:18 GMT+05:30 2014.
    -->
    select FORMAT_ID, POSTAL_COUNTER_SUBMISSION_ID, STORE_ID, TILL_NO, USER_ID, SHIFT_NO,
      SHIFT_DATE, RECEIPT_ADJUSTMENT_AMOUNT, RECEIPT_ADJUSTMENT_REMARKS, PAYMENT_ADJUSTMENT_AMOUNT,
      PAYMENT_ADJUSTMENT_REMARKS, CREATED_BY, CREATED_ON, MODIFIED_BY, MODIFIED_ON
    from POSTAL_COUNTER_SUBMISSION
    where FORMAT_ID = #formatId:VARCHAR#
      and POSTAL_COUNTER_SUBMISSION_ID = #postalCounterSubmissionId:INTEGER#
      and STORE_ID = #storeId:VARCHAR#
      and TILL_NO = #tillNo:INTEGER# FOR READ ONLY
  </select>
  <delete id="abatorgenerated_deleteByPrimaryKey" parameterClass="com.tcs.pos.common.data.dayactivites.workallocation.PostalCounterSubmissionKey" >
    <!--
      WARNING - This element is automatically generated by Abator for iBATIS, do not modify.
      This element was generated on Thu Mar 20 19:26:18 GMT+05:30 2014.
    -->
    delete from POSTAL_COUNTER_SUBMISSION
    where FORMAT_ID = #formatId:VARCHAR#
      and POSTAL_COUNTER_SUBMISSION_ID = #postalCounterSubmissionId:INTEGER#
      and STORE_ID = #storeId:VARCHAR#
      and TILL_NO = #tillNo:INTEGER#
  </delete>
  <insert id="abatorgenerated_insert" parameterClass="com.tcs.pos.common.data.dayactivites.workallocation.PostalCounterSubmission" >
    <!--
      WARNING - This element is automatically generated by Abator for iBATIS, do not modify.
      This element was generated on Thu Mar 20 19:26:18 GMT+05:30 2014.
    -->
    insert into POSTAL_COUNTER_SUBMISSION (FORMAT_ID, POSTAL_COUNTER_SUBMISSION_ID, STORE_ID,
      TILL_NO, USER_ID, SHIFT_NO, SHIFT_DATE, RECEIPT_ADJUSTMENT_AMOUNT, RECEIPT_ADJUSTMENT_REMARKS,
      PAYMENT_ADJUSTMENT_AMOUNT, PAYMENT_ADJUSTMENT_REMARKS, CREATED_BY, CREATED_ON, MODIFIED_BY,
      MODIFIED_ON)
    values (#formatId:VARCHAR#, #postalCounterSubmissionId:INTEGER#, #storeId:VARCHAR#,
      #tillNo:INTEGER#, #userId:VARCHAR#, #shiftNo:INTEGER#, #shiftDate:TIMESTAMP#,
      #receiptAdjustmentAmount:REAL#, #receiptAdjustmentRemarks:VARCHAR#,
      #paymentAdjustmentAmount:REAL#, #paymentAdjustmentRemarks:VARCHAR#, #createdBy:VARCHAR#,
      getdate(), #modifiedBy:VARCHAR#, getdate())
  </insert>
  <update id="abatorgenerated_updateByPrimaryKey" parameterClass="com.tcs.pos.common.data.dayactivites.workallocation.PostalCounterSubmission" >
    <!--
      WARNING - This element is automatically generated by Abator for iBATIS, do not modify.
      This element was generated on Thu Mar 20 19:26:18 GMT+05:30 2014.
    -->
    update POSTAL_COUNTER_SUBMISSION
    set USER_ID = #userId:VARCHAR#,
      SHIFT_NO = #shiftNo:INTEGER#,
      SHIFT_DATE = #shiftDate:TIMESTAMP#,
      RECEIPT_ADJUSTMENT_AMOUNT = #receiptAdjustmentAmount:REAL#,
      RECEIPT_ADJUSTMENT_REMARKS = #receiptAdjustmentRemarks:VARCHAR#,
      PAYMENT_ADJUSTMENT_AMOUNT = #paymentAdjustmentAmount:REAL#,
      PAYMENT_ADJUSTMENT_REMARKS = #paymentAdjustmentRemarks:VARCHAR#,
      CREATED_BY = #createdBy:VARCHAR#,
      CREATED_ON = getdate(),
      MODIFIED_BY = #modifiedBy:VARCHAR#,
      MODIFIED_ON = getdate()
    where FORMAT_ID = #formatId:VARCHAR#
      and POSTAL_COUNTER_SUBMISSION_ID = #postalCounterSubmissionId:INTEGER#
      and STORE_ID = #storeId:VARCHAR#
      and TILL_NO = #tillNo:INTEGER#
  </update>
  <update id="abatorgenerated_updateByPrimaryKeySelective" parameterClass="com.tcs.pos.common.data.dayactivites.workallocation.PostalCounterSubmission" >
    <!--
      WARNING - This element is automatically generated by Abator for iBATIS, do not modify.
      This element was generated on Thu Mar 20 19:26:18 GMT+05:30 2014.
    -->
    update POSTAL_COUNTER_SUBMISSION
    <dynamic prepend="set" >
      <isNotNull prepend="," property="userId" >
        USER_ID = #userId:VARCHAR#
      </isNotNull>
      <isNotNull prepend="," property="shiftNo" >
        SHIFT_NO = #shiftNo:INTEGER#
      </isNotNull>
      <isNotNull prepend="," property="shiftDate" >
        SHIFT_DATE = #shiftDate:TIMESTAMP#
      </isNotNull>
      <isNotNull prepend="," property="receiptAdjustmentAmount" >
        RECEIPT_ADJUSTMENT_AMOUNT = #receiptAdjustmentAmount:REAL#
      </isNotNull>
      <isNotNull prepend="," property="receiptAdjustmentRemarks" >
        RECEIPT_ADJUSTMENT_REMARKS = #receiptAdjustmentRemarks:VARCHAR#
      </isNotNull>
      <isNotNull prepend="," property="paymentAdjustmentAmount" >
        PAYMENT_ADJUSTMENT_AMOUNT = #paymentAdjustmentAmount:REAL#
      </isNotNull>
      <isNotNull prepend="," property="paymentAdjustmentRemarks" >
        PAYMENT_ADJUSTMENT_REMARKS = #paymentAdjustmentRemarks:VARCHAR#
      </isNotNull>
      <isNotNull prepend="," property="createdBy" >
        CREATED_BY = #createdBy:VARCHAR#
      </isNotNull>
      <isNotNull prepend="," property="createdOn" >
        CREATED_ON = getdate()
      </isNotNull>
      <isNotNull prepend="," property="modifiedBy" >
        MODIFIED_BY = #modifiedBy:VARCHAR#
      </isNotNull>
      <isNotNull prepend="," property="modifiedOn" >
        MODIFIED_ON = getdate()
      </isNotNull>
    </dynamic>
    where FORMAT_ID = #formatId:VARCHAR#
      and POSTAL_COUNTER_SUBMISSION_ID = #postalCounterSubmissionId:INTEGER#
      and STORE_ID = #storeId:VARCHAR#
      and TILL_NO = #tillNo:INTEGER#
  </update>
   <select id="maxCounteSubmissionID" resultClass="java.lang.Integer" parameterClass="com.tcs.pos.common.data.dayactivites.workallocation.PostalCounterSubmissionKey" >
    <!--
      WARNING - This element is automatically generated by Abator for iBATIS, do not modify.
      This element was generated on Thu Mar 20 19:26:18 GMT+05:30 2014.
    -->
   select max(POSTAL_COUNTER_SUBMISSION_ID) from POSTAL_COUNTER_SUBMISSION FOR READ ONLY
  </select>
   <select id="getCountReject" resultClass="java.lang.Integer" parameterClass="com.tcs.pos.common.data.dayactivites.workallocation.PostalCounterSubmission" >
   
   select count(*) from POSTAL_COUNTER_SUBMISSION 
   where
   USER_ID = #userId:VARCHAR#
   and
   SHIFT_NO = #shiftNo:INTEGER#
   and
   SHIFT_DATE = #shiftDate:TIMESTAMP#
   and
   FORMAT_ID = #formatId:VARCHAR#
   and
   TILL_NO = #tillNo:INTEGER#
   and
   STORE_ID = #storeId:VARCHAR#
   FOR READ ONLY
  </select>
   <select id="getRecordReject" resultMap="abatorgenerated_PostalCounterSubmissionResult" parameterClass="com.tcs.pos.common.data.dayactivites.workallocation.PostalCounterSubmission" >
   
   select * from POSTAL_COUNTER_SUBMISSION 
   where
   USER_ID = #userId:VARCHAR#
   and
   SHIFT_NO = #shiftNo:INTEGER#
   and
   SHIFT_DATE = #shiftDate:TIMESTAMP#
   and
   FORMAT_ID = #formatId:VARCHAR#
   and
   TILL_NO = #tillNo:INTEGER#
   and
   STORE_ID = #storeId:VARCHAR#
   FOR READ ONLY
  </select>
  
  
  <select id="checkSubmitAcc" resultMap="abatorgenerated_PostalCounterSubmissionResult" parameterClass="com.tcs.pos.common.data.dayactivites.workallocation.PostalCounterSubmission" >
    <!--
      WARNING - This element is automatically generated by Abator for iBATIS, do not modify.
      This element was generated on Thu Mar 20 19:26:18 GMT+05:30 2014.
    -->
    select * from POSTAL_COUNTER_SUBMISSION
    where FORMAT_ID = #formatId:VARCHAR#
      and STORE_ID = #storeId:VARCHAR#
      and TILL_NO = #tillNo:INTEGER# 
      and SHIFT_NO = #shiftNo:INTEGER#
      and USER_ID = #userId:VARCHAR#
      and SHIFT_DATE = #shiftDate:TIMESTAMP#
      FOR READ ONLY
  </select>
  
</sqlMap>