<?xml version="1.0" encoding="UTF-8" ?>
<!DOCTYPE sqlMap PUBLIC "-//ibatis.apache.org//DTD SQL Map 2.0//EN" "http://ibatis.apache.org/dtd/sql-map-2.dtd" >
<sqlMap namespace="dop_polilcy_premium_master" >
  <resultMap id="abatorgenerated_DopPolilcyPremiumMasterResult" class="com.tcs.dop.pos.common.data.pli.DopPolilcyPremiumMaster" >
    <!--
      WARNING - This element is automatically generated by Abator for iBATIS, do not modify.
      This element was generated on Sun May 12 11:21:31 IST 2013.
    -->
    <result column="premium_id" property="premiumId" jdbcType="INTEGER" />
    <result column="policy_code" property="policyCode" jdbcType="VARCHAR" />
    <result column="age_at_entry" property="ageAtEntry" jdbcType="INTEGER" />
    <result column="age_at_maturity" property="ageAtMaturity" jdbcType="INTEGER" />
    <result column="premium_amount_yrly" property="premiumAmountYrly" jdbcType="DOUBLE" />
    <result column="premium_amount_hf_yrly" property="premiumAmountHfYrly" jdbcType="DOUBLE" />
    <result column="premium_amount_qtrly" property="premiumAmountQtrly" jdbcType="DOUBLE" />
    <result column="premium_amount_mntly" property="premiumAmountMntly" jdbcType="DOUBLE" />
  </resultMap>
  <resultMap id="abatorgenerated_selectYrlyPremium" class="com.tcs.dop.pos.common.data.pli.DopPolilcyPremiumMaster" >
    <!--
      WARNING - This element is automatically generated by Abator for iBATIS, do not modify.
      This element was generated on Sun May 12 11:21:31 IST 2013.
    -->    
    <result column="premium_amount_yrly" property="premiumAmountYrly" jdbcType="DOUBLE" />
    
  </resultMap>
  <resultMap id="abatorgenerated_selectHfYrlyPremium" class="com.tcs.dop.pos.common.data.pli.DopPolilcyPremiumMaster" >
    <!--
      WARNING - This element is automatically generated by Abator for iBATIS, do not modify.
      This element was generated on Sun May 12 11:21:31 IST 2013.
    -->
    <result column="premium_amount_hf_yrly" property="premiumAmountHfYrly" jdbcType="DOUBLE" />
    </resultMap>
    <resultMap id="abatorgenerated_selectQtrlyPremium" class="com.tcs.dop.pos.common.data.pli.DopPolilcyPremiumMaster" >
    <!--
      WARNING - This element is automatically generated by Abator for iBATIS, do not modify.
      This element was generated on Sun May 12 11:21:31 IST 2013.
    -->
    <result column="premium_amount_qtrly" property="premiumAmountQtrly" jdbcType="DOUBLE" />
  </resultMap>
	<resultMap id="abatorgenerated_selectMonthlyPremium" class="com.tcs.dop.pos.common.data.pli.DopPolilcyPremiumMaster" >
    <!--
      WARNING - This element is automatically generated by Abator for iBATIS, do not modify.
      This element was generated on Sun May 12 11:21:31 IST 2013.
    -->
    <result column="premium_amount_mntly" property="premiumAmountMntly" jdbcType="DOUBLE" />
  </resultMap>
  
  
  <select id="abatorgenerated_selectByPrimaryKey" resultMap="abatorgenerated_DopPolilcyPremiumMasterResult" parameterClass="com.tcs.dop.pos.common.data.pli.DopPolilcyPremiumMaster" >
    <!--
      WARNING - This element is automatically generated by Abator for iBATIS, do not modify.
      This element was generated on Sun May 12 11:21:31 IST 2013.
    -->
    select premium_id, policy_code, age_at_entry, age_at_maturity, premium_amount_yrly,
      premium_amount_hf_yrly, premium_amount_qtrly, premium_amount_mntly
    from dop_polilcy_premium_master
    where premium_id = #premiumId:INTEGER# FOR READ ONLY
  </select>
  <delete id="abatorgenerated_deleteByPrimaryKey" parameterClass="com.tcs.dop.pos.common.data.pli.DopPolilcyPremiumMaster" >
    <!--
      WARNING - This element is automatically generated by Abator for iBATIS, do not modify.
      This element was generated on Sun May 12 11:21:31 IST 2013.
    -->
    delete from dop_polilcy_premium_master
    where premium_id = #premiumId:INTEGER#
  </delete>
  <insert id="abatorgenerated_insert" parameterClass="com.tcs.dop.pos.common.data.pli.DopPolilcyPremiumMaster" >
    <!--
      WARNING - This element is automatically generated by Abator for iBATIS, do not modify.
      This element was generated on Sun May 12 11:21:31 IST 2013.
    -->
    insert into dop_polilcy_premium_master (premium_id, policy_code, age_at_entry, age_at_maturity,
      premium_amount_yrly, premium_amount_hf_yrly, premium_amount_qtrly, premium_amount_mntly)
    values (#premiumId:INTEGER#, #policyCode:VARCHAR#, #ageAtEntry:INTEGER#,
      #ageAtMaturity:INTEGER#, #premiumAmountYrly:DOUBLE#, #premiumAmountHfYrly:DOUBLE#,
      #premiumAmountQtrly:DOUBLE#, #premiumAmountMntly:DOUBLE#)
  </insert>
  <update id="abatorgenerated_updateByPrimaryKey" parameterClass="com.tcs.dop.pos.common.data.pli.DopPolilcyPremiumMaster" >
    <!--
      WARNING - This element is automatically generated by Abator for iBATIS, do not modify.
      This element was generated on Sun May 12 11:21:31 IST 2013.
    -->
    update dop_polilcy_premium_master
    set policy_code = #policyCode:VARCHAR#,
      age_at_entry = #ageAtEntry:INTEGER#,
      age_at_maturity = #ageAtMaturity:INTEGER#,
      premium_amount_yrly = #premiumAmountYrly:DOUBLE#,
      premium_amount_hf_yrly = #premiumAmountHfYrly:DOUBLE#,
      premium_amount_qtrly = #premiumAmountQtrly:DOUBLE#,
      premium_amount_mntly = #premiumAmountMntly:DOUBLE#
    where premium_id = #premiumId:INTEGER#
  </update>
  <update id="abatorgenerated_updateByPrimaryKeySelective" parameterClass="com.tcs.dop.pos.common.data.pli.DopPolilcyPremiumMaster" >
    <!--
      WARNING - This element is automatically generated by Abator for iBATIS, do not modify.
      This element was generated on Sun May 12 11:21:31 IST 2013.
    -->
    update dop_polilcy_premium_master
    <dynamic prepend="set" >
      <isNotNull prepend="," property="policyCode" >
        policy_code = #policyCode:VARCHAR#
      </isNotNull>
      <isNotNull prepend="," property="ageAtEntry" >
        age_at_entry = #ageAtEntry:INTEGER#
      </isNotNull>
      <isNotNull prepend="," property="ageAtMaturity" >
        age_at_maturity = #ageAtMaturity:INTEGER#
      </isNotNull>
      <isNotNull prepend="," property="premiumAmountYrly" >
        premium_amount_yrly = #premiumAmountYrly:DOUBLE#
      </isNotNull>
      <isNotNull prepend="," property="premiumAmountHfYrly" >
        premium_amount_hf_yrly = #premiumAmountHfYrly:DOUBLE#
      </isNotNull>
      <isNotNull prepend="," property="premiumAmountQtrly" >
        premium_amount_qtrly = #premiumAmountQtrly:DOUBLE#
      </isNotNull>
      <isNotNull prepend="," property="premiumAmountMntly" >
        premium_amount_mntly = #premiumAmountMntly:DOUBLE#
      </isNotNull>
    </dynamic>
    where premium_id = #premiumId:INTEGER#
  </update>
  <select id="abatorgenerated_selectMonthlyPremium" resultMap="abatorgenerated_selectMonthlyPremium" parameterClass="com.tcs.dop.pos.common.data.pli.DopPolilcyPremiumMaster" >
    <!--
      WARNING - This element is automatically generated by Abator for iBATIS, do not modify.
      This element was generated on Sun May 12 11:21:31 IST 2013.
    -->
   select premium_amount_mntly from dop_polilcy_premium_master where policy_code = #policyCode# and age_at_entry = #ageAtEntry# and age_at_maturity = #ageAtMaturity# FOR READ ONLY
  </select>
  <select id="abatorgenerated_selectYearlyPremium" resultMap="abatorgenerated_selectYrlyPremium" parameterClass="com.tcs.dop.pos.common.data.pli.DopPolilcyPremiumMaster" >
    <!--
      WARNING - This element is automatically generated by Abator for iBATIS, do not modify.
      This element was generated on Sun May 12 11:21:31 IST 2013.
    -->
   select premium_amount_yrly from dop_polilcy_premium_master where policy_code = #policyCode# and age_at_entry = #ageAtEntry# and age_at_maturity = #ageAtMaturity# FOR READ ONLY
  </select>
  <select id="abatorgenerated_selectHfYearlyPremium" resultMap="abatorgenerated_selectHfYrlyPremium" parameterClass="com.tcs.dop.pos.common.data.pli.DopPolilcyPremiumMaster" >
    <!--
      WARNING - This element is automatically generated by Abator for iBATIS, do not modify.
      This element was generated on Sun May 12 11:21:31 IST 2013.
    -->
   select premium_amount_hf_yrly from dop_polilcy_premium_master where policy_code = #policyCode# and age_at_entry = #ageAtEntry# and age_at_maturity = #ageAtMaturity# FOR READ ONLY
  </select>
  <select id="abatorgenerated_selectQuarterlyPremium" resultMap="abatorgenerated_selectQtrlyPremium" parameterClass="com.tcs.dop.pos.common.data.pli.DopPolilcyPremiumMaster" >
    <!--
      WARNING - This element is automatically generated by Abator for iBATIS, do not modify.
      This element was generated on Sun May 12 11:21:31 IST 2013.
    -->
   select premium_amount_qtrly from dop_polilcy_premium_master where policy_code = #policyCode# and age_at_entry = #ageAtEntry# and age_at_maturity = #ageAtMaturity# FOR READ ONLY
  </select>
</sqlMap>