<?xml version="1.0" encoding="UTF-8" ?>
<!DOCTYPE sqlMap PUBLIC "-//ibatis.apache.org//DTD SQL Map 2.0//EN" "http://ibatis.apache.org/dtd/sql-map-2.dtd" >
<sqlMap namespace="DOP_TEMPLATE_MASTER" >
  <resultMap id="abatorgenerated_DopTemplateMasterResult" class="com.tcs.postal.common.data.mail.DopTemplateMaster" >
    <!--
      WARNING - This element is automatically generated by Abator for iBATIS, do not modify.
      This element was generated on Sat Jan 18 10:45:24 GMT+05:30 2014.
    -->
    <result column="TEMPLATE_ID" property="templateId" jdbcType="INTEGER" />
    <result column="TEMPLATE_NAME" property="templateName" jdbcType="VARCHAR" />
    <result column="CREATED_BY" property="createdBy" jdbcType="VARCHAR" />
    <result column="CREATED_ON" property="createdOn" jdbcType="TIMESTAMP" />
    <result column="MODIFIED_BY" property="modifiedBy" jdbcType="VARCHAR" />
    <result column="MODIFIED_ON" property="modifiedOn" jdbcType="TIMESTAMP" />
  </resultMap>
  <select id="abatorgenerated_selectByPrimaryKey" resultMap="abatorgenerated_DopTemplateMasterResult" parameterClass="com.tcs.postal.common.data.mail.DopTemplateMaster" >
    <!--
      WARNING - This element is automatically generated by Abator for iBATIS, do not modify.
      This element was generated on Sat Jan 18 10:45:24 GMT+05:30 2014.
    -->
    select TEMPLATE_ID, TEMPLATE_NAME, CREATED_BY, CREATED_ON, MODIFIED_BY, MODIFIED_ON
    from DOP_TEMPLATE_MASTER
    where TEMPLATE_ID = #templateId:INTEGER# FOR READ ONLY
  </select>
  <delete id="abatorgenerated_deleteByPrimaryKey" parameterClass="com.tcs.postal.common.data.mail.DopTemplateMaster" >
    <!--
      WARNING - This element is automatically generated by Abator for iBATIS, do not modify.
      This element was generated on Sat Jan 18 10:45:24 GMT+05:30 2014.
    -->
    delete from DOP_TEMPLATE_MASTER
    where TEMPLATE_ID = #templateId:INTEGER#
  </delete>
  <insert id="abatorgenerated_insert" parameterClass="com.tcs.postal.common.data.mail.DopTemplateMaster" >
    <!--
      WARNING - This element is automatically generated by Abator for iBATIS, do not modify.
      This element was generated on Sat Jan 18 10:45:24 GMT+05:30 2014.
    -->
    insert into DOP_TEMPLATE_MASTER (TEMPLATE_ID, TEMPLATE_NAME, CREATED_BY, CREATED_ON,
      MODIFIED_BY, MODIFIED_ON)
    values (#templateId:INTEGER#, #templateName:VARCHAR#, #createdBy:VARCHAR#,
      getdate(), #modifiedBy:VARCHAR#, getdate())
  </insert>
  <update id="abatorgenerated_updateByPrimaryKey" parameterClass="com.tcs.postal.common.data.mail.DopTemplateMaster" >
    <!--
      WARNING - This element is automatically generated by Abator for iBATIS, do not modify.
      This element was generated on Sat Jan 18 10:45:24 GMT+05:30 2014.
    -->
    update DOP_TEMPLATE_MASTER
    set TEMPLATE_NAME = #templateName:VARCHAR#,
      CREATED_BY = #createdBy:VARCHAR#,
      CREATED_ON = getdate(),
      MODIFIED_BY = #modifiedBy:VARCHAR#,
      MODIFIED_ON = getdate()
    where TEMPLATE_ID = #templateId:INTEGER#
  </update>
  <update id="abatorgenerated_updateByPrimaryKeySelective" parameterClass="com.tcs.postal.common.data.mail.DopTemplateMaster" >
    <!--
      WARNING - This element is automatically generated by Abator for iBATIS, do not modify.
      This element was generated on Sat Jan 18 10:45:24 GMT+05:30 2014.
    -->
    update DOP_TEMPLATE_MASTER
    <dynamic prepend="set" >
      <isNotNull prepend="," property="templateName" >
        TEMPLATE_NAME = #templateName:VARCHAR#
      </isNotNull>
      <isNotNull prepend="," property="createdBy" >
        CREATED_BY = #createdBy:VARCHAR#
      </isNotNull>
      <isNotNull prepend="," property="createdOn" >
        CREATED_ON = getdate()
      </isNotNull>
      <isNotNull prepend="," property="modifiedBy" >
        MODIFIED_BY = #modifiedBy:VARCHAR#
      </isNotNull>
      <isNotNull prepend="," property="modifiedOn" >
        MODIFIED_ON = getdate()
      </isNotNull>
    </dynamic>
    where TEMPLATE_ID = #templateId:INTEGER#
  </update>
</sqlMap>