<?xml version="1.0" encoding="UTF-8" ?>
<!DOCTYPE sqlMap PUBLIC "-//ibatis.apache.org//DTD SQL Map 2.0//EN" "http://ibatis.apache.org/dtd/sql-map-2.dtd" >
<sqlMap namespace="POSTAL_AUDIT" >
  <resultMap id="abatorgenerated_PostalAuditResult" class="com.tcs.postal.common.data.mail.PostalAudit" >
    <!--
      WARNING - This element is automatically generated by Abator for iBATIS, do not modify.
      This element was generated on Mon Sep 23 18:59:14 IST 2013.
    -->
    <result column="AUDIT_ID" property="auditId" jdbcType="VARCHAR" />
    <result column="EVENT_TYPE_ID" property="eventTypeId" jdbcType="VARCHAR" />
    <result column="EVENT_STATUS" property="eventStatus" jdbcType="VARCHAR" />
    <result column="CREATED_BY" property="createdBy" jdbcType="VARCHAR" />
    <result column="CREATED_ON" property="createdOn" jdbcType="TIMESTAMP" />
    <result column="MODIFIED_BY" property="modifiedBy" jdbcType="VARCHAR" />
    <result column="MODIFIED_ON" property="modifiedOn" jdbcType="TIMESTAMP" />
  </resultMap>
  <select id="abatorgenerated_selectByPrimaryKey" resultMap="abatorgenerated_PostalAuditResult" parameterClass="com.tcs.postal.common.data.mail.PostalAudit" >
    <!--
      WARNING - This element is automatically generated by Abator for iBATIS, do not modify.
      This element was generated on Mon Sep 23 18:59:14 IST 2013.
    -->
    select AUDIT_ID, EVENT_TYPE_ID, EVENT_STATUS, CREATED_BY, CREATED_ON, MODIFIED_BY, MODIFIED_ON
    from POSTAL_AUDIT
    where AUDIT_ID = #auditId:VARCHAR# FOR READ ONLY
  </select>
  <delete id="abatorgenerated_deleteByPrimaryKey" parameterClass="com.tcs.postal.common.data.mail.PostalAudit" >
    <!--
      WARNING - This element is automatically generated by Abator for iBATIS, do not modify.
      This element was generated on Mon Sep 23 18:59:14 IST 2013.
    -->
    delete from POSTAL_AUDIT
    where AUDIT_ID = #auditId:VARCHAR#
  </delete>
  <insert id="abatorgenerated_insert" parameterClass="com.tcs.postal.common.data.mail.PostalAudit" >
    <!--
      WARNING - This element is automatically generated by Abator for iBATIS, do not modify.
      This element was generated on Mon Sep 23 18:59:14 IST 2013.
    -->
    insert into POSTAL_AUDIT (AUDIT_ID, EVENT_TYPE_ID, EVENT_STATUS, CREATED_BY, CREATED_ON,
      MODIFIED_BY, MODIFIED_ON)
    values (#auditId:VARCHAR#, #eventTypeId:VARCHAR#, #eventStatus:VARCHAR#, #createdBy:VARCHAR#,
      getdate(), #modifiedBy:VARCHAR#, getdate())
  </insert>
  <update id="abatorgenerated_updateByPrimaryKey" parameterClass="com.tcs.postal.common.data.mail.PostalAudit" >
    <!--
      WARNING - This element is automatically generated by Abator for iBATIS, do not modify.
      This element was generated on Mon Sep 23 18:59:14 IST 2013.
    -->
    update POSTAL_AUDIT
    set EVENT_TYPE_ID = #eventTypeId:VARCHAR#,
      EVENT_STATUS = #eventStatus:VARCHAR#,
      CREATED_BY = #createdBy:VARCHAR#,
      CREATED_ON = getdate(),
      MODIFIED_BY = #modifiedBy:VARCHAR#,
      MODIFIED_ON = getdate()
    where AUDIT_ID = #auditId:VARCHAR#
  </update>
  <update id="abatorgenerated_updateByPrimaryKeySelective" parameterClass="com.tcs.postal.common.data.mail.PostalAudit" >
    <!--
      WARNING - This element is automatically generated by Abator for iBATIS, do not modify.
      This element was generated on Mon Sep 23 18:59:14 IST 2013.
    -->
    update POSTAL_AUDIT
    <dynamic prepend="set" >
      <isNotNull prepend="," property="eventTypeId" >
        EVENT_TYPE_ID = #eventTypeId:VARCHAR#
      </isNotNull>
      <isNotNull prepend="," property="eventStatus" >
        EVENT_STATUS = #eventStatus:VARCHAR#
      </isNotNull>
      <isNotNull prepend="," property="createdBy" >
        CREATED_BY = #createdBy:VARCHAR#
      </isNotNull>
      <isNotNull prepend="," property="createdOn" >
        CREATED_ON = getdate()
      </isNotNull>
      <isNotNull prepend="," property="modifiedBy" >
        MODIFIED_BY = #modifiedBy:VARCHAR#
      </isNotNull>
      <isNotNull prepend="," property="modifiedOn" >
        MODIFIED_ON = getdate()
      </isNotNull>
    </dynamic>
    where AUDIT_ID = #auditId:VARCHAR#
  </update>
</sqlMap>