<?xml version="1.0" encoding="UTF-8" ?>
<!DOCTYPE sqlMap PUBLIC "-//ibatis.apache.org//DTD SQL Map 2.0//EN" "http://ibatis.apache.org/dtd/sql-map-2.dtd" >
<sqlMap namespace="POSTAL_EPOST_TEMPLATE_MASTER" >
  <resultMap id="abatorgenerated_PostalEpostTemplateMasterResult" class="com.tcs.postal.common.data.mail.PostalEpostTemplateMaster" >
    <!--
      WARNING - This element is automatically generated by Abator for iBATIS, do not modify.
      This element was generated on Wed Sep 17 10:39:32 GMT+05:30 2014.
    -->
    <result column="TEMPLATE_ID" property="templateId" jdbcType="VARCHAR" />
    <result column="TEMPLATE_NAME" property="templateName" jdbcType="VARCHAR" />
    <result column="CREATED_BY" property="createdBy" jdbcType="VARCHAR" />
    <result column="CREATED_ON" property="createdOn" jdbcType="TIMESTAMP" />
    <result column="MODIFIED_BY" property="modifiedBy" jdbcType="VARCHAR" />
    <result column="MODIFIED_ON" property="modifiedOn" jdbcType="TIMESTAMP" />
    <result column="CATEGORY" property="category" jdbcType="CHAR" />
    <result column="STATUS" property="status" jdbcType="CHAR" />
  </resultMap>
  <resultMap id="abatorgenerated_PostalEpostTemplateMasterResultWithBLOBs" class="com.tcs.postal.common.data.mail.PostalEpostTemplateMasterWithBLOBs" extends="POSTAL_EPOST_TEMPLATE_MASTER.abatorgenerated_PostalEpostTemplateMasterResult" >
    <!--
      WARNING - This element is automatically generated by Abator for iBATIS, do not modify.
      This element was generated on Wed Sep 17 10:39:32 GMT+05:30 2014.
    -->
    <result column="TEMPLATE_IMAGE" property="templateImage" jdbcType="CLOB" />
    <result column="TEMPLATE_SIGNATURE" property="templateSignature" jdbcType="CLOB" />
    <result column="TEMPLATE_CONTENT" property="templateContent" jdbcType="TEXT" />
  </resultMap>
  <select id="abatorgenerated_selectByPrimaryKey" resultMap="abatorgenerated_PostalEpostTemplateMasterResultWithBLOBs" parameterClass="com.tcs.postal.common.data.mail.PostalEpostTemplateMaster" >
    <!--
      WARNING - This element is automatically generated by Abator for iBATIS, do not modify.
      This element was generated on Wed Sep 17 10:39:32 GMT+05:30 2014.
    -->
    select TEMPLATE_ID, TEMPLATE_NAME, CREATED_BY, CREATED_ON, MODIFIED_BY, MODIFIED_ON, CATEGORY,
      STATUS, TEMPLATE_IMAGE, TEMPLATE_SIGNATURE, TEMPLATE_CONTENT
    from POSTAL_EPOST_TEMPLATE_MASTER
    where TEMPLATE_ID = #templateId:VARCHAR#
  </select>
  <delete id="abatorgenerated_deleteByPrimaryKey" parameterClass="com.tcs.postal.common.data.mail.PostalEpostTemplateMaster" >
    <!--
      WARNING - This element is automatically generated by Abator for iBATIS, do not modify.
      This element was generated on Wed Sep 17 10:39:32 GMT+05:30 2014.
    -->
    delete from POSTAL_EPOST_TEMPLATE_MASTER
    where TEMPLATE_ID = #templateId:VARCHAR#
  </delete>
  <insert id="abatorgenerated_insert" parameterClass="com.tcs.postal.common.data.mail.PostalEpostTemplateMasterWithBLOBs" >
    <!--
      WARNING - This element is automatically generated by Abator for iBATIS, do not modify.
      This element was generated on Wed Sep 17 10:39:32 GMT+05:30 2014.
    -->
    insert into POSTAL_EPOST_TEMPLATE_MASTER (TEMPLATE_ID, TEMPLATE_NAME, CREATED_BY, CREATED_ON,
      MODIFIED_BY, MODIFIED_ON, CATEGORY, STATUS, TEMPLATE_IMAGE, TEMPLATE_SIGNATURE,
      TEMPLATE_CONTENT)
    values (#templateId:VARCHAR#, #templateName:VARCHAR#, #createdBy:VARCHAR#,
      getdate(), #modifiedBy:VARCHAR#, getdate(), #category:CHAR#,
      #status:CHAR#, #templateImage:LONGVARBINARY#, #templateSignature:LONGVARBINARY#,
      #templateContent:LONGVARCHAR#)
  </insert>
  <update id="abatorgenerated_updateByPrimaryKeyWithBLOBs" parameterClass="com.tcs.postal.common.data.mail.PostalEpostTemplateMasterWithBLOBs" >
    <!--
      WARNING - This element is automatically generated by Abator for iBATIS, do not modify.
      This element was generated on Wed Sep 17 10:39:32 GMT+05:30 2014.
    -->
    update POSTAL_EPOST_TEMPLATE_MASTER
    set TEMPLATE_NAME = #templateName:VARCHAR#,
      CREATED_BY = #createdBy:VARCHAR#,
      CREATED_ON = getdate(),
      MODIFIED_BY = #modifiedBy:VARCHAR#,
      MODIFIED_ON = getdate(),
      CATEGORY = #category:CHAR#,
      STATUS = #status:CHAR#,
      TEMPLATE_IMAGE = #templateImage:LONGVARBINARY#,
      TEMPLATE_SIGNATURE = #templateSignature:LONGVARBINARY#,
      TEMPLATE_CONTENT = #templateContent:LONGVARCHAR#
    where TEMPLATE_ID = #templateId:VARCHAR#
  </update>
  <update id="abatorgenerated_updateByPrimaryKey" parameterClass="com.tcs.postal.common.data.mail.PostalEpostTemplateMaster" >
    <!--
      WARNING - This element is automatically generated by Abator for iBATIS, do not modify.
      This element was generated on Wed Sep 17 10:39:32 GMT+05:30 2014.
    -->
    update POSTAL_EPOST_TEMPLATE_MASTER
    set TEMPLATE_NAME = #templateName:VARCHAR#,
      CREATED_BY = #createdBy:VARCHAR#,
      CREATED_ON = getdate(),
      MODIFIED_BY = #modifiedBy:VARCHAR#,
      MODIFIED_ON = getdate(),
      CATEGORY = #category:CHAR#,
      STATUS = #status:CHAR#
    where TEMPLATE_ID = #templateId:VARCHAR#
  </update>
  <update id="abatorgenerated_updateByPrimaryKeySelective" parameterClass="com.tcs.postal.common.data.mail.PostalEpostTemplateMasterWithBLOBs" >
    <!--
      WARNING - This element is automatically generated by Abator for iBATIS, do not modify.
      This element was generated on Wed Sep 17 10:39:32 GMT+05:30 2014.
    -->
    update POSTAL_EPOST_TEMPLATE_MASTER
    <dynamic prepend="set" >
      <isNotNull prepend="," property="templateName" >
        TEMPLATE_NAME = #templateName:VARCHAR#
      </isNotNull>
      <isNotNull prepend="," property="createdBy" >
        CREATED_BY = #createdBy:VARCHAR#
      </isNotNull>
      <isNotNull prepend="," property="createdOn" >
        CREATED_ON = getdate()
      </isNotNull>
      <isNotNull prepend="," property="modifiedBy" >
        MODIFIED_BY = #modifiedBy:VARCHAR#
      </isNotNull>
      <isNotNull prepend="," property="modifiedOn" >
        MODIFIED_ON = getdate()
      </isNotNull>
      <isNotNull prepend="," property="category" >
        CATEGORY = #category:CHAR#
      </isNotNull>
      <isNotNull prepend="," property="status" >
        STATUS = #status:CHAR#
      </isNotNull>
      <isNotNull prepend="," property="templateImage" >
        TEMPLATE_IMAGE = #templateImage:LONGVARBINARY#
      </isNotNull>
      <isNotNull prepend="," property="templateSignature" >
        TEMPLATE_SIGNATURE = #templateSignature:LONGVARBINARY#
      </isNotNull>
      <isNotNull prepend="," property="templateContent" >
        TEMPLATE_CONTENT = #templateContent:LONGVARCHAR#
      </isNotNull>
    </dynamic>
    where TEMPLATE_ID = #templateId:VARCHAR#
  </update>
  
  <select id="getTemplateList" resultMap="abatorgenerated_PostalEpostTemplateMasterResultWithBLOBs" parameterClass="com.tcs.postal.common.data.mail.PostalEpostTemplateMaster" >
    select TEMPLATE_ID, TEMPLATE_NAME, TEMPLATE_IMAGE, TEMPLATE_SIGNATURE, TEMPLATE_CONTENT, CATEGORY, STATUS, CREATED_BY, CREATED_ON, MODIFIED_BY, MODIFIED_ON
    from POSTAL_EPOST_TEMPLATE_MASTER 
    where STATUS=#status:CHAR# and CATEGORY=#category:CHAR# ORDER BY TEMPLATE_NAME 
    FOR READ ONLY
  </select>
  
</sqlMap>