<?xml version="1.0" encoding="UTF-8" ?>
<!DOCTYPE sqlMap PUBLIC "-//ibatis.apache.org//DTD SQL Map 2.0//EN" "http://ibatis.apache.org/dtd/sql-map-2.dtd" >
<sqlMap namespace="DOP_FRANKING_REFUND_REBATE_TYPE_REASON_MAPPING" >
  <resultMap id="abatorgenerated_DopFrankingRefundRebateTypeReasonMappingResult" class="com.tcs.dop.pos.common.data.frankingmachine.reasontype.DopFrankingRefundRebateTypeReasonMapping" >
    <!--
      WARNING - This element is automatically generated by Abator for iBATIS, do not modify.
      This element was generated on Mon Sep 15 11:51:18 GMT+05:30 2014.
    -->
    <result column="RR_TYPE_REASON_MAPPING_ID" property="rrTypeReasonMappingId" jdbcType="INTEGER" />
    <result column="REFUND_REBATE_TYPE_CODE" property="refundRebateTypeCode" jdbcType="VARCHAR" />
    <result column="REFUND_REBATE_REASON_CODE" property="refundRebateReasonCode" jdbcType="VARCHAR" />
    <result column="CREATED_BY" property="createdBy" jdbcType="VARCHAR" />
    <result column="CREATED_ON" property="createdOn" jdbcType="TIMESTAMP" />
    <result column="MODIFIED_BY" property="modifiedBy" jdbcType="VARCHAR" />
    <result column="MODIFIED_ON" property="modifiedOn" jdbcType="TIMESTAMP" />
  </resultMap>
  <select id="abatorgenerated_selectByPrimaryKey" resultMap="abatorgenerated_DopFrankingRefundRebateTypeReasonMappingResult" parameterClass="com.tcs.dop.pos.common.data.frankingmachine.reasontype.DopFrankingRefundRebateTypeReasonMapping" >
    <!--
      WARNING - This element is automatically generated by Abator for iBATIS, do not modify.
      This element was generated on Mon Sep 15 11:51:18 GMT+05:30 2014.
    -->
    select RR_TYPE_REASON_MAPPING_ID, REFUND_REBATE_TYPE_CODE, REFUND_REBATE_REASON_CODE,
      CREATED_BY, CREATED_ON, MODIFIED_BY, MODIFIED_ON
    from DOP_FRANKING_REFUND_REBATE_TYPE_REASON_MAPPING
    where RR_TYPE_REASON_MAPPING_ID = #rrTypeReasonMappingId:INTEGER#
  </select>
  <delete id="abatorgenerated_deleteByPrimaryKey" parameterClass="com.tcs.dop.pos.common.data.frankingmachine.reasontype.DopFrankingRefundRebateTypeReasonMapping" >
    <!--
      WARNING - This element is automatically generated by Abator for iBATIS, do not modify.
      This element was generated on Mon Sep 15 11:51:18 GMT+05:30 2014.
    -->
    delete from DOP_FRANKING_REFUND_REBATE_TYPE_REASON_MAPPING
    where RR_TYPE_REASON_MAPPING_ID = #rrTypeReasonMappingId:INTEGER#
  </delete>
  <insert id="abatorgenerated_insert" parameterClass="com.tcs.dop.pos.common.data.frankingmachine.reasontype.DopFrankingRefundRebateTypeReasonMapping" >
    <!--
      WARNING - This element is automatically generated by Abator for iBATIS, do not modify.
      This element was generated on Mon Sep 15 11:51:18 GMT+05:30 2014.
    -->
    insert into DOP_FRANKING_REFUND_REBATE_TYPE_REASON_MAPPING (RR_TYPE_REASON_MAPPING_ID,
      REFUND_REBATE_TYPE_CODE, REFUND_REBATE_REASON_CODE, CREATED_BY, CREATED_ON, MODIFIED_BY,
      MODIFIED_ON)
    values (#rrTypeReasonMappingId:INTEGER#, #refundRebateTypeCode:VARCHAR#,
      #refundRebateReasonCode:VARCHAR#, #createdBy:VARCHAR#, getdate(),
      #modifiedBy:VARCHAR#, getdate())
  </insert>
  <update id="abatorgenerated_updateByPrimaryKey" parameterClass="com.tcs.dop.pos.common.data.frankingmachine.reasontype.DopFrankingRefundRebateTypeReasonMapping" >
    <!--
      WARNING - This element is automatically generated by Abator for iBATIS, do not modify.
      This element was generated on Mon Sep 15 11:51:18 GMT+05:30 2014.
    -->
    update DOP_FRANKING_REFUND_REBATE_TYPE_REASON_MAPPING
    set REFUND_REBATE_TYPE_CODE = #refundRebateTypeCode:VARCHAR#,
      REFUND_REBATE_REASON_CODE = #refundRebateReasonCode:VARCHAR#,
      CREATED_BY = #createdBy:VARCHAR#,
      CREATED_ON = getdate(),
      MODIFIED_BY = #modifiedBy:VARCHAR#,
      MODIFIED_ON = getdate()
    where RR_TYPE_REASON_MAPPING_ID = #rrTypeReasonMappingId:INTEGER#
  </update>
  <update id="abatorgenerated_updateByPrimaryKeySelective" parameterClass="com.tcs.dop.pos.common.data.frankingmachine.reasontype.DopFrankingRefundRebateTypeReasonMapping" >
    <!--
      WARNING - This element is automatically generated by Abator for iBATIS, do not modify.
      This element was generated on Mon Sep 15 11:51:18 GMT+05:30 2014.
    -->
    update DOP_FRANKING_REFUND_REBATE_TYPE_REASON_MAPPING
    <dynamic prepend="set" >
      <isNotNull prepend="," property="refundRebateTypeCode" >
        REFUND_REBATE_TYPE_CODE = #refundRebateTypeCode:VARCHAR#
      </isNotNull>
      <isNotNull prepend="," property="refundRebateReasonCode" >
        REFUND_REBATE_REASON_CODE = #refundRebateReasonCode:VARCHAR#
      </isNotNull>
      <isNotNull prepend="," property="createdBy" >
        CREATED_BY = #createdBy:VARCHAR#
      </isNotNull>
      <isNotNull prepend="," property="createdOn" >
        CREATED_ON = getdate()
      </isNotNull>
      <isNotNull prepend="," property="modifiedBy" >
        MODIFIED_BY = #modifiedBy:VARCHAR#
      </isNotNull>
      <isNotNull prepend="," property="modifiedOn" >
        MODIFIED_ON = getdate()
      </isNotNull>
    </dynamic>
    where RR_TYPE_REASON_MAPPING_ID = #rrTypeReasonMappingId:INTEGER#
  </update>
  <resultMap id="abatorgenerated_DopFrankingRefundRebateTypeReasonMappingResultNew" class="com.tcs.dop.pos.common.data.frankingmachine.reasontype.DopFrankingRefundRebateTypeReasonMapping" >
    <result column="REFUND_REBATE_TYPE_CODE" property="refundRebateTypeCode" jdbcType="VARCHAR" />
    <result column="REFUND_REBATE_REASON_CODE" property="refundRebateReasonCode" jdbcType="VARCHAR" />
     <result column="REFUND_REBATE_REASON_DESCRIPTION" property="refundRebateReasonDescription" jdbcType="VARCHAR" />
    </resultMap>
  <select id="abatorgenerated_reasons" resultMap="abatorgenerated_DopFrankingRefundRebateTypeReasonMappingResultNew" parameterClass="com.tcs.dop.pos.common.data.frankingmachine.reasontype.DopFrankingRefundRebateTypeReasonMapping" >
   SELECT a.REFUND_REBATE_TYPE_CODE,a.REFUND_REBATE_REASON_CODE,b.REFUND_REBATE_REASON_DESCRIPTION FROM DOP_FRANKING_REFUND_REBATE_TYPE_REASON_MAPPING 
a join DOP_FRANKING_REFUND_REBATE_REASON_MASTER b on a.REFUND_REBATE_REASON_CODE=
b.REFUND_REBATE_REASON_CODE where a.REFUND_REBATE_TYPE_CODE=#refundRebateTypeCode:VARCHAR#
  </select>
</sqlMap>