<?xml version="1.0" encoding="UTF-8"?>
<!DOCTYPE sqlMap PUBLIC "-//ibatis.apache.org//DTD SQL Map 2.0//EN" "http://ibatis.apache.org/dtd/sql-map-2.dtd">
<sqlMap namespace="DOP_FRANKING_MACHINE">
  <resultMap class="com.tcs.dop.pos.common.data.frankingmachine.consolidatedxmldata.DopFrankingMachine" id="abatorgenerated_DopFrankingMachineResult">
    <!--
      WARNING - This element is automatically generated by Abator for iBATIS, do not modify.
      This element was generated on Fri Apr 04 15:16:38 IST 2014.
    -->
    <result column="FM_TRANSACTION_ID" jdbcType="INTEGER" property="fmTransactionId" />
    <result column="INVOICE_NO" jdbcType="VARCHAR" property="invoiceNo" />
    <result column="TOTAL_AMOUNT" jdbcType="DOUBLE" property="totalAmount" />
    <result column="CREATED_BY" jdbcType="VARCHAR" property="createdBy" />
    <result column="MODIFIED_ON" jdbcType="TIMESTAMP" property="modifiedOn" />
    <result column="MODIFIED_BY" jdbcType="VARCHAR" property="modifiedBy" />
    <result column="CREATED_ON" jdbcType="TIMESTAMP" property="createdOn" />
    <result column="SERVICE_ID" jdbcType="VARCHAR" property="serviceId" />
  </resultMap>
  <resultMap class="com.tcs.dop.pos.common.data.frankingmachine.consolidatedxmldata.DopFrankingMachine" extends="DOP_FRANKING_MACHINE.abatorgenerated_DopFrankingMachineResult" id="abatorgenerated_DopFrankingMachineResultWithBLOBs">
    <!--
      WARNING - This element is automatically generated by Abator for iBATIS, do not modify.
      This element was generated on Fri Apr 04 15:16:38 IST 2014.
    -->
    <result column="TRANSACTION_DETAIL" jdbcType="BLOB" property="transactionDetail" />
  </resultMap>
  <select id="abatorgenerated_selectByPrimaryKey" parameterClass="com.tcs.dop.pos.common.data.frankingmachine.consolidatedxmldata.DopFrankingMachineKey" resultMap="abatorgenerated_DopFrankingMachineResultWithBLOBs">
    <!--
      WARNING - This element is automatically generated by Abator for iBATIS, do not modify.
      This element was generated on Fri Apr 04 15:16:38 IST 2014.
    -->
    select FM_TRANSACTION_ID, INVOICE_NO, TOTAL_AMOUNT, CREATED_BY, MODIFIED_ON, MODIFIED_BY,
      CREATED_ON, SERVICE_ID, TRANSACTION_DETAIL
    from DOP_FRANKING_MACHINE
    where FM_TRANSACTION_ID = #fmTransactionId:INTEGER#
      and INVOICE_NO = #invoiceNo:VARCHAR# FOR READ ONLY
  </select>
  <delete id="abatorgenerated_deleteByPrimaryKey" parameterClass="com.tcs.dop.pos.common.data.frankingmachine.consolidatedxmldata.DopFrankingMachineKey">
    <!--
      WARNING - This element is automatically generated by Abator for iBATIS, do not modify.
      This element was generated on Fri Apr 04 15:16:38 IST 2014.
    -->
    delete from DOP_FRANKING_MACHINE
    where FM_TRANSACTION_ID = #fmTransactionId:INTEGER#
      and INVOICE_NO = #invoiceNo:VARCHAR#
  </delete>
  <insert id="abatorgenerated_insert" parameterClass="com.tcs.dop.pos.common.data.frankingmachine.consolidatedxmldata.DopFrankingMachine">
    <!--
      WARNING - This element is automatically generated by Abator for iBATIS, do not modify.
      This element was generated on Fri Apr 04 15:16:38 IST 2014.
    -->
    insert into DOP_FRANKING_MACHINE (FM_TRANSACTION_ID, INVOICE_NO, TOTAL_AMOUNT, CREATED_BY,
      MODIFIED_ON, MODIFIED_BY, CREATED_ON, SERVICE_ID, TRANSACTION_DETAIL,REFUND_REBATE_TYPE_CODE)
    values (#fmTransactionId:INTEGER#, #invoiceNo:VARCHAR#, #totalAmount:DOUBLE#, #createdBy:VARCHAR#,
      getdate(), #modifiedBy:VARCHAR#, getdate(), #serviceId:VARCHAR#,
      #transactionDetail:BLOB#,#rebateRefundType:VARCHAR#)
  </insert>
  <update id="abatorgenerated_updateByPrimaryKeyWithBLOBs" parameterClass="com.tcs.dop.pos.common.data.frankingmachine.consolidatedxmldata.DopFrankingMachine">
    <!--
      WARNING - This element is automatically generated by Abator for iBATIS, do not modify.
      This element was generated on Fri Apr 04 15:16:38 IST 2014.
    -->
    update DOP_FRANKING_MACHINE
    set TOTAL_AMOUNT = #totalAmount:DOUBLE#,
      CREATED_BY = #createdBy:VARCHAR#,
      MODIFIED_ON = getdate(),
      MODIFIED_BY = #modifiedBy:VARCHAR#,
      CREATED_ON = getdate(),
      SERVICE_ID = #serviceId:VARCHAR#,
      TRANSACTION_DETAIL = #transactionDetail:BLOB#
    where FM_TRANSACTION_ID = #fmTransactionId:INTEGER#
      and INVOICE_NO = #invoiceNo:VARCHAR#
  </update>
  <update id="abatorgenerated_updateByPrimaryKey" parameterClass="com.tcs.dop.pos.common.data.frankingmachine.consolidatedxmldata.DopFrankingMachine">
    <!--
      WARNING - This element is automatically generated by Abator for iBATIS, do not modify.
      This element was generated on Fri Apr 04 15:16:38 IST 2014.
    -->
    update DOP_FRANKING_MACHINE
    set TOTAL_AMOUNT = #totalAmount:DOUBLE#,
      CREATED_BY = #createdBy:VARCHAR#,
      MODIFIED_ON = getdate(),
      MODIFIED_BY = #modifiedBy:VARCHAR#,
      CREATED_ON = getdate(),
      SERVICE_ID = #serviceId:VARCHAR#
    where FM_TRANSACTION_ID = #fmTransactionId:INTEGER#
      and INVOICE_NO = #invoiceNo:VARCHAR#
  </update>
  <update id="abatorgenerated_updateByPrimaryKeySelective" parameterClass="com.tcs.dop.pos.common.data.frankingmachine.consolidatedxmldata.DopFrankingMachine">
    <!--
      WARNING - This element is automatically generated by Abator for iBATIS, do not modify.
      This element was generated on Fri Apr 04 15:16:38 IST 2014.
    -->
    update DOP_FRANKING_MACHINE
    <dynamic prepend="set">
      <isNotNull prepend="," property="totalAmount">
        TOTAL_AMOUNT = #totalAmount:DOUBLE#
      </isNotNull>
      <isNotNull prepend="," property="createdBy">
        CREATED_BY = #createdBy:VARCHAR#
      </isNotNull>
      <isNotNull prepend="," property="modifiedOn">
        MODIFIED_ON = getdate()
      </isNotNull>
      <isNotNull prepend="," property="modifiedBy">
        MODIFIED_BY = #modifiedBy:VARCHAR#
      </isNotNull>
      <isNotNull prepend="," property="createdOn">
        CREATED_ON = getdate()
      </isNotNull>
      <isNotNull prepend="," property="serviceId">
        SERVICE_ID = #serviceId:VARCHAR#
      </isNotNull>
      <isNotNull prepend="," property="transactionDetail">
        TRANSACTION_DETAIL = #transactionDetail:BLOB#
      </isNotNull>
    </dynamic>
    where FM_TRANSACTION_ID = #fmTransactionId:INTEGER#
      and INVOICE_NO = #invoiceNo:VARCHAR#
  </update>
 
  <select id="abatorgenerated_getCountforFMTransactionId" parameterClass="com.tcs.dop.pos.common.data.frankingmachine.consolidatedxmldata.DopFrankingMachineKey" resultClass="java.lang.Integer">
    <!--
      WARNING - This element is automatically generated by Abator for iBATIS, do not modify.
      This element was generated on Fri Apr 04 15:16:38 IST 2014.
    -->
  SELECT count(FM_TRANSACTION_ID) FROM "postal"."DOP_FRANKING_MACHINE" FOR READ ONLY
  </select>
</sqlMap>