<?xml version="1.0" encoding="UTF-8"?>
<beans xmlns="http://www.springframework.org/schema/beans"
	xmlns:xsi="http://www.w3.org/2001/XMLSchema-instance" xmlns:aop="http://www.springframework.org/schema/aop"
	xsi:schemaLocation="http://www.springframework.org/schema/beans http://www.springframework.org/schema/beans/spring-beans-3.0.xsd">
	
	<bean id="DOPPaymentSvc"
		class="com.tcs.dop.server.daosvc.payment.DOPPaymentSvcImpl">
	</bean>
	<!--<bean id="SpeedPostSvc"
		class="com.tcs.dop.server.daosvc.speedpost.SpeedPostSvcImpl">
	</bean>
	<bean id="PLISvc"
		class="com.tcs.dop.server.daosvc.pli.PLISvcImpl">
	</bean>
	-->
	<bean id="ExpressParcelSvc"
		class="com.tcs.dop.server.svcimpl.aab.exprparcel.ExpressParcelSvcImpl">
	</bean>
	<bean id="RegPostSvc"
		class="com.tcs.dop.server.svcimpl.aab.regpost.RegPostSvcImpl">
	</bean>
	<bean id="ParcelSvc"
		class="com.tcs.dop.server.svcimpl.aab.parcel.ParcelSvcImpl">
	</bean>
	<bean id="AddrSearchSvc"
		class="com.tcs.dop.server.svcimpl.aab.addrsearch.AddrSearchSvcImpl">
	</bean>
	<bean id="CompareSearchSvc"
		class="com.tcs.dop.server.svcimpl.aab.comparesearch.CompareSearchSvcImpl">
	</bean>
	<bean id="TrackingNumGenerationSvc"
		class="com.tcs.dop.server.svcimpl.aab.tracking.TrackingNumGenerationSvcImpl">
	</bean>
	<bean id="AdditionalServiceSvc"
		class="com.tcs.dop.server.svcimpl.aab.additionalsvc.AdditionalServiceSvcImpl">
	</bean>
	<bean id="DoPBarcodeGenSvc"
		class="com.tcs.dop.server.svcimpl.aab.barcodegen.DoPBarcodeGenSvcImpl">
	</bean>
	<bean id="DoPRefNumGenerationSvc"
		class="com.tcs.dop.server.svcimpl.aab.refnumgen.DoPRefNumGenerationSvcImpl">
	</bean>
	<bean id="CityPincodeSearch"
		class="com.tcs.dop.server.svcimpl.aab.citypinsearch.CityPincodeSearchImpl">
	</bean>
	<!-- Added for third party services -->
	<bean id="BillerServicesSvc"
		class="com.tcs.dop.server.svcimpl.tps.billersvc.BillerServiceSvcImpl">
	</bean>
	<bean id="BillerInfoSearchSvc"
		class="com.tcs.dop.server.svcimpl.tps.billerinfosearchsvc.BillerInfoSearchSvcImpl">
	</bean>
	<bean id="BillerReceiptNoSvc"
		class="com.tcs.dop.server.svcimpl.tps.billerreceiptnogeneratorsvcimpl.BillerReceiptNoSvcImpl">
	</bean>
	<bean id="PostalPaymentSvc"
		class="com.tcs.dop.server.svcimpl.payment.postalPaymnet.PostalPaymentSvcImpl">
		</bean>
		<!-- Added by Varsha for IPO Sale Development -->
	<bean id="IPOSaleAndPaymentSvc"	class="com.tcs.dop.pos.server.mailops.iposale.svcimpl.IPOSaleAndPaymentSvcImpl" />	
	<!-- Added by Subhajit for Money Order -->
	<bean id="MoneyOrderSvc"
		class="com.tcs.pos.server.serviceimpl.moneyorder.MoneyOrderSvcImpl">
	</bean>
	<!-- Added by Aniruddha for EIOD -->
	<bean id="EiodSvc"
		class="com.tcs.pos.server.serviceimpl.eiod.EiodSvcImpl">
	</bean>
	<!-- Added by Aniruddha for E-Post -->
	<bean id="EPostSvc"
		class="com.tcs.pos.server.serviceimpl.epost.EPostSvcImpl">
	</bean>
	<!-- Added by Aniruddha for Frequently used address -->
	<bean id="FrqntlyUsedAddSvc"
		class="com.tcs.pos.server.serviceimpl.frqntlyusedadd.FrqntlyUsedAddSvcImpl">
	</bean>
	<!-- Added by Aniruddha for Transaction Log -->
	<bean id="TransactionLogSvc"
		class="com.tcs.pos.server.serviceimpl.tlog.TransactionLogSvcImpl">
	</bean>
	<!-- Added by sneha for B-Post -->
	<bean id="BusinessPostSvc"	class="com.tcs.dop.server.daosvcimpl.bpost.BusinessPostSvcImpl"/>	
	<!-- Added by Rumpa for DirectPost -->
	<bean id="DirectPostSvc" class="com.tcs.dop.pos.server.daosvc.directpost.DirectPostSvcImpl" />
	<!-- Added by 591494 for Speed Post -->
	<bean id="SpeedPostSvc" class="com.tcs.dop.server.daosvc.speedpost.SpeedPostSvcImpl" />
	
	<!-- Added by Rumpa for InternationalSpeedPost -->
	<bean id="InternationalSpeedPostSvc" class="com.tcs.dop.pos.server.daosvc.internationalspeedpost.InternationalSpeedPostSvcImpl" />
	
	<!-- Added by Dona for BillMail -->
	<bean id="BillMailSvc" class="com.tcs.pos.server.daosvc.billmail.BillMailSvcImpl" />
	<!-- Added by Dona for Value Payable Post  -->
	<bean id="ValuePayablePostSvc" class="com.tcs.dop.pos.server.mailops.valuepayablepost.svcimpl.ValuePayablePostSvcImpl" />
	<!-- Added by Subhajit for Bulk Regd Post -->
	<bean id="BulkRegdPostSvc" class="com.tcs.dop.server.daosvc.bulk.registeredpost.BulkRegdPostSvcImpl" />
		<!-- Added for Invoice -->
		<bean id="InvoiceSvc"
		class="com.tcs.pos.server.daosvc.invoice.sales.InvoiceSvcImpl">
		</bean>
		<!-- Added for Misc Service Sale Svc  -->
		<bean id="MiscServiceSaleSvc"
		class="com.tcs.dop.pos.server.miscservicesale.svcimpl.MiscServiceSaleSvcImpl">
		</bean>
		<!-- Added by Rumpa for FirstClassMail -->
		<bean id="FirstClassMailSvc"
		class="com.tcs.dop.server.daosvc.firstclassmail.FirstClassMailSvcImpl">	
		</bean>
		<bean id="InternationalPostTemplateSvc"
		class="com.tcs.dop.server.daosvc.aabtemplate.intlspeedpost.InternationalPostTemplateSvcImpl">	
		</bean>
		<bean id="InternationalPacelTemplateSvc"
		class="com.tcs.dop.server.daosvc.aabtemplate.intlparcel.InternationalParcelTemplateSvcImpl">	
		</bean>
		<bean id="ParcelTemplateSvc"
		class="com.tcs.dop.server.daosvc.aabtemplate.parceltemplate.ParcelTemplateSvcImpl">	
		</bean>
		<bean id="PremiumPostTemplateSvc"
		class="com.tcs.dop.server.daosvc.aabtemplate.premiumposttemplate.PremiumPostTemplateSvcImpl">	
		</bean>
		<bean id="TaxCalculationSvc"
		class="com.tcs.dop.server.daosvc.taxcalc.TaxCalculationSvcImpl">	
		</bean>
		<!-- Added by Varsha -->
		<bean id="AabServicesSvc"
		class="com.tcs.dop.server.daosvc.aabservices.AabServicesSvcImpl">	
		</bean>
		<bean id="PostalServiceChargeSvc"	
		class="com.tcs.postal.servicecharge.svcimpl.PostalServiceChargeSvcImpl">
		</bean>
		<bean id="IntlCountrySvc"	
		class="com.tcs.dop.common.international.svcimpl.intlcountry.IntlCountrySvcImpl">
		</bean>
		<bean id="IntlChargeSvc"	
		class="com.tcs.dop.common.international.svcimpl.intlcharge.IntlChargeSvcImpl">
		</bean>
		<bean id="InternationalMoneyOrderSvc"	
		class="com.tcs.dop.pos.server.moneyremittance.internationalmoneyorder.svcimpl.InternationalMoneyOrderSvcImpl">
		</bean>
		<bean id="LanguageSelectionService"	
		class="com.tcs.dop.common.svc.common.language.LanguageSelectionServiceImpl">
		</bean>
		<bean id="InternationalAddlService"	
		class="com.tcs.dop.common.international.svcimpl.additionalservice.InternationalAddlServiceImpl">
		</bean>
		<bean id="MiscServicesSvc"	
		class="com.tcs.dop.server.daosvc.miscservices.MiscServicesSvcImpl">
		</bean>
		<bean id="ComparenBookSvc"	
		class="com.tcs.dop.server.daosvc.comparenbook.ComparenBookSvcImpl">
		</bean>
		<bean id="FSIintegrationSvc"	
		class="com.tcs.dop.server.daosvc.fsiintegration.FSIintegrationSvcImpl">
		</bean>
		<bean id="PartnerServicesSvc"	
		class="com.tcs.dop.server.daosvc.partnerservices.PartnerServicesSvcImpl">
		</bean>
		<!--<bean id="WorkHourSvc"	
		class="com.tcs.pos.dop.server.daosvcimpl.latefee.WorkHourSvcImpl">
		</bean>
		-->
		<bean id="FrankingMachineSvc"	
		class="com.tcs.dop.pos.server.frankingmachine.svcimpl.FrankingMachineSvcImpl">
		</bean>
		<bean id="BulkPostSvc"	
		class="com.tcs.pos.server.daosvc.bulkpost.BulkPostSvcImpl">
		</bean>
		<bean id="ArticleNoSvc"	
		class="com.tcs.dop.server.daosvc.articleno.ArticleNoSvcImpl">
		</bean>
	<bean id="DopPinLookUpSvc"
		class="com.tcs.dop.server.svcimpl.pinsearch.DopPinLookUpSvcImpl">
	</bean>
	<bean id="FreqAddressSvc"
		class="com.tcs.dop.server.svcimpl.freqaddress.FreqAddressSvcImpl">
	</bean>
	<bean id="PortalInductionSvc"
		class="com.tcs.dop.pos.server.svcimpl.portalinductionsvcimpl.PortalInductionSvcImpl">
	</bean>
	<!-- Added by 594802 for CancelTransaction -->
	<bean id="CancelTransactionsSvc"
		class="com.tcs.dop.service.canceltransactions.CancelTransactionsSvcImpl">
	</bean>
	<!-- Added by Dona for Report -->
	<bean id="TillWiseReportSvc"
		class="com.tcs.dop.pos.counter.report.service.TillWiseReportSvcImpl">
	</bean>
	<bean id="RebookSvc"
		class="com.tcs.dop.pos.server.moneyremittance.internationalmoneyorder.svcimpl.RebookSvcImpl">
	</bean>
	<!-- Added by Srijib(729248) for Philately -->
	<bean id="PhilatelySvc" class="com.tcs.pos.server.daosvc.philately.PhilatelySvcImpl" />
	<bean id="WorldNetExpressSvc"
		class="com.tcs.pos.server.daosvc.worldnetexpress.WorldNetExpressSvcImpl">
	</bean>
	<!-- Added by 756159 for NPS -->
	<bean id="NPSSvc" 
	class="com.tcs.dop.server.daosvc.NPS.NPSSvcImpl">
	</bean>
	<bean id="ManualAndFormSvc" class="com.tcs.pos.server.daosvc.manualandform.ManualAndFormSvcImpl" />
	
	<bean id="AdvanceInvoiceSvc"
		class="com.tcs.dop.server.daosvc.advanceinvoice.AdvanceInvoiceSvcImpl">
	</bean>
	
	<bean id="AdvanceInvoiceOrchestration"
		class="com.tcs.dop.common.svc.advanceinvoice.AdvanceInvoiceOrchestration.AdvanceInvoiceOrchestrationImpl">
	</bean>
	
	<bean id="AckPrintSvc"
		class="com.tcs.pos.server.daosvc.ackprint.AckPrintSvcImpl">
	</bean>
	
	
	
</beans>




