<?xml version="1.0" encoding="UTF-8" ?>
<!DOCTYPE sqlMap PUBLIC "-//ibatis.apache.org//DTD SQL Map 2.0//EN" "http://ibatis.apache.org/dtd/sql-map-2.dtd" >
<sqlMap namespace="POSTAL_ADDITIONAL_SERVICE_MASTER" >
  <resultMap id="abatorgenerated_PostalAdditionalServiceMasterResult" class="com.tcs.postal.common.data.mail.PostalAdditionalServiceMaster" >
    <!--
      WARNING - This element is automatically generated by Abator for iBATIS, do not modify.
      This element was generated on Mon Sep 23 18:59:14 IST 2013.
    -->
    <result column="ADDL_SERVICE_ID" property="addlServiceId" jdbcType="VARCHAR" />
    <result column="ADDL_SERVICE_NAME" property="addlServiceName" jdbcType="VARCHAR" />
    <result column="ADDL_SERVICE_CHARGE" property="addlServiceCharge" jdbcType="DOUBLE" />
    <result column="CREATED_BY" property="createdBy" jdbcType="VARCHAR" />
    <result column="CREATED_ON" property="createdOn" jdbcType="TIMESTAMP" />
    <result column="MODIFIED_BY" property="modifiedBy" jdbcType="VARCHAR" />
    <result column="MODIFIED_ON" property="modifiedOn" jdbcType="TIMESTAMP" />
  </resultMap>
  <!-- Added by 560324 -->
  <resultMap id="abatorgenerated_PostalAdditionalServiceMasterResultForADDLSERVICENAME" class="com.tcs.postal.common.data.mail.PostalAdditionalServiceMaster" >
    <!--
      WARNING - This element is automatically generated by Abator for iBATIS, do not modify.
      This element was generated on Mon Sep 23 18:59:14 IST 2013.
    -->
   
   <result column="ADDL_SERVICE_ID" property="addlServiceId" jdbcType="VARCHAR" />
    <result column="ADDL_SERVICE_NAME" property="addlServiceName" jdbcType="VARCHAR" />
    <result column="ADDL_SERVICE_CHARGE" property="addlServiceCharge" jdbcType="DOUBLE" />
    
  </resultMap>
  <select id="abatorgenerated_selectByPrimaryKey" resultMap="abatorgenerated_PostalAdditionalServiceMasterResult" parameterClass="com.tcs.postal.common.data.mail.PostalAdditionalServiceMaster" >
    <!--
      WARNING - This element is automatically generated by Abator for iBATIS, do not modify.
      This element was generated on Mon Sep 23 18:59:14 IST 2013.
    -->
    select ADDL_SERVICE_ID, ADDL_SERVICE_NAME, ADDL_SERVICE_CHARGE, CREATED_BY, CREATED_ON,
      MODIFIED_BY, MODIFIED_ON
    from POSTAL_ADDITIONAL_SERVICE_MASTER
    where ADDL_SERVICE_ID = #addlServiceId:VARCHAR# FOR READ ONLY
  </select>
  <!-- Added by 560324 -->
  <select id="getAdditionalServicesNames" resultMap="abatorgenerated_PostalAdditionalServiceMasterResultForADDLSERVICENAME" parameterClass="com.tcs.postal.common.data.mail.PostalAdditionalServiceMaster" >
    <!--
      WARNING - This element is automatically generated by Abator for iBATIS, do not modify.
      This element was generated on Mon Sep 23 18:59:14 IST 2013.
    -->
   select ADDL_SERVICE_ID , ADDL_SERVICE_NAME , ADDL_SERVICE_CHARGE
    from POSTAL_ADDITIONAL_SERVICE_MASTER FOR READ ONLY 
   
  </select>
  <delete id="abatorgenerated_deleteByPrimaryKey" parameterClass="com.tcs.postal.common.data.mail.PostalAdditionalServiceMaster" >
    <!--
      WARNING - This element is automatically generated by Abator for iBATIS, do not modify.
      This element was generated on Mon Sep 23 18:59:14 IST 2013.
    -->
    delete from POSTAL_ADDITIONAL_SERVICE_MASTER
    where ADDL_SERVICE_ID = #addlServiceId:VARCHAR#
  </delete>
  <insert id="abatorgenerated_insert" parameterClass="com.tcs.postal.common.data.mail.PostalAdditionalServiceMaster" >
    <!--
      WARNING - This element is automatically generated by Abator for iBATIS, do not modify.
      This element was generated on Mon Sep 23 18:59:14 IST 2013.
    -->
    insert into POSTAL_ADDITIONAL_SERVICE_MASTER (ADDL_SERVICE_ID, ADDL_SERVICE_NAME,
      ADDL_SERVICE_CHARGE, CREATED_BY, CREATED_ON, MODIFIED_BY, MODIFIED_ON)
    values (#addlServiceId:VARCHAR#, #addlServiceName:VARCHAR#, #addlServiceCharge:DOUBLE#,
      #createdBy:VARCHAR#, getdate(), #modifiedBy:VARCHAR#, getdate())
  </insert>
  <update id="abatorgenerated_updateByPrimaryKey" parameterClass="com.tcs.postal.common.data.mail.PostalAdditionalServiceMaster" >
    <!--
      WARNING - This element is automatically generated by Abator for iBATIS, do not modify.
      This element was generated on Mon Sep 23 18:59:14 IST 2013.
    -->
    update POSTAL_ADDITIONAL_SERVICE_MASTER
    set ADDL_SERVICE_NAME = #addlServiceName:VARCHAR#,
      ADDL_SERVICE_CHARGE = #addlServiceCharge:DOUBLE#,
      CREATED_BY = #createdBy:VARCHAR#,
      CREATED_ON = getdate(),
      MODIFIED_BY = #modifiedBy:VARCHAR#,
      MODIFIED_ON = getdate()
    where ADDL_SERVICE_ID = #addlServiceId:VARCHAR#
  </update>
  <update id="abatorgenerated_updateByPrimaryKeySelective" parameterClass="com.tcs.postal.common.data.mail.PostalAdditionalServiceMaster" >
    <!--
      WARNING - This element is automatically generated by Abator for iBATIS, do not modify.
      This element was generated on Mon Sep 23 18:59:14 IST 2013.
    -->
    update POSTAL_ADDITIONAL_SERVICE_MASTER
    <dynamic prepend="set" >
      <isNotNull prepend="," property="addlServiceName" >
        ADDL_SERVICE_NAME = #addlServiceName:VARCHAR#
      </isNotNull>
      <isNotNull prepend="," property="addlServiceCharge" >
        ADDL_SERVICE_CHARGE = #addlServiceCharge:DOUBLE#
      </isNotNull>
      <isNotNull prepend="," property="createdBy" >
        CREATED_BY = #createdBy:VARCHAR#
      </isNotNull>
      <isNotNull prepend="," property="createdOn" >
        CREATED_ON = getdate()
      </isNotNull>
      <isNotNull prepend="," property="modifiedBy" >
        MODIFIED_BY = #modifiedBy:VARCHAR#
      </isNotNull>
      <isNotNull prepend="," property="modifiedOn" >
        MODIFIED_ON = getdate()
      </isNotNull>
    </dynamic>
    where ADDL_SERVICE_ID = #addlServiceId:VARCHAR#
  </update>
</sqlMap>