<?xml version="1.0" encoding="UTF-8" ?>
<!DOCTYPE sqlMap PUBLIC "-//ibatis.apache.org//DTD SQL Map 2.0//EN" "http://ibatis.apache.org/dtd/sql-map-2.dtd" >
<sqlMap namespace="DOP_CASH_APPROVAL" >
  <resultMap id="abatorgenerated_DopCashApprovalResult" class="com.tcs.pos.common.data.others.cashpickup.DopCashApproval" >
    <!--
      WARNING - This element is automatically generated by Abator for iBATIS, do not modify.
      This element was generated on Thu Feb 27 15:56:37 GMT+05:30 2014.
    -->
    <result column="CASH_PICKUP_SEQUENCE_ID" property="cashPickupSequenceId" jdbcType="BIGINT" />
    <result column="FORMAT_ID" property="formatId" jdbcType="VARCHAR" />
    <result column="STORE_ID" property="storeId" jdbcType="VARCHAR" />
    <result column="PICKUP_DATE" property="pickupDate" jdbcType="DATE" />
    <result column="TILL_CASH_PICKUP_TIME" property="tillCashPickupTime" jdbcType="TIME" />
    <result column="AMOUNT" property="amount" jdbcType="DOUBLE" />
    <result column="CREATED_BY" property="createdBy" jdbcType="VARCHAR" />
    <result column="CREATED_ON" property="createdOn" jdbcType="TIMESTAMP" />
    <result column="MODIFIED_BY" property="modifiedBy" jdbcType="VARCHAR" />
    <result column="MODIFIED_ON" property="modifiedOn" jdbcType="TIMESTAMP" />
    <result column="PO_CASH_PICKUP_TIME" property="poCashPickupTime" jdbcType="TIME" />
    <result column="ACCEPTANCE_FLAG" property="acceptanceFlag" jdbcType="VARCHAR" />
    <result column="ACCEPTANCE_COMMENT" property="acceptanceComment" jdbcType="VARCHAR" />
    <result column="ACTION_TYPE" property="actionType" jdbcType="CHAR" />
    <result column="MONEY_TRANSFER_ID" property="moneyTransferId" jdbcType="INTEGER" />
    <result column="INVOICE_NO" property="invoiceNo" jdbcType="VARCHAR" />
    <result column="TILL_NO" property="tillNo" jdbcType="INTEGER" />
    <result column="TRANSFERRED_TO" property="transferredTo" jdbcType="CHAR" />
    <result column="TRANSFERRED_TO_USER_ID" property="transferredToUserId" jdbcType="VARCHAR" />
    <result column="TRANSFERRED_FROM_SHIFT_NO" property="transferFromShiftNo" jdbcType="VARCHAR" />
    <result column="ACCEPTED_TO_SHIFT_NO" property="acceptedToShiftNo" jdbcType="VARCHAR" />
    <result column="INTL_MONEY_TRANSFER_ID" property="intlMoneyTransferId" jdbcType="INTEGER" />
    <result column="ITEM_CODE" property="itemCode" jdbcType="VARCHAR" />
    <result column="PREFIX" property="prefix" jdbcType="VARCHAR" />
    <result column="SERIAL_NO" property="serialNo" jdbcType="BIGINT" />
    <result column="SALE_PRICE" property="salePrice" jdbcType="DOUBLE" />
    <result column="QUANTITY" property="quantity" jdbcType="INTEGER" />
  </resultMap>
  
  <resultMap id="abatorgenerated_DopCashApprovalResultNew" class="com.tcs.pos.common.data.others.cashpickup.DopCashApproval" >
    <result column="AMOUNT" property="amount" jdbcType="DOUBLE" />
    <result column="TRANSFERRED_TO" property="transferredTo" jdbcType="CHAR" />
    <result column="ACCEPTANCE_FLAG" property="acceptanceFlag" jdbcType="VARCHAR" />
    <result column="ACTION_TYPE" property="actionType" jdbcType="CHAR" />
  </resultMap>
  
  <resultMap id="abatorgenerated_DopCashApprovalResultForWA" class="com.tcs.pos.common.data.others.cashpickup.DopCashApproval" >
    <result column="AMOUNT" property="amount" jdbcType="DOUBLE" />
    <result column="CASH_PICKUP_SEQUENCE_ID" property="cashPickupSequenceId" jdbcType="BIGINT" />
    <result column="ITEM_CODE" property="itemCode" jdbcType="VARCHAR" />
    <result column="PREFIX" property="prefix" jdbcType="VARCHAR" />
    <result column="SERIAL_NO" property="serialNo" jdbcType="BIGINT" />
    <result column="TRANSFERRED_TO" property="transferredTo" jdbcType="CHAR" />
    <result column="ACTION_TYPE" property="actionType" jdbcType="CHAR" />
    <result column="TRANSFERRED_TO_USER_ID" property="transferredToUserId" jdbcType="VARCHAR" />
    <result column="CREATED_BY" property="createdBy" jdbcType="VARCHAR" />
    <result column="QUANTITY" property="quantity" jdbcType="INTEGER" />
    <result column="SALE_PRICE" property="salePrice" jdbcType="DOUBLE" />
   </resultMap>
   
  <resultMap id="getCashTransferredStock" class="com.tcs.pos.common.data.others.cashpickup.DopCashApproval" >
    <result column="AMOUNT" property="amount" jdbcType="DOUBLE" />
    <result column="QUANTITY" property="quantity" jdbcType="INTEGER" />
    <result column="DENOM_VALUE" property="denomVal" jdbcType="DOUBLE" />
  </resultMap>
  
  <resultMap id="abatorgenerated_DopCashApprovalResultForCashAccepted" class="com.tcs.pos.common.data.others.cashpickup.DopCashApproval" >  
    <result column="AMOUNT" property="amount" jdbcType="DOUBLE" /> 
  </resultMap>
  
   <resultMap id="getAllotedStampDetails" class="com.tcs.pos.common.data.others.cashpickup.DopCashApproval" >
   <result column="CASH_PICKUP_SEQUENCE_ID" property="cashPickupSequenceId" jdbcType="BIGINT" />
    <result column="QUANTITY" property="quantity" jdbcType="INTEGER" />
  </resultMap>
  
  <resultMap id="abatorgenerated_getAllRequestsOrTransfers" class="com.tcs.pos.common.data.others.cashpickup.DopCashApproval" extends="DOP_CASH_APPROVAL.abatorgenerated_DopCashApprovalResult" >
    <result column="DENOM_VALUE" property="denomVal" jdbcType="DOUBLE" />
  </resultMap>
  
   <resultMap id="rejectedAlloc" class="com.tcs.pos.common.data.others.cashpickup.DopCashApproval" extends="DOP_CASH_APPROVAL.abatorgenerated_DopCashApprovalResult" >
    <result column="ACTION_TYPE_DESCRIPTION" property="actionTypeDesc" jdbcType="VARCHAR" />
    <result column="CATEGORY_DESCRIPTION" property="categoryDescription" jdbcType="VARCHAR" />
    <result column="CATEGORY_ID" property="categoryId" jdbcType="VARCHAR" />
    <result column="SHORT_DESC" property="shortDesc" jdbcType="VARCHAR" />
  </resultMap>
  
  <select id="abatorgenerated_selectByPrimaryKey" resultMap="abatorgenerated_DopCashApprovalResult" parameterClass="com.tcs.pos.common.data.others.cashpickup.DopCashApprovalKey" >
    <!--
      WARNING - This element is automatically generated by Abator for iBATIS, do not modify.
      This element was generated on Thu Feb 27 15:56:37 GMT+05:30 2014.
    -->
    select CASH_PICKUP_SEQUENCE_ID, FORMAT_ID, STORE_ID, PICKUP_DATE, TILL_CASH_PICKUP_TIME, AMOUNT,
      CREATED_BY, CREATED_ON, MODIFIED_BY, MODIFIED_ON, PO_CASH_PICKUP_TIME, ACCEPTANCE_FLAG,
      ACCEPTANCE_COMMENT, ACTION_TYPE, MONEY_TRANSFER_ID, INVOICE_NO, TILL_NO, TRANSFERRED_TO,
      TRANSFERRED_TO_USER_ID, TRANSFERRED_FROM_SHIFT_NO, ACCEPTED_TO_SHIFT_NO,
      INTL_MONEY_TRANSFER_ID,ITEM_CODE,PREFIX,SERIAL_NO,SALE_PRICE,QUANTITY
    from DOP_CASH_APPROVAL
    where CASH_PICKUP_SEQUENCE_ID = #cashPickupSequenceId:BIGINT#
      and FORMAT_ID = #formatId:VARCHAR#
      and STORE_ID = #storeId:VARCHAR# FOR READ ONLY
  </select>
  
  <delete id="abatorgenerated_deleteByPrimaryKey" parameterClass="com.tcs.pos.common.data.others.cashpickup.DopCashApprovalKey" >
    <!--
      WARNING - This element is automatically generated by Abator for iBATIS, do not modify.
      This element was generated on Thu Feb 27 15:56:37 GMT+05:30 2014.
    -->
    delete from DOP_CASH_APPROVAL
    where CASH_PICKUP_SEQUENCE_ID = #cashPickupSequenceId:BIGINT#
      and FORMAT_ID = #formatId:VARCHAR#
      and STORE_ID = #storeId:VARCHAR#
  </delete>
  
  <insert id="abatorgenerated_insert" parameterClass="com.tcs.pos.common.data.others.cashpickup.DopCashApproval" >
    <!--
      WARNING - This element is automatically generated by Abator for iBATIS, do not modify.
      This element was generated on Thu Feb 27 15:56:37 GMT+05:30 2014.
    -->
    insert into DOP_CASH_APPROVAL (CASH_PICKUP_SEQUENCE_ID, FORMAT_ID, STORE_ID, PICKUP_DATE,
      TILL_CASH_PICKUP_TIME, AMOUNT, CREATED_BY, CREATED_ON, MODIFIED_BY, MODIFIED_ON,
      PO_CASH_PICKUP_TIME, ACCEPTANCE_FLAG, ACCEPTANCE_COMMENT, ACTION_TYPE, MONEY_TRANSFER_ID,
      INVOICE_NO, TILL_NO, TRANSFERRED_TO, TRANSFERRED_TO_USER_ID, TRANSFERRED_FROM_SHIFT_NO,
      ACCEPTED_TO_SHIFT_NO, INTL_MONEY_TRANSFER_ID, CASH_DENOMINATION_ID, QUANTITY, SALE_PRICE, 
      SERIAL_NO, PREFIX, ITEM_CODE,ADDL_VARCHAR_1,EXCESS_AMOUNT_PAID,ADDL_VARCHAR_4)
    values (#cashPickupSequenceId:BIGINT#, #formatId:VARCHAR#, #storeId:VARCHAR#, #pickupDate:DATE#,
      #tillCashPickupTime:TIME#, #amount:DOUBLE#, #createdBy:VARCHAR#, getdate(),
      #modifiedBy:VARCHAR#, getdate(), #poCashPickupTime:TIME#,
      #acceptanceFlag:VARCHAR#, #acceptanceComment:VARCHAR#, #actionType:CHAR#,
      #moneyTransferId:INTEGER#, #invoiceNo:VARCHAR#, #tillNo:INTEGER#, #transferredTo:CHAR#,
      #transferredToUserId:VARCHAR#, #transferFromShiftNo:VARCHAR#, #acceptedToShiftNo:VARCHAR#,
      #intlMoneyTransferId:INTEGER#,#cashDenominationId:INTEGER#,#quantity:INTEGER#,#salePrice:DOUBLE#,
      #serialNo:BIGINT#,#prefix:VARCHAR#,#itemCode:VARCHAR#,#poSaleId:BIGINT#,#excessAmountPaid:DOUBLE#,
      #addlVarchar4:VARCHAR#)
  </insert>
  
  <update id="abatorgenerated_updateByPrimaryKey" parameterClass="com.tcs.pos.common.data.others.cashpickup.DopCashApproval" >
    <!--
      WARNING - This element is automatically generated by Abator for iBATIS, do not modify.
      This element was generated on Thu Feb 27 15:56:37 GMT+05:30 2014.
    -->
    update DOP_CASH_APPROVAL
    set PICKUP_DATE = #pickupDate:DATE#,
      TILL_CASH_PICKUP_TIME = #tillCashPickupTime:TIME#,
      AMOUNT = #amount:DOUBLE#,
      CREATED_BY = #createdBy:VARCHAR#,
      CREATED_ON = getdate(),
      MODIFIED_BY = #modifiedBy:VARCHAR#,
      MODIFIED_ON = getdate(),
      PO_CASH_PICKUP_TIME = #poCashPickupTime:TIME#,
      ACCEPTANCE_FLAG = #acceptanceFlag:VARCHAR#,
      ACCEPTANCE_COMMENT = #acceptanceComment:VARCHAR#,
      ACTION_TYPE = #actionType:CHAR#,
      MONEY_TRANSFER_ID = #moneyTransferId:INTEGER#,
      INVOICE_NO = #invoiceNo:VARCHAR#,
      TILL_NO = #tillNo:INTEGER#,
      TRANSFERRED_TO = #transferredTo:CHAR#,
      TRANSFERRED_TO_USER_ID = #transferredToUserId:VARCHAR#,
      TRANSFERRED_FROM_SHIFT_NO = #transferFromShiftNo:VARCHAR#,
      ACCEPTED_TO_SHIFT_NO = #acceptedToShiftNo:VARCHAR#,
      INTL_MONEY_TRANSFER_ID = #intlMoneyTransferId:INTEGER#
    where CASH_PICKUP_SEQUENCE_ID = #cashPickupSequenceId:BIGINT#
      and FORMAT_ID = #formatId:VARCHAR#
      and STORE_ID = #storeId:VARCHAR#
  </update>
  
  <update id="abatorgenerated_updateByPrimaryKeySelective" parameterClass="com.tcs.pos.common.data.others.cashpickup.DopCashApproval" >
    <!--
      WARNING - This element is automatically generated by Abator for iBATIS, do not modify.
      This element was generated on Thu Feb 27 15:56:37 GMT+05:30 2014.
    -->
    update DOP_CASH_APPROVAL
    <dynamic prepend="set" >
      <isNotNull prepend="," property="pickupDate" >
        PICKUP_DATE = #pickupDate:DATE#
      </isNotNull>
      <isNotNull prepend="," property="tillCashPickupTime" >
        TILL_CASH_PICKUP_TIME = #tillCashPickupTime:TIME#
      </isNotNull>
      <isNotNull prepend="," property="amount" >
        AMOUNT = #amount:DOUBLE#
      </isNotNull>
      <isNotNull prepend="," property="createdBy" >
        CREATED_BY = #createdBy:VARCHAR#
      </isNotNull>
      <isNotNull prepend="," property="createdOn" >
        CREATED_ON = getdate()
      </isNotNull>
      <isNotNull prepend="," property="modifiedBy" >
        MODIFIED_BY = #modifiedBy:VARCHAR#
      </isNotNull>
      <isNotNull prepend="," property="modifiedOn" >
        MODIFIED_ON = getdate()
      </isNotNull>
      <isNotNull prepend="," property="poCashPickupTime" >
        PO_CASH_PICKUP_TIME = #poCashPickupTime:TIME#
      </isNotNull>
      <isNotNull prepend="," property="acceptanceFlag" >
        ACCEPTANCE_FLAG = #acceptanceFlag:VARCHAR#
      </isNotNull>
      <isNotNull prepend="," property="acceptanceComment" >
        ACCEPTANCE_COMMENT = #acceptanceComment:VARCHAR#
      </isNotNull>
      <isNotNull prepend="," property="actionType" >
        ACTION_TYPE = #actionType:CHAR#
      </isNotNull>
      <isNotNull prepend="," property="moneyTransferId" >
        MONEY_TRANSFER_ID = #moneyTransferId:INTEGER#
      </isNotNull>
      <isNotNull prepend="," property="invoiceNo" >
        INVOICE_NO = #invoiceNo:VARCHAR#
      </isNotNull>
      <isNotNull prepend="," property="tillNo" >
        TILL_NO = #tillNo:INTEGER#
      </isNotNull>
      <isNotNull prepend="," property="transferredTo" >
        TRANSFERRED_TO = #transferredTo:CHAR#
      </isNotNull>
      <isNotNull prepend="," property="transferredToUserId" >
        TRANSFERRED_TO_USER_ID = #transferredToUserId:VARCHAR#
      </isNotNull>
      <isNotNull prepend="," property="transferFromShiftNo" >
        TRANSFERRED_FROM_SHIFT_NO = #transferFromShiftNo:VARCHAR#
      </isNotNull>
      <isNotNull prepend="," property="acceptedToShiftNo" >
        ACCEPTED_TO_SHIFT_NO = #acceptedToShiftNo:VARCHAR#
      </isNotNull>
      <isNotNull prepend="," property="intlMoneyTransferId" >
        INTL_MONEY_TRANSFER_ID = #intlMoneyTransferId:INTEGER#
      </isNotNull>
    </dynamic>
    where CASH_PICKUP_SEQUENCE_ID = #cashPickupSequenceId:BIGINT#
      and FORMAT_ID = #formatId:VARCHAR#
      and STORE_ID = #storeId:VARCHAR#
  </update>
  
  <select id="abatorgenerated_selectMaxCashPickUpSeqId" resultClass="java.lang.Integer" parameterClass="com.tcs.pos.common.data.others.cashpickup.DopCashApproval">
    select top 1 CASH_PICKUP_SEQUENCE_ID
    from DOP_CASH_APPROVAL order by CASH_PICKUP_SEQUENCE_ID desc FOR READ ONLY
  </select>
  
  <select id="abatorgenerated_selectCashAccepted" resultClass="java.lang.Double" parameterClass="com.tcs.pos.common.data.others.cashpickup.DopCashApproval">
     select sum(AMOUNT) as AMOUNT from DOP_CASH_APPROVAL 
     where PICKUP_DATE = #pickupDate:DATE# 
       and ACCEPTANCE_FLAG = 'A'
       and ACTION_TYPE = 'C'
       and STORE_ID=#storeId# 
       and FORMAT_ID=#formatId# 
       and ADDL_VARCHAR_5 = #addlVarchar5:VARCHAR#
       and TRANSFERRED_TO = 'C' 
       and TRANSFERRED_TO_USER_ID = #transferredToUserId:VARCHAR# 
       and ACCEPTED_TO_SHIFT_NO = #acceptedToShiftNo:VARCHAR#FOR READ ONLY
   </select>
   
   <select id="abatorgenerated_selectCashTransferred" resultMap="abatorgenerated_DopCashApprovalResultNew" parameterClass="com.tcs.pos.common.data.others.cashpickup.DopCashApproval">
     select AMOUNT , TRANSFERRED_TO , ACCEPTANCE_FLAG, ACTION_TYPE from DOP_CASH_APPROVAL 
     where CREATED_BY = #createdBy:VARCHAR# and TRANSFERRED_FROM_SHIFT_NO=#transferFromShiftNo:VARCHAR#  
       and PICKUP_DATE = #pickupDate:DATE#  
       and (ACTION_TYPE = 'C' or ACTION_TYPE = 'Q' or ACTION_TYPE = 'D' or ACTION_TYPE = 'P' or ACTION_TYPE = 'Z')
       and STORE_ID=#storeId# 
       and TILL_NO = #tillNo:INTEGER# 
       and FORMAT_ID=#formatId# FOR READ ONLY
   </select>
   
   <select id="abatorgenerated_returnAcceptedData" resultMap="abatorgenerated_DopCashApprovalResult" parameterClass="com.tcs.pos.common.data.others.cashpickup.DopCashApproval">
     select * from DOP_CASH_APPROVAL 
     where TILL_NO=#tillNo:INTEGER# 
       and STORE_ID=#storeId:VARCHAR# 
       and FORMAT_ID= #formatId:VARCHAR# 
       and PICKUP_DATE= #pickupDate:DATE# 
       and TRANSFERRED_FROM_SHIFT_NO=#transferFromShiftNo:VARCHAR# 
       and ACTION_TYPE = 'S' and CREATED_BY = #createdBy:VARCHAR# FOR READ ONLY
   </select>
        
   <select id="abatorgenerated_selectMaxCashTransferred" resultClass="java.lang.Double" parameterClass="com.tcs.pos.common.data.others.cashpickup.DopCashApproval">
     select sum(AMOUNT - CASE WHEN EXCESS_AMOUNT_PAID IS NULL THEN 0.0 ELSE EXCESS_AMOUNT_PAID END) as AMOUNT from DOP_CASH_APPROVAL 
     where CREATED_BY = #createdBy:VARCHAR# 
       and TRANSFERRED_FROM_SHIFT_NO=#transferFromShiftNo:VARCHAR#  
       and PICKUP_DATE = #pickupDate:DATE# 
       and (ACCEPTANCE_FLAG = 'A' or ACCEPTANCE_FLAG = 'S')
       and ACTION_TYPE = 'C'
       and STORE_ID=#storeId:VARCHAR#
       and TILL_NO = #tillNo:INTEGER# 
       and FORMAT_ID=#formatId# FOR READ ONLY
   </select>
       
   <select id="abatorgenerated_selectMaxCashTransferredPending" resultClass="java.lang.Double" parameterClass="com.tcs.pos.common.data.others.cashpickup.DopCashApproval">
      select sum(AMOUNT) as AMOUNT from DOP_CASH_APPROVAL 
      where CREATED_BY = #createdBy:VARCHAR# 
        and TRANSFERRED_FROM_SHIFT_NO=#transferFromShiftNo:VARCHAR#  
        and PICKUP_DATE = #pickupDate:DATE# 
        and ACCEPTANCE_FLAG = 'S' 
        and ACTION_TYPE = 'C'
        and STORE_ID=#storeId:VARCHAR# 
        and TILL_NO = #tillNo:INTEGER# 
        and FORMAT_ID=#formatId# FOR READ ONLY
   </select>
         
   <select id="abatorgenerated_pendingRequests" resultClass="java.lang.Integer" parameterClass="com.tcs.pos.common.data.others.cashpickup.DopCashApproval">
     select count(*) from DOP_CASH_APPROVAL 
     where TILL_NO=#tillNo:INTEGER# 
     	and CREATED_BY = #createdBy:VARCHAR# 
     	and PICKUP_DATE= #pickupDate:DATE# 
     	and TRANSFERRED_FROM_SHIFT_NO=#transferFromShiftNo:INTEGER# 
     	and ACCEPTANCE_FLAG = 'S' 
     	and ACTION_TYPE = #actionType:CHAR# FOR READ ONLY
    </select>
                 
    <update id="processAcceptRejectOfCashFromOtherCounter" parameterClass="com.tcs.pos.common.data.others.cashpickup.DopCashApproval" >
   
	    update DOP_CASH_APPROVAL
	    <dynamic prepend="set" >
	      <isNotNull prepend="," property="pickupDate" >
	        PICKUP_DATE = #pickupDate:DATE#
	      </isNotNull>
	      <isNotNull prepend="," property="tillCashPickupTime" >
	        TILL_CASH_PICKUP_TIME = #tillCashPickupTime:TIME#
	      </isNotNull>
	      <isNotNull prepend="," property="amount" >
	        AMOUNT = #amount:DOUBLE#
	      </isNotNull>
	      <isNotNull prepend="," property="createdBy" >
	        CREATED_BY = #createdBy:VARCHAR#
	      </isNotNull>
	      <isNotNull prepend="," property="createdOn" >
	        CREATED_ON = getdate()
	      </isNotNull>
	      <isNotNull prepend="," property="modifiedBy" >
	        MODIFIED_BY = #modifiedBy:VARCHAR#
	      </isNotNull>
	      <isNotNull prepend="," property="modifiedOn" >
	        MODIFIED_ON = getdate()
	      </isNotNull>
	      <isNotNull prepend="," property="poCashPickupTime" >
	        PO_CASH_PICKUP_TIME = #poCashPickupTime:TIME#
	      </isNotNull>
	      <isNotNull prepend="," property="acceptanceFlag" >
	        ACCEPTANCE_FLAG = #acceptanceFlag:VARCHAR#
	      </isNotNull>
	      <isNotNull prepend="," property="acceptanceComment" >
	        ACCEPTANCE_COMMENT = #acceptanceComment:VARCHAR#
	      </isNotNull>
	      <isNotNull prepend="," property="actionType" >
	        ACTION_TYPE = #actionType:CHAR#
	      </isNotNull>
	      <isNotNull prepend="," property="moneyTransferId" >
	        MONEY_TRANSFER_ID = #moneyTransferId:INTEGER#
	      </isNotNull>
	      <isNotNull prepend="," property="invoiceNo" >
	        INVOICE_NO = #invoiceNo:VARCHAR#
	      </isNotNull>
	      <isNotNull prepend="," property="tillNo" >
	        TILL_NO = #tillNo:INTEGER#
	      </isNotNull>
	      <isNotNull prepend="," property="acceptedToShiftNo" >
	        ACCEPTED_TO_SHIFT_NO = #acceptedToShiftNo:VARCHAR#
	      </isNotNull>
	      <isNotNull prepend="," property="transferredTo" >
	        TRANSFERRED_TO = #transferredTo:CHAR#
	      </isNotNull>
	      <isNotNull prepend="," property="transferredToUserId" >
	        TRANSFERRED_TO_USER_ID = #transferredToUserId:VARCHAR#
	      </isNotNull>
	      <isNotNull prepend="," property="addlVarchar5" >
	        ADDL_VARCHAR_5 = #addlVarchar5:VARCHAR#
	      </isNotNull>
	    </dynamic>
	    where TRANSFERRED_TO_USER_ID = #transferredToUserId:VARCHAR#
	    and CASH_PICKUP_SEQUENCE_ID = #cashPickupSequenceId:BIGINT#
	      and ACCEPTANCE_FLAG = 'S'
   </update>
  
   <select id="fetchWorkAllocationFromOthers" resultMap="abatorgenerated_DopCashApprovalResultForWA" parameterClass="com.tcs.pos.common.data.others.cashpickup.DopCashApproval">
     select AMOUNT,
      	 CASH_PICKUP_SEQUENCE_ID,
      	 ITEM_CODE,
     	 PREFIX,
     	 SERIAL_NO,
     	 TRANSFERRED_TO,
     	 ACTION_TYPE,
     	 TRANSFERRED_TO_USER_ID,
     	 CREATED_BY,
     	 QUANTITY,
      	 SALE_PRICE
     from DOP_CASH_APPROVAL where 
      	 PICKUP_DATE= #pickupDate:DATE#  
      	 and  ACCEPTANCE_FLAG = 'S'  
      	 and TRANSFERRED_TO = 'C' 
      	 and TRANSFERRED_TO_USER_ID = #transferredToUserId:VARCHAR# FOR READ ONLY
   </select>

   <select id="abatorgenerated_selectOtherCounterCashTransferred" resultClass="java.lang.Double" parameterClass="com.tcs.pos.common.data.others.cashpickup.DopCashApproval">
      select sum(AMOUNT) as AMOUNT from DOP_CASH_APPROVAL 
      where PICKUP_DATE = #pickupDate:DATE# 
       and ACCEPTANCE_FLAG = 'A' 
       and ACTION_TYPE = 'C'
       and STORE_ID=#storeId:VARCHAR# 
       and FORMAT_ID=#formatId:VARCHAR# 
       and ADDL_VARCHAR_5 = #addlVarchar5:VARCHAR#
       and TRANSFERRED_TO_USER_ID = #transferredToUserId:VARCHAR# 
       and  ACCEPTED_TO_SHIFT_NO = #acceptedToShiftNo:VARCHAR# FOR READ ONLY
   </select>
         
   <select id="getStampQntyFromOtherCounter" resultClass="java.lang.Integer" parameterClass="com.tcs.pos.common.data.others.cashpickup.DopCashApproval">
  	 select sum(MONEY_TRANSFER_ID) as MONEY_TRANSFER_ID from DOP_CASH_APPROVAL 
  	 where ACCEPTANCE_FLAG = #acceptanceFlag:VARCHAR#
	  and ACTION_TYPE = #actionType:CHAR#	
	  and STORE_ID=#storeId# 
	  and FORMAT_ID=#formatId# 
	  and TRANSFERRED_TO = #transferredTo:CHAR#
	  and ITEM_CODE = #itemCode:VARCHAR#
	  and TRANSFERRED_TO_USER_ID = #transferredToUserId:VARCHAR# FOR READ ONLY
	</select> 
	
	<select id="getStampQntyTransferred" resultClass="java.lang.Integer" parameterClass="com.tcs.pos.common.data.others.cashpickup.DopCashApproval">
	  select sum(MONEY_TRANSFER_ID) as MONEY_TRANSFER_ID from DOP_CASH_APPROVAL 
	  where CREATED_BY = #createdBy:VARCHAR# 
	   and ACCEPTANCE_FLAG = #acceptanceFlag:VARCHAR# 
	   and ACTION_TYPE = #actionType:CHAR#	
	   and ITEM_CODE = #itemCode:VARCHAR#
	   and STORE_ID=#storeId# 
	   and FORMAT_ID=#formatId# FOR READ ONLY
	</select>  
	
	<select id="getIPOTransferred" resultClass="java.lang.Integer" parameterClass="com.tcs.pos.common.data.others.cashpickup.DopCashApproval">
	 SELECT sum(QUANTITY) FROM DOP_CASH_APPROVAL 
	 where SERIAL_NO = #serialNo:BIGINT#
      and ITEM_CODE = #itemCode:VARCHAR#
      and PREFIX = #prefix:VARCHAR#
      and QUANTITY &gt; 0  
	  and ACCEPTANCE_FLAG = #acceptanceFlag:VARCHAR# 
      and CREATED_BY = #createdBy:VARCHAR#
      and TRANSFERRED_TO=#transferredTo:CHAR#
      and ACTION_TYPE = #actionType:CHAR#
      and TRANSFERRED_TO_USER_ID != #transferredToUserId:VARCHAR# FOR READ ONLY
	</select>

    <select id="selectMaxCashPickUpSeqIdForMO" resultClass="java.lang.Integer" parameterClass="com.tcs.pos.common.data.others.cashpickup.DopCashApproval">
      select max(CASH_PICKUP_SEQUENCE_ID) as CASH_PICKUP_SEQUENCE_ID
      from DOP_CASH_APPROVAL FOR READ ONLY
    </select>
    
    <select id="getrejectedRequests" resultMap = "rejectedAlloc" parameterClass="com.tcs.pos.common.data.others.cashpickup.DopCashApproval">
      SELECT DISTINCT tab1.*, im.CATEGORY_DESCRIPTION, im.CATEGORY_ID, im.SHORT_DESC FROM
	 (SELECT dca.CASH_PICKUP_SEQUENCE_ID, dca.FORMAT_ID, dca.STORE_ID, dca.PICKUP_DATE, dca.TILL_CASH_PICKUP_TIME, dca.AMOUNT,
      dca.CREATED_BY, dca.CREATED_ON, dca.MODIFIED_BY, dca.MODIFIED_ON, dca.PO_CASH_PICKUP_TIME, dca.ACCEPTANCE_FLAG,
      dca.ACCEPTANCE_COMMENT, dca.ACTION_TYPE, dca.MONEY_TRANSFER_ID, dca.INVOICE_NO, dca.TILL_NO, dca.TRANSFERRED_TO,
      dca.TRANSFERRED_TO_USER_ID, dca.TRANSFERRED_FROM_SHIFT_NO, dca.ACCEPTED_TO_SHIFT_NO,
      dca.INTL_MONEY_TRANSFER_ID, dca.ITEM_CODE, dca.PREFIX ,dca.SERIAL_NO ,dca.SALE_PRICE ,dca.QUANTITY ,dcatm.ACTION_TYPE_DESCRIPTION
      from DOP_CASH_APPROVAL dca JOIN DOP_CASH_APPROVAL_ACTION_TYPE_MASTER dcatm ON dca.ACTION_TYPE = dcatm.ACTION_TYPE
      where dca.CREATED_BY = #createdBy:VARCHAR# 
       and dca.FORMAT_ID = #formatId:VARCHAR#
       and dca.STORE_ID = #storeId:VARCHAR#
       and dca.ACCEPTANCE_FLAG = #acceptanceFlag:VARCHAR#
       and dca.PICKUP_DATE= #pickupDate:DATE# 
	   and dca.TRANSFERRED_FROM_SHIFT_NO=#transferFromShiftNo:VARCHAR# 
	   and dca.TILL_NO = #tillNo:INTEGER#
	   and dca.ACTION_TYPE IN ('Z', 'P', 'G'))tab1 JOIN ITEM_MASTER im ON tab1.ITEM_CODE = im.ITEM_CODE

	 UNION ALL

	SELECT dca.CASH_PICKUP_SEQUENCE_ID, dca.FORMAT_ID, dca.STORE_ID, dca.PICKUP_DATE, dca.TILL_CASH_PICKUP_TIME, dca.AMOUNT,
      dca.CREATED_BY, dca.CREATED_ON, dca.MODIFIED_BY, dca.MODIFIED_ON, dca.PO_CASH_PICKUP_TIME, dca.ACCEPTANCE_FLAG,
      dca.ACCEPTANCE_COMMENT, dca.ACTION_TYPE, dca.MONEY_TRANSFER_ID, dca.INVOICE_NO, dca.TILL_NO, dca.TRANSFERRED_TO,
      dca.TRANSFERRED_TO_USER_ID, dca.TRANSFERRED_FROM_SHIFT_NO, dca.ACCEPTED_TO_SHIFT_NO,
      dca.INTL_MONEY_TRANSFER_ID, dca.ITEM_CODE, dca.PREFIX, dca.SERIAL_NO, dca.SALE_PRICE, dca.QUANTITY, dcatm.ACTION_TYPE_DESCRIPTION, 
      CATEGORY_DESCRIPTION = NULL, CATEGORY_ID = NULL, SHORT_DESC = NULL
      from DOP_CASH_APPROVAL dca JOIN DOP_CASH_APPROVAL_ACTION_TYPE_MASTER dcatm ON dca.ACTION_TYPE = dcatm.ACTION_TYPE
      where dca.CREATED_BY = #createdBy:VARCHAR# 
       and dca.FORMAT_ID = #formatId:VARCHAR#
       and dca.STORE_ID = #storeId:VARCHAR#
       and dca.ACCEPTANCE_FLAG = #acceptanceFlag:VARCHAR#
       and dca.PICKUP_DATE= #pickupDate:DATE# 
	   and dca.TRANSFERRED_FROM_SHIFT_NO=#transferFromShiftNo:VARCHAR# 
	   and dca.TILL_NO = #tillNo:INTEGER#
	   and dca.ACTION_TYPE IN ('C')

 	FOR READ ONLY
    </select>    
    
    <select id="getrejectedRequestsForChequeDD" resultMap = "rejectedAlloc" parameterClass="com.tcs.pos.common.data.others.cashpickup.DopCashApproval">
      select DISTINCT dca.CASH_PICKUP_SEQUENCE_ID, dca.FORMAT_ID, dca.STORE_ID, dca.PICKUP_DATE, dca.TILL_CASH_PICKUP_TIME, dca.AMOUNT,
      dca.CREATED_BY, dca.CREATED_ON, dca.MODIFIED_BY, dca.MODIFIED_ON, dca.PO_CASH_PICKUP_TIME, dca.ACCEPTANCE_FLAG,
      dca.ACCEPTANCE_COMMENT, dca.ACTION_TYPE, dca.MONEY_TRANSFER_ID, dca.INVOICE_NO, dca.TILL_NO, dca.TRANSFERRED_TO,
      dca.TRANSFERRED_TO_USER_ID, dca.TRANSFERRED_FROM_SHIFT_NO, dca.ACCEPTED_TO_SHIFT_NO,
      dca.INTL_MONEY_TRANSFER_ID, dca.ITEM_CODE, dca.PREFIX, dca.SERIAL_NO, dca.SALE_PRICE, dca.QUANTITY, dcatm.ACTION_TYPE_DESCRIPTION, 
      CATEGORY_DESCRIPTION = NULL, CATEGORY_ID = NULL, SHORT_DESC = NULL
      from DOP_CASH_APPROVAL dca JOIN DOP_CASH_APPROVAL_ACTION_TYPE_MASTER dcatm ON dca.ACTION_TYPE = dcatm.ACTION_TYPE
      where dca.CREATED_BY = #createdBy:VARCHAR# 
       and dca.FORMAT_ID = #formatId:VARCHAR#
       and dca.STORE_ID = #storeId:VARCHAR#
       and dca.ACCEPTANCE_FLAG = #acceptanceFlag:VARCHAR#
       and dca.PICKUP_DATE= #pickupDate:DATE# 
	   and dca.TRANSFERRED_FROM_SHIFT_NO=#transferFromShiftNo:VARCHAR# 
	   and dca.TILL_NO = #tillNo:INTEGER#
	   and dca.ACTION_TYPE IN ('Q', 'D')
	   FOR READ ONLY
    </select>       
    
    <update id="resetRequestChqDD" parameterClass="com.tcs.pos.common.data.others.cashpickup.DopCashApproval" >  
     update DOP_CASH_APPROVAL
     set  
       MODIFIED_BY = #modifiedBy:VARCHAR#,
       MODIFIED_ON = getdate(),      
       ACCEPTANCE_FLAG =#acceptanceFlag:VARCHAR#      
     where CREATED_BY = #createdBy:VARCHAR# 
       and FORMAT_ID = #formatId:VARCHAR#
       and STORE_ID = #storeId:VARCHAR#
       and PICKUP_DATE= #pickupDate:DATE# 
       and ACCEPTANCE_FLAG ='R'    
	   and CASH_PICKUP_SEQUENCE_ID = #cashPickupSequenceId:BIGINT#
    </update>
     
    <update id="updateRejRequests" parameterClass="com.tcs.pos.common.data.others.cashpickup.DopCashApproval" >  
     update DOP_CASH_APPROVAL
     set 
       AMOUNT = #amount:DOUBLE#,  
       MODIFIED_BY = #modifiedBy:VARCHAR#,      
       ACCEPTANCE_FLAG =#acceptanceFlag:VARCHAR#,
       TRANSFERRED_TO = #transferredTo:CHAR#,
       TRANSFERRED_TO_USER_ID = #transferredToUserId:VARCHAR#
     where CREATED_BY = #createdBy:VARCHAR# 
       and FORMAT_ID = #formatId:VARCHAR#
       and STORE_ID = #storeId:VARCHAR#
       and PICKUP_DATE= #pickupDate:DATE# 
       and ACCEPTANCE_FLAG ='R'    
	   and TRANSFERRED_FROM_SHIFT_NO=#transferFromShiftNo:VARCHAR# 
	   and TILL_NO = #tillNo:INTEGER# 
	   and CASH_PICKUP_SEQUENCE_ID = #cashPickupSequenceId:BIGINT#
    </update>
      
    <select id="isAccountSubmitted" resultClass="java.lang.Integer" parameterClass="com.tcs.pos.common.data.others.cashpickup.DopCashApproval"> 
      select count(*) from DOP_CASH_APPROVAL dca
      inner join LOGIN_REGISTER lr on dca.transferred_from_shift_no = lr.shift_no 
        and lr.USER_ID = dca.CREATED_BY 
        and lr.STORE_ID = dca.STORE_ID
     where dca.PICKUP_DATE=#pickupDate:DATE# 
        and dca.CREATED_BY=#createdBy:VARCHAR# 
   	 	and dca.TRANSFERRED_FROM_SHIFT_NO=#transferFromShiftNo:VARCHAR#
   		and dca.STORE_ID=#storeId:VARCHAR# 
   		and dca.FORMAT_ID=#formatId:VARCHAR# 
   		and dca.ACTION_TYPE='S' 
   	   and dca.TILL_NO=#tillNo:INTEGER# 
   		and (dca.ACCEPTANCE_FLAG='S' or dca.ACCEPTANCE_FLAG = 'A' )
   		and lr.LOGOUT_TIME is null
   		<!--  and lr.DAY_DATE=#pickupDate:DATE#  If required later, to be opened -->
   		FOR READ ONLY  
    </select>
    
    <select id="isAccAlreadySubmittedRejected" resultClass="java.lang.Integer" parameterClass="com.tcs.pos.common.data.others.cashpickup.DopCashApproval">
   	  select count(*) from DOP_CASH_APPROVAL 
      where PICKUP_DATE=#pickupDate:DATE# 
        and CREATED_BY=#createdBy:VARCHAR# 
        and TRANSFERRED_FROM_SHIFT_NO=#transferFromShiftNo:VARCHAR#
        and STORE_ID=#storeId:VARCHAR# 
        and FORMAT_ID=#formatId:VARCHAR# 
        and ACTION_TYPE='S' 
        and (ACCEPTANCE_FLAG='R' )
      FOR READ ONLY
    </select>
       
    <select id="getCashTransferred" resultClass="java.lang.Double" parameterClass="com.tcs.pos.common.data.others.cashpickup.DopCashApproval">
      select sum(AMOUNT - CASE WHEN EXCESS_AMOUNT_PAID IS NULL THEN 0.0 ELSE EXCESS_AMOUNT_PAID END) as AMOUNT from DOP_CASH_APPROVAL 
      where  CREATED_BY = #createdBy:VARCHAR# 
      	and TRANSFERRED_FROM_SHIFT_NO=#transferFromShiftNo:VARCHAR#  
      	and PICKUP_DATE = #pickupDate:DATE#  
        and ACTION_TYPE = 'C' 
        and TILL_NO = #tillNo:INTEGER# 
        and STORE_ID=#storeId# 
        and FORMAT_ID=#formatId# 
        and (ACCEPTANCE_FLAG ='A' or ACCEPTANCE_FLAG ='S')FOR READ ONLY
    </select>
         
   <update id="updateDopCashApprovalForMORebooking" parameterClass="com.tcs.pos.common.data.others.cashpickup.DopCashApproval" >
     update DOP_CASH_APPROVAL
     set ACCEPTANCE_FLAG = #acceptanceFlag:VARCHAR#,
       AMOUNT = #amount:DOUBLE#
     where ACTION_TYPE = 'M'
       and CREATED_BY = #createdBy:VARCHAR# 
       and FORMAT_ID = #formatId:VARCHAR#
       and STORE_ID = #storeId:VARCHAR#
       and TILL_NO = #tillNo:INTEGER#
       and INVOICE_NO = #invoiceNo:VARCHAR#
       and MONEY_TRANSFER_ID = #moneyTransferId:INTEGER#
   </update>
  
  <update id="updateDopCashApprovalForIntlMORebooking" parameterClass="com.tcs.pos.common.data.others.cashpickup.DopCashApproval" >
    update DOP_CASH_APPROVAL
    set ACCEPTANCE_FLAG = #acceptanceFlag:VARCHAR#,
      AMOUNT = #amount:DOUBLE#
    where ACTION_TYPE = 'M'
      and CREATED_BY = #createdBy:VARCHAR# 
      and FORMAT_ID = #formatId:VARCHAR#
      and STORE_ID = #storeId:VARCHAR#
      and TILL_NO = #tillNo:INTEGER#
      and INVOICE_NO = #invoiceNo:VARCHAR#
      and INTL_MONEY_TRANSFER_ID = #intlMoneyTransferId:INTEGER#
  </update>
  
   <select id="transferredChequeCount" resultClass="java.lang.Integer" parameterClass="com.tcs.pos.common.data.others.cashpickup.DopCashApproval"> 
   select count(*) from DOP_CASH_APPROVAL 
   where PICKUP_DATE=#pickupDate:DATE# 
    and CREATED_BY=#createdBy:VARCHAR# 
    and TRANSFERRED_FROM_SHIFT_NO=#transferFromShiftNo:VARCHAR#
    and STORE_ID=#storeId:VARCHAR# 
    and FORMAT_ID=#formatId:VARCHAR# 
    and ACTION_TYPE='Q' 
    and ACCEPTANCE_FLAG='A'
    FOR READ ONLY
   </select>
   
   <select id="transferredDDCount" resultClass="java.lang.Integer" parameterClass="com.tcs.pos.common.data.others.cashpickup.DopCashApproval"> 
   select count(*) from DOP_CASH_APPROVAL 
   where PICKUP_DATE=#pickupDate:DATE# 
    and CREATED_BY=#createdBy:VARCHAR# 
    and TRANSFERRED_FROM_SHIFT_NO=#transferFromShiftNo:VARCHAR#
    and STORE_ID=#storeId:VARCHAR# 
    and FORMAT_ID=#formatId:VARCHAR# 
    and ACTION_TYPE='Q' 
    and ACCEPTANCE_FLAG='A'
    FOR READ ONLY
   </select>   

   <select id="getTotalAccCash" resultClass="java.lang.Double" parameterClass="com.tcs.pos.common.data.others.cashpickup.DopCashApproval"> 
   select sum(AMOUNT) as AMOUNT  from DOP_CASH_APPROVAL 
   where PICKUP_DATE=#pickupDate:DATE# 
    and CREATED_BY=#createdBy:VARCHAR# 
    and ACCEPTED_TO_SHIFT_NO = #acceptedToShiftNo:VARCHAR#
    and STORE_ID=#storeId:VARCHAR# 
    and FORMAT_ID=#formatId:VARCHAR# 
    and ACTION_TYPE='C' 
    and ACCEPTANCE_FLAG='A'
    FOR READ ONLY
   </select>
   
   <select id="getacceptedIPOQuantity" resultClass = "java.lang.Integer" parameterClass="com.tcs.pos.common.data.others.cashpickup.DopCashApproval">  
    SELECT  sum(QUANTITY) FROM DOP_CASH_APPROVAL  where  
   	  SERIAL_NO = #serialNo:BIGINT#
      and ITEM_CODE = #itemCode:VARCHAR#
      and PREFIX = #prefix:VARCHAR#
      and QUANTITY &gt; 0  
	  and ACCEPTANCE_FLAG = #acceptanceFlag:VARCHAR#
      and TRANSFERRED_TO=#transferredTo:CHAR#
      and TRANSFERRED_TO_USER_ID = #transferredToUserId:VARCHAR#
      and ACTION_TYPE = #actionType:CHAR# FOR READ ONLY 
   </select> 
      
   <update id="updateDopCashApprovalForQtyAmount" parameterClass="com.tcs.pos.common.data.others.cashpickup.DopCashApproval" >
    update DOP_CASH_APPROVAL
    set 
      AMOUNT = #amount:DOUBLE#,
      QUANTITY = #quantity:INTEGER#
    where ACTION_TYPE = 'B'
      and CREATED_BY = #createdBy:VARCHAR# 
      and FORMAT_ID = #formatId:VARCHAR#
      and STORE_ID = #storeId:VARCHAR#
      and TILL_NO = #tillNo:INTEGER#
      and INVOICE_NO = #invoiceNo:VARCHAR#
      and CASH_PICKUP_SEQUENCE_ID = #cashPickupSequenceId:INTEGER#
   </update>
  
   <update id="updateCancelForMO" parameterClass="com.tcs.pos.common.data.others.cashpickup.DopCashApproval" >
    update DOP_CASH_APPROVAL
    set 
      ACCEPTANCE_FLAG = #acceptanceFlag:VARCHAR#
    where ACTION_TYPE = 'M'
      and INVOICE_NO = #invoiceNo:VARCHAR#
      and MONEY_TRANSFER_ID = #moneyTransferId:INTEGER#
   </update>
  
   <update id="updateCancelForIntlMO" parameterClass="com.tcs.pos.common.data.others.cashpickup.DopCashApproval" >
    update DOP_CASH_APPROVAL
    set 
      ACCEPTANCE_FLAG = #acceptanceFlag:VARCHAR#
    where ACTION_TYPE = 'M'
      and INVOICE_NO = #invoiceNo:VARCHAR#
      and INTL_MONEY_TRANSFER_ID = #intlMoneyTransferId:INTEGER#
   </update>
 
    <select id="getPendingApprovalItems" resultClass="java.lang.Integer" parameterClass="com.tcs.pos.common.data.others.cashpickup.DopCashApproval">
		SELECT SUM(COUNT) SUM_COUNT 
		  FROM
		    (
		  SELECT COUNT(1) COUNT
		    FROM
		    (SELECT distinct(pmt.MONEY_TRANSFER_ID) MONEY_TRANSFER_ID,
		    		pmt.INVOICE_NO    				
		            from 	POSTAL_MONEY_TRANSFER pmt join DOP_CASH_APPROVAL dca
		            on dca.INVOICE_NO = pmt.INVOICE_NO 
		            AND dca.MONEY_TRANSFER_ID=pmt.MONEY_TRANSFER_ID
		            where
		            dca.ACCEPTANCE_FLAG IN('S','B')
		            and pmt.IS_ARTICLE_VOID=0
		            and pmt.IS_REVERSED=0
			) t1
		    join INVOICE i on t1.invoice_no=i.SYS_INVOICE_NO where 
		    i.FORMAT_ID =#formatId:VARCHAR#
			and i.STORE_ID =#storeId:VARCHAR#
		    and i.STATUS='I'
		    and (i.BILL_VOID_FLG ='N' or i.BILL_VOID_FLG is null)
		    and (i.BILL_ON_HOLD_FLG='N' or i.BILL_ON_HOLD_FLG is null)
		    and i.SYS_INVOICE_NO=#invoiceNo:VARCHAR#    
		
			UNION ALL
		
		  SELECT COUNT(1) COUNT
		    FROM
		    (SELECT pimt.INTL_MONEY_TRANSFER_ID,
		    		pimt.INVOICE_NO    				
		            from POSTAL_INTL_MONEY_TRANSFER pimt JOIN DOP_CASH_APPROVAL dca
		            on dca.INVOICE_NO = pimt.INVOICE_NO 
		            AND dca.INTL_MONEY_TRANSFER_ID=pimt.INTL_MONEY_TRANSFER_ID
		            where
		            dca.ACCEPTANCE_FLAG IN ('S','B')
		            and pimt.IS_ARTICLE_VOID=0
		            and pimt.IS_REVERSED=0
			) t2
		    join INVOICE i on t2.INVOICE_NO=i.SYS_INVOICE_NO where 
		    i.FORMAT_ID =#formatId:VARCHAR#
			and i.STORE_ID =#storeId:VARCHAR#
		    and i.STATUS='I'
		    and (i.BILL_VOID_FLG ='N' or i.BILL_VOID_FLG is null)
		    and (i.BILL_ON_HOLD_FLG='N' or i.BILL_ON_HOLD_FLG is null)
		    and i.SYS_INVOICE_NO=#invoiceNo:VARCHAR# 	    

            UNION ALL
		
		    SELECT COUNT(1) COUNT
		    FROM
		    (SELECT pcd.SYS_INVOICE_NO    				
		            FROM POSTAL_CHEQUE_DISTRIBUTION pcd JOIN INVOICE i
                    ON pcd.SYS_INVOICE_NO= i.SYS_INVOICE_NO
		            WHERE 
                    pcd.STATUS ='Q'
                    and pcd.SYS_INVOICE_NO IN (Select i.SYS_INVOICE_NO from INVOICE i 
                    WHERE i.PARENT_INVOICE_NO=#invoiceNo:VARCHAR#
                    and i.FORMAT_ID =#formatId:VARCHAR#
			        and i.STORE_ID =#storeId:VARCHAR#
		            and i.STATUS='I'
		            and (i.BILL_VOID_FLG ='N' or i.BILL_VOID_FLG is null)
		            and (i.BILL_ON_HOLD_FLG='N' or i.BILL_ON_HOLD_FLG is null))		            
			) t3
          ) tbl    
		  FOR READ ONLY
	</select>
	
   <select id="fetchAllotedStampDetails" resultMap="getAllotedStampDetails" parameterClass="com.tcs.pos.common.data.others.cashpickup.DopCashApproval">
    select CASH_PICKUP_SEQUENCE_ID,QUANTITY from DOP_CASH_APPROVAL where 
    TRANSFERRED_TO_USER_ID = #transferredToUserId:VARCHAR#
     and ITEM_CODE = #itemCode:VARCHAR#
	 and ACCEPTANCE_FLAG = 'A' 
	 and TRANSFERRED_TO = 'C'
	 and ACTION_TYPE = 'P'	
   </select>
   
   <update id="updateDopCashApprovalForInventory" parameterClass="com.tcs.pos.common.data.others.cashpickup.DopCashApproval" >
     update DOP_CASH_APPROVAL
     set 
       QUANTITY = #quantity:INTEGER#
     where  CASH_PICKUP_SEQUENCE_ID = #cashPickupSequenceId:INTEGER#
   </update>
   
   <select id="iSPendingIPVSJob" resultClass="java.lang.Integer" parameterClass="com.tcs.pos.common.data.others.cashpickup.DopCashApproval">
	  select count(*) from IPVS_BAG_DETAILS 
	  where (BAG_MODIFIED_BY= #modifiedBy:VARCHAR# or BAG_CREATED_BY= #createdBy:VARCHAR#) 
	     AND (BAG_DISPOSITION_ID ='RO' or  BAG_ID is null)
   </select>
   <select id="stockReportOtherUserIPO" resultMap="abatorgenerated_DopCashApprovalResultForWA" parameterClass="com.tcs.pos.common.data.others.cashpickup.DopCashApproval">
      select dca.AMOUNT,
      	 dca.CASH_PICKUP_SEQUENCE_ID,
      	 dca.ITEM_CODE,
     	 dca.PREFIX,
     	 dca.SERIAL_NO,
     	 dca.TRANSFERRED_TO,
     	 dca.ACTION_TYPE,
     	 dca.TRANSFERRED_TO_USER_ID,
     	 dca.CREATED_BY,
     	 dca.QUANTITY,
      	 dca.SALE_PRICE
      from DOP_CASH_APPROVAL dca , ITEM_MASTER im where 
      	 dca.ACCEPTANCE_FLAG = 'A' 
      	 and dca.ITEM_CODE = im.ITEM_CODE 
      	 and dca.TRANSFERRED_TO = 'C' 
      	 and im.CATEGORY_ID = 'IPO' 
      	 and dca.TRANSFERRED_TO_USER_ID = #createdBy:VARCHAR#  FOR READ ONLY
   </select>
  
   <select id="isPOACSubmissionDone" resultClass="java.lang.Integer" parameterClass="com.tcs.pos.common.data.others.cashpickup.DopCashApproval">   
   		select count(*) from POSTAL_OFFICE_SUBMISSION 
   		where BUSINESS_DATE = #pickupDate:DATE# 
   		 and FORMAT_ID = #formatId:VARCHAR#
         and STORE_ID = #storeId:VARCHAR#
   	    FOR READ ONLY
   </select>
  
   <select id="getPendingRequests" resultMap = "abatorgenerated_getAllRequestsOrTransfers" parameterClass="com.tcs.pos.common.data.others.cashpickup.DopCashApproval">
     select dca.CASH_PICKUP_SEQUENCE_ID, dca.FORMAT_ID, dca.STORE_ID, dca.PICKUP_DATE, dca.TILL_CASH_PICKUP_TIME, dca.AMOUNT,
      dca.CREATED_BY, dca.CREATED_ON, dca.MODIFIED_BY, dca.MODIFIED_ON, dca.PO_CASH_PICKUP_TIME, dca.ACCEPTANCE_FLAG,
      dca.ACCEPTANCE_COMMENT, dca.ACTION_TYPE, dca.MONEY_TRANSFER_ID, dca.INVOICE_NO, dca.TILL_NO, dca.TRANSFERRED_TO,
      dca.TRANSFERRED_TO_USER_ID, dca.TRANSFERRED_FROM_SHIFT_NO, dca.ACCEPTED_TO_SHIFT_NO,
      dca.INTL_MONEY_TRANSFER_ID,dca.ITEM_CODE,dca.PREFIX,dca.SERIAL_NO,dca.SALE_PRICE,dca.QUANTITY,pmdm.DENOM_VALUE 
      from DOP_CASH_APPROVAL dca left outer join POSTAL_MONETARY_DENOMINATION_MASTER pmdm
  			on dca.CASH_DENOMINATION_ID=pmdm.MONETARY_DENOMINATION_ID 
      where dca.CREATED_BY = #createdBy:VARCHAR# 
       and dca.FORMAT_ID = #formatId:VARCHAR#
       and dca.STORE_ID = #storeId:VARCHAR#
       and (dca.ACCEPTANCE_FLAG = 'S' or dca.ACCEPTANCE_FLAG = 'X')
       and dca.PICKUP_DATE= #pickupDate:DATE# 
	   and dca.TRANSFERRED_FROM_SHIFT_NO=#transferFromShiftNo:VARCHAR# 
	   and dca.TILL_NO = #tillNo:INTEGER#
	   and (dca.ACTION_TYPE = 'C' or dca.ACTION_TYPE = 'Q' or dca.ACTION_TYPE = 'D' or dca.ACTION_TYPE = 'Z' or dca.ACTION_TYPE = 'P' or dca.ACTION_TYPE = 'G'
	    	or dca.ACTION_TYPE = 'W' or dca.ACTION_TYPE = 'X' or dca.ACTION_TYPE = 'Y' or dca.ACTION_TYPE = 'H')
	  FOR READ ONLY
    </select> 
    
    <update id="updatePendingRequests" parameterClass="com.tcs.pos.common.data.others.cashpickup.DopCashApproval" >  
     update DOP_CASH_APPROVAL
     set     
       MODIFIED_ON = getdate(),       
       ACCEPTANCE_FLAG =#acceptanceFlag:VARCHAR#      
     where 
	   CASH_PICKUP_SEQUENCE_ID = #cashPickupSequenceId:BIGINT#
    </update>
  
    <update id="updateIpoInventory" parameterClass="com.tcs.pos.common.data.others.cashpickup.DopCashApproval" >
	 UPDATE DOP_CASH_APPROVAL
	 SET
	 SERIAL_NO=#serialNo:BIGINT#,
	 QUANTITY =#quantity:INTEGER#,
	 AMOUNT=#amount:DOUBLE#,
	 MODIFIED_BY=#modifiedBy:VARCHAR#,
	 MODIFIED_ON=getdate()
	 where
	 CASH_PICKUP_SEQUENCE_ID = #cashPickupSequenceId:BIGINT#
	  AND FORMAT_ID = #formatId:VARCHAR#
	  AND STORE_ID = #storeId:VARCHAR# 
    </update>
   
 <select id="getChequeTransferInsertCount" resultClass = "java.lang.Integer" parameterClass="com.tcs.pos.common.data.others.cashpickup.DopCashApproval">
    select count(*) from DOP_CASH_APPROVAL where 
      PICKUP_DATE = #pickupDate:DATE#
      and AMOUNT = #amount:DOUBLE#
      and CREATED_BY = #createdBy:VARCHAR#
      and ACTION_TYPE = #actionType:CHAR#
      and TILL_NO = #tillNo:INTEGER#
      and ADDL_VARCHAR_4 = #addlVarchar4:VARCHAR#
      and TRANSFERRED_FROM_SHIFT_NO = #transferFromShiftNo:VARCHAR#
  </select>  
    
    <select id="getAllRequestsOrTransfers" resultMap = "abatorgenerated_getAllRequestsOrTransfers" parameterClass="com.tcs.pos.common.data.others.cashpickup.DopCashApproval">
      select dca.CASH_PICKUP_SEQUENCE_ID, dca.FORMAT_ID, dca.STORE_ID, dca.PICKUP_DATE, dca.TILL_CASH_PICKUP_TIME, dca.AMOUNT,
      dca.CREATED_BY, dca.CREATED_ON, dca.MODIFIED_BY, dca.MODIFIED_ON, dca.PO_CASH_PICKUP_TIME, dca.ACCEPTANCE_FLAG,
      dca.ACCEPTANCE_COMMENT, dca.ACTION_TYPE, dca.MONEY_TRANSFER_ID, dca.INVOICE_NO, dca.TILL_NO, dca.TRANSFERRED_TO,
      dca.TRANSFERRED_TO_USER_ID, dca.TRANSFERRED_FROM_SHIFT_NO, dca.ACCEPTED_TO_SHIFT_NO,
      dca.INTL_MONEY_TRANSFER_ID,dca.ITEM_CODE,dca.PREFIX,dca.SERIAL_NO,dca.SALE_PRICE,dca.QUANTITY,pmdm.DENOM_VALUE 
      from DOP_CASH_APPROVAL dca left outer join POSTAL_MONETARY_DENOMINATION_MASTER pmdm
  			on dca.CASH_DENOMINATION_ID=pmdm.MONETARY_DENOMINATION_ID 
      where dca.CREATED_BY = #createdBy:VARCHAR# 
       and dca.FORMAT_ID = #formatId:VARCHAR#
       and dca.STORE_ID = #storeId:VARCHAR#
       and dca.PICKUP_DATE= #pickupDate:DATE# 
	   and dca.TRANSFERRED_FROM_SHIFT_NO=#transferFromShiftNo:VARCHAR# 
	   and dca.TILL_NO = #tillNo:INTEGER#
	   and (dca.ACTION_TYPE = 'C' or dca.ACTION_TYPE = 'Q' or dca.ACTION_TYPE = 'D' or dca.ACTION_TYPE = 'Z' or dca.ACTION_TYPE = 'P' or dca.ACTION_TYPE = 'G' 
	   		or dca.ACTION_TYPE = 'W' or dca.ACTION_TYPE = 'X' or dca.ACTION_TYPE = 'Y' or dca.ACTION_TYPE = 'H' )
	  FOR READ ONLY
    </select> 
   
    <resultMap id="getPendingMO" class="com.tcs.pos.common.data.others.cashpickup.DopCashApproval" >
   		<result column="INVOICE_NO" property="invoiceNo" jdbcType="VARCHAR" />
    	<result column="TRANSFERRED_TO" property="transferredTo" jdbcType="CHAR" />
    </resultMap>
   
   <select id="getPendingMO" resultMap = "getPendingMO" parameterClass="com.tcs.pos.common.data.others.cashpickup.DopCashApproval">
      SELECT t1.INVOICE_NO,t1.TRANSFERRED_TO
		    FROM
		    (SELECT distinct(pmt.MONEY_TRANSFER_ID) MONEY_TRANSFER_ID,
		    		pmt.INVOICE_NO,dca.TRANSFERRED_TO    				
		            from 	POSTAL_MONEY_TRANSFER pmt join DOP_CASH_APPROVAL dca
		            on dca.INVOICE_NO = pmt.INVOICE_NO 
		            AND dca.MONEY_TRANSFER_ID=pmt.MONEY_TRANSFER_ID
		            where
		            dca.ACCEPTANCE_FLAG IN('S')
		            and pmt.IS_ARTICLE_VOID=0
		            and pmt.IS_REVERSED=0
		            and dca.TRANSFERRED_FROM_SHIFT_NO=#transferFromShiftNo:VARCHAR#
		            and dca.TILL_NO = #tillNo:INTEGER# 
		            and dca.CREATED_BY = #createdBy:VARCHAR# 
			        ) t1
		    join INVOICE i on t1.invoice_no=i.SYS_INVOICE_NO where 
		    i.FORMAT_ID =#formatId:VARCHAR#
   	   	    and i.STORE_ID =#storeId:VARCHAR#
   	   	    and i.INVOICE_DATE = #pickupDate:DATE#
		    and i.STATUS='I'
		    and (i.BILL_VOID_FLG ='N' or i.BILL_VOID_FLG is null)                
		    and (i.BILL_ON_HOLD_FLG='N' or i.BILL_ON_HOLD_FLG is null)
		
			UNION ALL
		
		    SELECT t1.INVOICE_NO,t1.TRANSFERRED_TO
		    FROM
		    (SELECT pimt.INTL_MONEY_TRANSFER_ID,
		    		pimt.INVOICE_NO,dca.TRANSFERRED_TO    				
		            from POSTAL_INTL_MONEY_TRANSFER pimt JOIN DOP_CASH_APPROVAL dca
		            on dca.INVOICE_NO = pimt.INVOICE_NO 
		            AND dca.INTL_MONEY_TRANSFER_ID=pimt.INTL_MONEY_TRANSFER_ID
		            where
		            dca.ACCEPTANCE_FLAG IN ('S')
		            and pimt.IS_ARTICLE_VOID=0
		            and pimt.IS_REVERSED=0
		            and dca.TRANSFERRED_FROM_SHIFT_NO=#transferFromShiftNo:VARCHAR#
		            and dca.TILL_NO = #tillNo:INTEGER# 
		            and dca.CREATED_BY = #createdBy:VARCHAR#
			        ) t1
		    join INVOICE i on t1.INVOICE_NO=i.SYS_INVOICE_NO where 		 
 		    i.FORMAT_ID =#formatId:VARCHAR#
   	   	    and i.STORE_ID =#storeId:VARCHAR#
			and i.INVOICE_DATE = #pickupDate:DATE#
		    and i.STATUS='I'
		    and (i.BILL_VOID_FLG ='N' or i.BILL_VOID_FLG is null)
		    and (i.BILL_ON_HOLD_FLG='N' or i.BILL_ON_HOLD_FLG is null)	     
	  FOR READ ONLY
    </select> 
    
     <select id="isAlreadyCancelled" resultClass="java.lang.Integer" parameterClass="com.tcs.pos.common.data.others.cashpickup.DopCashApproval">   
   		select count(*) from DOP_CASH_APPROVAL 
   		where CASH_PICKUP_SEQUENCE_ID = #cashPickupSequenceId:INTEGER#
   		and ACCEPTANCE_FLAG IN ('D')
   	    FOR READ ONLY
   </select>
   
   <select id="isCancelledMO" resultClass="java.lang.Integer" parameterClass="com.tcs.pos.common.data.others.cashpickup.DopCashApproval">   
   		<!-- select count(*) from DOP_CASH_APPROVAL dca , POSTAL_MONEY_TRANSFER pmt 
   		where dca.ACTION_TYPE IN ('M' , 'B')
      	and dca.INVOICE_NO= #invoiceNo:VARCHAR#
		and dca.ACCEPTANCE_FLAG = #acceptanceFlag:VARCHAR#
		and pmt.MO_TRACKING_NO = #articleNo:VARCHAR#
	   	  FOR READ ONLY -->
		select count(1) from DOP_CASH_APPROVAL dca
		JOIN POSTAL_MONEY_TRANSFER pmt
		ON dca.INVOICE_NO=pmt.INVOICE_NO
		AND dca.MONEY_TRANSFER_ID=pmt.MONEY_TRANSFER_ID
		where
		pmt.MO_TRACKING_NO = #articleNo:VARCHAR#
		and
		dca.INVOICE_NO= #invoiceNo:VARCHAR#
		and
		dca.ACCEPTANCE_FLAG = #acceptanceFlag:VARCHAR#
		and
		dca.ACTION_TYPE IN ('M','B')
		FOR READ ONLY
   </select>
   
    <select id="isCancelledMOIntl" resultClass="java.lang.Integer" parameterClass="com.tcs.pos.common.data.others.cashpickup.DopCashApproval">   
   		<!-- select count(*) from DOP_CASH_APPROVAL dca , POSTAL_INTL_MONEY_TRANSFER pimt 
   		where dca.ACTION_TYPE IN ('M' , 'B')
      	and dca.INVOICE_NO= #invoiceNo:VARCHAR#
		and dca.ACCEPTANCE_FLAG = #acceptanceFlag:VARCHAR#
		and pimt.PNR_NO = #articleNo:VARCHAR#
   	  FOR READ ONLY-->
   	  
   	  select count(1) from DOP_CASH_APPROVAL dca
		JOIN POSTAL_INTL_MONEY_TRANSFER pimt 
		ON dca.INVOICE_NO=pimt.INVOICE_NO
		AND dca.INTL_MONEY_TRANSFER_ID=pimt.INTL_MONEY_TRANSFER_ID
		where
		pimt.PNR_NO = #articleNo:VARCHAR#
		and
		dca.INVOICE_NO= #invoiceNo:VARCHAR#
		and
		dca.ACCEPTANCE_FLAG = #acceptanceFlag:VARCHAR#
		and
		dca.ACTION_TYPE IN ('M','B')
		FOR READ ONLY
   </select>
   
   
    <update id="updateChequeTransferFromCounterToBo" parameterClass="com.tcs.pos.common.data.others.cashpickup.DopCashApproval" >
    
    UPDATE POSTAL_CHEQUE_DISTRIBUTION SET STATUS='Z',
	MODIFIED_BY=#modifiedBy:VARCHAR#,MODIFIED_ON=getdate()
 	WHERE STORE_ID=#storeId:VARCHAR#  AND FORMAT_ID=#formatId:VARCHAR# 
 	AND CHEQUE_NO=#chequeNo:VARCHAR# AND MICR=#micr:VARCHAR# AND IFSC=#ifsc:VARCHAR# 
 	and CHEQUE_TRANSACTION_CODE=#transactionCode:VARHCAR#
    

    </update>
    
    <select id="isAlreadySubmittedFrank" resultClass="java.lang.Integer" parameterClass="com.tcs.pos.common.data.others.cashpickup.DopCashApproval">   
   		select count(*) from DOP_CASH_APPROVAL 
   		where INVOICE_NO= #invoiceNo:VARCHAR#
   	    FOR READ ONLY
   </select>
    
</sqlMap>