<?xml version="1.0" encoding="UTF-8" ?>
<!DOCTYPE sqlMap PUBLIC "-//ibatis.apache.org//DTD SQL Map 2.0//EN" "http://ibatis.apache.org/dtd/sql-map-2.dtd" >
<sqlMap namespace="dop_polilcy_type_master" >
  <resultMap id="abatorgenerated_DopPolilcyTypeMasterResult" class="com.tcs.dop.pos.common.data.pli.DopPolilcyTypeMaster" >
    <!--
      WARNING - This element is automatically generated by Abator for iBATIS, do not modify.
      This element was generated on Sun May 12 11:28:40 IST 2013.
    -->
    <result column="policy_code" property="policyCode" jdbcType="VARCHAR" />
    <result column="policy_name" property="policyName" jdbcType="VARCHAR" />
  </resultMap>
  
  <select id="abatorgenerated_selectByPrimaryKey" resultMap="abatorgenerated_DopPolilcyTypeMasterResult" parameterClass="com.tcs.dop.pos.common.data.pli.DopPolilcyTypeMaster" >
    <!--
      WARNING - This element is automatically generated by Abator for iBATIS, do not modify.
      This element was generated on Sun May 12 11:28:40 IST 2013.
    -->
    select policy_code, policy_name
    from dop_polilcy_type_master
    where policy_code = #policyCode:VARCHAR# FOR READ ONLY
  </select>
  <delete id="abatorgenerated_deleteByPrimaryKey" parameterClass="com.tcs.dop.pos.common.data.pli.DopPolilcyTypeMaster" >
    <!--
      WARNING - This element is automatically generated by Abator for iBATIS, do not modify.
      This element was generated on Sun May 12 11:28:40 IST 2013.
    -->
    delete from dop_polilcy_type_master
    where policy_code = #policyCode:VARCHAR#
  </delete>
 <insert id="abatorgenerated_insert" parameterClass="com.tcs.dop.pos.common.data.pli.DopPolilcyTypeMaster" >
    <!--
      WARNING - This element is automatically generated by Abator for iBATIS, do not modify.
      This element was generated on Sun May 12 11:28:40 IST 2013.
    -->
    insert into dop_polilcy_type_master (policy_code, policy_name)
    values (#policyCode:VARCHAR#, #policyName:VARCHAR#)
  </insert>
  <update id="abatorgenerated_updateByPrimaryKey" parameterClass="com.tcs.dop.pos.common.data.pli.DopPolilcyTypeMaster" >
    <!--
      WARNING - This element is automatically generated by Abator for iBATIS, do not modify.
      This element was generated on Sun May 12 11:28:40 IST 2013.
    -->
    update dop_polilcy_type_master
    set policy_name = #policyName:VARCHAR#
    where policy_code = #policyCode:VARCHAR#
  </update>
  <update id="abatorgenerated_updateByPrimaryKeySelective" parameterClass="com.tcs.dop.pos.common.data.pli.DopPolilcyTypeMaster" >
    <!--
      WARNING - This element is automatically generated by Abator for iBATIS, do not modify.
      This element was generated on Sun May 12 11:28:40 IST 2013.
    -->
    update dop_polilcy_type_master
    <dynamic prepend="set" >
      <isNotNull prepend="," property="policyName" >
        policy_name = #policyName:VARCHAR#
      </isNotNull>
    </dynamic>
    where policy_code = #policyCode:VARCHAR#
  </update>  
 </sqlMap>