<?xml version="1.0" encoding="UTF-8" ?>
<!DOCTYPE sqlMap PUBLIC "-//ibatis.apache.org//DTD SQL Map 2.0//EN" "http://ibatis.apache.org/dtd/sql-map-2.dtd" >
<sqlMap namespace="DOP_LOCAL_PIN_CODE_MASTER" >
  <resultMap id="abatorgenerated_DopLocalPinCodeMasterResult" class="com.tcs.postal.common.data.mail.DopLocalPinCodeMaster" >
    <!--
      WARNING - This element is automatically generated by Abator for iBATIS, do not modify.
      This element was generated on Tue Jun 24 16:16:06 IST 2014.
    -->
    <result column="PIN_CODE_ID" property="pinCodeId" jdbcType="INTEGER" />
    <result column="SOURCE_PIN_CODE" property="sourcePinCode" jdbcType="INTEGER" />
    <result column="LOCAL_PIN_CODE" property="localPinCode" jdbcType="INTEGER" />
    <result column="CREATED_BY" property="createdBy" jdbcType="VARCHAR" />
    <result column="CREATED_ON" property="createdOn" jdbcType="TIMESTAMP" />
    <result column="MODIFIED_BY" property="modifiedBy" jdbcType="VARCHAR" />
    <result column="MODIFIED_ON" property="modifiedOn" jdbcType="TIMESTAMP" />
    <result column="ADDL_VARCHAR_1" property="addlVarchar1" jdbcType="VARCHAR" />
  </resultMap>
  <select id="abatorgenerated_selectByPrimaryKey" resultMap="abatorgenerated_DopLocalPinCodeMasterResult" parameterClass="com.tcs.postal.common.data.mail.DopLocalPinCodeMaster" >
    <!--
      WARNING - This element is automatically generated by Abator for iBATIS, do not modify.
      This element was generated on Tue Jun 24 16:16:06 IST 2014.
    -->
    select PIN_CODE_ID, SOURCE_PIN_CODE, LOCAL_PIN_CODE, CREATED_BY, CREATED_ON, MODIFIED_BY,
      MODIFIED_ON, ADDL_VARCHAR_1
    from DOP_LOCAL_PIN_CODE_MASTER
    where PIN_CODE_ID = #pinCodeId:INTEGER#
  </select>
  
  <select id="abatorgenerated_checkLocalPIN" resultClass="java.lang.Integer" parameterClass="com.tcs.postal.common.data.mail.DopLocalPinCodeMaster" >
    <!--
      WARNING - This element is automatically generated by Abator for iBATIS, do not modify.
      This element was generated on Tue Jun 24 16:16:06 IST 2014.
    -->
    select count(LOCAL_PIN_CODE) AS IS_LOCAL from DOP_LOCAL_PIN_CODE_MASTER 
    WHERE SOURCE_PIN_CODE=#sourcePinCode:INTEGER# AND #localPinCode:INTEGER# IN (LOCAL_PIN_CODE)  AND ADDL_VARCHAR_1 IN ('X','Y')
  </select>
  
  
  <delete id="abatorgenerated_deleteByPrimaryKey" parameterClass="com.tcs.postal.common.data.mail.DopLocalPinCodeMaster" >
    <!--
      WARNING - This element is automatically generated by Abator for iBATIS, do not modify.
      This element was generated on Tue Jun 24 16:16:06 IST 2014.
    -->
    delete from DOP_LOCAL_PIN_CODE_MASTER
    where PIN_CODE_ID = #pinCodeId:INTEGER#
  </delete>
  <insert id="abatorgenerated_insert" parameterClass="com.tcs.postal.common.data.mail.DopLocalPinCodeMaster" >
    <!--
      WARNING - This element is automatically generated by Abator for iBATIS, do not modify.
      This element was generated on Tue Jun 24 16:16:06 IST 2014.
    -->
    insert into DOP_LOCAL_PIN_CODE_MASTER (PIN_CODE_ID, SOURCE_PIN_CODE, LOCAL_PIN_CODE, CREATED_BY,
      CREATED_ON, MODIFIED_BY, MODIFIED_ON, ADDL_VARCHAR_1)
    values (#pinCodeId:INTEGER#, #sourcePinCode:INTEGER#, #localPinCode:INTEGER#,
      #createdBy:VARCHAR#, getdate(), #modifiedBy:VARCHAR#, getdate(),
      #addlVarchar1:VARCHAR#)
  </insert>
  <update id="abatorgenerated_updateByPrimaryKey" parameterClass="com.tcs.postal.common.data.mail.DopLocalPinCodeMaster" >
    <!--
      WARNING - This element is automatically generated by Abator for iBATIS, do not modify.
      This element was generated on Tue Jun 24 16:16:06 IST 2014.
    -->
    update DOP_LOCAL_PIN_CODE_MASTER
    set SOURCE_PIN_CODE = #sourcePinCode:INTEGER#,
      LOCAL_PIN_CODE = #localPinCode:INTEGER#,
      CREATED_BY = #createdBy:VARCHAR#,
      CREATED_ON = getdate(),
      MODIFIED_BY = #modifiedBy:VARCHAR#,
      MODIFIED_ON = getdate(),
      ADDL_VARCHAR_1 = #addlVarchar1:VARCHAR#
    where PIN_CODE_ID = #pinCodeId:INTEGER#
  </update>
  <update id="abatorgenerated_updateByPrimaryKeySelective" parameterClass="com.tcs.postal.common.data.mail.DopLocalPinCodeMaster" >
    <!--
      WARNING - This element is automatically generated by Abator for iBATIS, do not modify.
      This element was generated on Tue Jun 24 16:16:06 IST 2014.
    -->
    update DOP_LOCAL_PIN_CODE_MASTER
    <dynamic prepend="set" >
      <isNotNull prepend="," property="sourcePinCode" >
        SOURCE_PIN_CODE = #sourcePinCode:INTEGER#
      </isNotNull>
      <isNotNull prepend="," property="localPinCode" >
        LOCAL_PIN_CODE = #localPinCode:INTEGER#
      </isNotNull>
      <isNotNull prepend="," property="createdBy" >
        CREATED_BY = #createdBy:VARCHAR#
      </isNotNull>
      <isNotNull prepend="," property="createdOn" >
        CREATED_ON = getdate()
      </isNotNull>
      <isNotNull prepend="," property="modifiedBy" >
        MODIFIED_BY = #modifiedBy:VARCHAR#
      </isNotNull>
      <isNotNull prepend="," property="modifiedOn" >
        MODIFIED_ON = getdate()
      </isNotNull>
      <isNotNull prepend="," property="addlVarchar1" >
        ADDL_VARCHAR_1 = #addlVarchar1:VARCHAR#
      </isNotNull>
    </dynamic>
    where PIN_CODE_ID = #pinCodeId:INTEGER#
  </update>
  
  <select id="abatorgenerated_checkLocalPINforEPBP" resultClass="java.lang.Integer" parameterClass="com.tcs.postal.common.data.mail.DopLocalPinCodeMaster" >
    
    select count(LOCAL_PIN_CODE) AS IS_LOCAL from DOP_LOCAL_PIN_CODE_MASTER 
    WHERE SOURCE_PIN_CODE=#sourcePinCode:INTEGER# AND #localPinCode:INTEGER# IN (LOCAL_PIN_CODE) AND ADDL_VARCHAR_1 IN ('X','Z')
  </select>
</sqlMap>