<?xml version="1.0" encoding="UTF-8" ?>
<!DOCTYPE sqlMap PUBLIC "-//ibatis.apache.org//DTD SQL Map 2.0//EN" "http://ibatis.apache.org/dtd/sql-map-2.dtd" >
<sqlMap namespace="IPVS_ROUTING_PIN_RANGE_MASTER" >
  <resultMap id="abatorgenerated_IpvsRoutingPinRangeMasterResult" class="com.tcs.dop.pos.common.data.ipvspinrange.IpvsRoutingPinRangeMaster" >
    <!--
      WARNING - This element is automatically generated by Abator for iBATIS, do not modify.
      This element was generated on Fri Mar 28 18:17:44 IST 2014.
    -->
    <result column="BAG_TYPE_ID" property="bagTypeId" jdbcType="VARCHAR" />
    <result column="CLOSED_FOR_FACILITY_DELIVERY_ID" property="closedForFacilityDeliveryId" jdbcType="CHAR" />
    <result column="CLOSED_FOR_FACILITY_ID" property="closedForFacilityId" jdbcType="VARCHAR" />
    <result column="SOURCE_FACILITY_ID" property="sourceFacilityId" jdbcType="VARCHAR" />
    <result column="START_PIN_RANGE" property="startPinRange" jdbcType="INTEGER" />
    <result column="CLOSED_FOR_FACILITY_NAME" property="closedForFacilityName" jdbcType="VARCHAR" />
    <result column="STOP_PIN_RANGE" property="stopPinRange" jdbcType="INTEGER" />
    <result column="IS_ACTIVE" property="isActive" jdbcType="CHAR" />
  </resultMap>
    <resultMap id="abatorgenerated_IpvsRoutingPinRangeMasterResult1" class="com.tcs.dop.pos.common.data.ipvspinrange.IpvsRoutingPinRangeMaster" >
    <!--
      WARNING - This element is automatically generated by Abator for iBATIS, do not modify.
      This element was generated on Fri Mar 28 18:17:44 IST 2014.
    -->
    
    <result column="CLOSED_FOR_FACILITY_DELIVERY_ID" property="closedForFacilityDeliveryId" jdbcType="CHAR" />
     </resultMap>
  <select id="abatorgenerated_selectByPrimaryKey" resultMap="abatorgenerated_IpvsRoutingPinRangeMasterResult" parameterClass="com.tcs.dop.pos.common.data.ipvspinrange.IpvsRoutingPinRangeMasterKey" >
    <!--
      WARNING - This element is automatically generated by Abator for iBATIS, do not modify.
      This element was generated on Fri Mar 28 18:17:44 IST 2014.
    -->
    select BAG_TYPE_ID, CLOSED_FOR_FACILITY_DELIVERY_ID, CLOSED_FOR_FACILITY_ID, SOURCE_FACILITY_ID,
      START_PIN_RANGE, CLOSED_FOR_FACILITY_NAME, STOP_PIN_RANGE, IS_ACTIVE
    from IPVS_ROUTING_PIN_RANGE_MASTER
    where BAG_TYPE_ID = #bagTypeId:VARCHAR#
      and CLOSED_FOR_FACILITY_DELIVERY_ID = #closedForFacilityDeliveryId:CHAR#
      and CLOSED_FOR_FACILITY_ID = #closedForFacilityId:VARCHAR#
      and SOURCE_FACILITY_ID = #sourceFacilityId:VARCHAR#
      and START_PIN_RANGE = #startPinRange:INTEGER# FOR READ ONLY
  </select>
  <delete id="abatorgenerated_deleteByPrimaryKey" parameterClass="com.tcs.dop.pos.common.data.ipvspinrange.IpvsRoutingPinRangeMasterKey" >
    <!--
      WARNING - This element is automatically generated by Abator for iBATIS, do not modify.
      This element was generated on Fri Mar 28 18:17:44 IST 2014.
    -->
    delete from IPVS_ROUTING_PIN_RANGE_MASTER
    where BAG_TYPE_ID = #bagTypeId:VARCHAR#
      and CLOSED_FOR_FACILITY_DELIVERY_ID = #closedForFacilityDeliveryId:CHAR#
      and CLOSED_FOR_FACILITY_ID = #closedForFacilityId:VARCHAR#
      and SOURCE_FACILITY_ID = #sourceFacilityId:VARCHAR#
      and START_PIN_RANGE = #startPinRange:INTEGER#
  </delete>
  <insert id="abatorgenerated_insert" parameterClass="com.tcs.dop.pos.common.data.ipvspinrange.IpvsRoutingPinRangeMaster" >
    <!--
      WARNING - This element is automatically generated by Abator for iBATIS, do not modify.
      This element was generated on Fri Mar 28 18:17:44 IST 2014.
    -->
    insert into IPVS_ROUTING_PIN_RANGE_MASTER (BAG_TYPE_ID, CLOSED_FOR_FACILITY_DELIVERY_ID,
      CLOSED_FOR_FACILITY_ID, SOURCE_FACILITY_ID, START_PIN_RANGE, CLOSED_FOR_FACILITY_NAME,
      STOP_PIN_RANGE, IS_ACTIVE)
    values (#bagTypeId:VARCHAR#, #closedForFacilityDeliveryId:CHAR#, #closedForFacilityId:VARCHAR#,
      #sourceFacilityId:VARCHAR#, #startPinRange:INTEGER#, #closedForFacilityName:VARCHAR#,
      #stopPinRange:INTEGER#, #isActive:CHAR#)
  </insert>
  <update id="abatorgenerated_updateByPrimaryKey" parameterClass="com.tcs.dop.pos.common.data.ipvspinrange.IpvsRoutingPinRangeMaster" >
    <!--
      WARNING - This element is automatically generated by Abator for iBATIS, do not modify.
      This element was generated on Fri Mar 28 18:17:44 IST 2014.
    -->
    update IPVS_ROUTING_PIN_RANGE_MASTER
    set CLOSED_FOR_FACILITY_NAME = #closedForFacilityName:VARCHAR#,
      STOP_PIN_RANGE = #stopPinRange:INTEGER#,
      IS_ACTIVE = #isActive:CHAR#
    where BAG_TYPE_ID = #bagTypeId:VARCHAR#
      and CLOSED_FOR_FACILITY_DELIVERY_ID = #closedForFacilityDeliveryId:CHAR#
      and CLOSED_FOR_FACILITY_ID = #closedForFacilityId:VARCHAR#
      and SOURCE_FACILITY_ID = #sourceFacilityId:VARCHAR#
      and START_PIN_RANGE = #startPinRange:INTEGER#
  </update>
  <update id="abatorgenerated_updateByPrimaryKeySelective" parameterClass="com.tcs.dop.pos.common.data.ipvspinrange.IpvsRoutingPinRangeMaster" >
    <!--
      WARNING - This element is automatically generated by Abator for iBATIS, do not modify.
      This element was generated on Fri Mar 28 18:17:44 IST 2014.
    -->
    update IPVS_ROUTING_PIN_RANGE_MASTER
    <dynamic prepend="set" >
      <isNotNull prepend="," property="closedForFacilityName" >
        CLOSED_FOR_FACILITY_NAME = #closedForFacilityName:VARCHAR#
      </isNotNull>
      <isNotNull prepend="," property="stopPinRange" >
        STOP_PIN_RANGE = #stopPinRange:INTEGER#
      </isNotNull>
      <isNotNull prepend="," property="isActive" >
        IS_ACTIVE = #isActive:CHAR#
      </isNotNull>
    </dynamic>
    where BAG_TYPE_ID = #bagTypeId:VARCHAR#
      and CLOSED_FOR_FACILITY_DELIVERY_ID = #closedForFacilityDeliveryId:CHAR#
      and CLOSED_FOR_FACILITY_ID = #closedForFacilityId:VARCHAR#
      and SOURCE_FACILITY_ID = #sourceFacilityId:VARCHAR#
      and START_PIN_RANGE = #startPinRange:INTEGER#
  </update>
   <select id="abatorgenerated_selectByOfficeId" resultMap="abatorgenerated_IpvsRoutingPinRangeMasterResult1" parameterClass="com.tcs.dop.pos.common.data.ipvspinrange.IpvsRoutingPinRangeMaster" >  
   select TOP 1 x.CLOSED_FOR_FACILITY_DELIVERY_ID
	from
	IPVS_ROUTING_PIN_RANGE_MASTER x 
	where
	x.BAG_TYPE_ID in (select BAG_TYPE_ID from IPVS_ARTICLE_BAG_SERVICE_MAPPING where ARTICLE_TYPE_ID = #serviceId:VARCHAR#) and
	x.START_PIN_RANGE &lt;= #startPinRange:INTEGER#  and 
	x.STOP_PIN_RANGE &gt;= #startPinRange:INTEGER#
	ORDER BY x.CLOSED_FOR_FACILITY_DELIVERY_ID FOR READ ONLY
 </select>
  
 
</sqlMap>