<?xml version="1.0" encoding="UTF-8" ?>
<!DOCTYPE sqlMap PUBLIC "-//ibatis.apache.org//DTD SQL Map 2.0//EN" "http://ibatis.apache.org/dtd/sql-map-2.dtd" >
<sqlMap namespace="DOP_FRANKING_LICENSING_AUTHORITY_MASTER" >
  <resultMap id="abatorgenerated_DopFrankingLicensingAuthorityMasterResult" class="com.tcs.dop.pos.common.data.frankingmachine.licensingauthority.DopFrankingLicensingAuthorityMaster" >
    <!--
      WARNING - This element is automatically generated by Abator for iBATIS, do not modify.
      This element was generated on Thu Apr 03 12:25:33 IST 2014.
    -->
    <result column="LICENSING_AUTHORITY_CODE" property="licensingAuthorityCode" jdbcType="VARCHAR" />
    <result column="LICENSING_AUTHORITY_NAME" property="licensingAuthorityName" jdbcType="VARCHAR" />
    <result column="CREATED_BY" property="createdBy" jdbcType="VARCHAR" />
    <result column="CREATED_ON" property="createdOn" jdbcType="TIMESTAMP" />
    <result column="MODIFIED_BY" property="modifiedBy" jdbcType="VARCHAR" />
    <result column="MODIFIED_ON" property="modifiedOn" jdbcType="TIMESTAMP" />
  </resultMap>
  <select id="abatorgenerated_selectByPrimaryKey" resultMap="abatorgenerated_DopFrankingLicensingAuthorityMasterResult" parameterClass="com.tcs.dop.pos.common.data.frankingmachine.licensingauthority.DopFrankingLicensingAuthorityMaster" >
    <!--
      WARNING - This element is automatically generated by Abator for iBATIS, do not modify.
      This element was generated on Thu Apr 03 12:25:33 IST 2014.
    -->
    select LICENSING_AUTHORITY_CODE, LICENSING_AUTHORITY_NAME, CREATED_BY, CREATED_ON, MODIFIED_BY,
      MODIFIED_ON
    from DOP_FRANKING_LICENSING_AUTHORITY_MASTER
    where LICENSING_AUTHORITY_CODE = #licensingAuthorityCode:VARCHAR# where EXPIRY_DATE &gt; getDate()-1 and ACTIVATION_DATE &lt; FOR READ ONLY
  </select>
  <delete id="abatorgenerated_deleteByPrimaryKey" parameterClass="com.tcs.dop.pos.common.data.frankingmachine.licensingauthority.DopFrankingLicensingAuthorityMaster" >
    <!--
      WARNING - This element is automatically generated by Abator for iBATIS, do not modify.
      This element was generated on Thu Apr 03 12:25:33 IST 2014.
    -->
    delete from DOP_FRANKING_LICENSING_AUTHORITY_MASTER
    where LICENSING_AUTHORITY_CODE = #licensingAuthorityCode:VARCHAR#
  </delete>
  <insert id="abatorgenerated_insert" parameterClass="com.tcs.dop.pos.common.data.frankingmachine.licensingauthority.DopFrankingLicensingAuthorityMaster" >
    <!--
      WARNING - This element is automatically generated by Abator for iBATIS, do not modify.
      This element was generated on Thu Apr 03 12:25:33 IST 2014.
    -->
    insert into DOP_FRANKING_LICENSING_AUTHORITY_MASTER (LICENSING_AUTHORITY_CODE,
      LICENSING_AUTHORITY_NAME, CREATED_BY, CREATED_ON, MODIFIED_BY, MODIFIED_ON)
    values (#licensingAuthorityCode:VARCHAR#, #licensingAuthorityName:VARCHAR#, #createdBy:VARCHAR#,
      getdate(), #modifiedBy:VARCHAR#, getdate())
  </insert>
  <update id="abatorgenerated_updateByPrimaryKey" parameterClass="com.tcs.dop.pos.common.data.frankingmachine.licensingauthority.DopFrankingLicensingAuthorityMaster" >
    <!--
      WARNING - This element is automatically generated by Abator for iBATIS, do not modify.
      This element was generated on Thu Apr 03 12:25:33 IST 2014.
    -->
    update DOP_FRANKING_LICENSING_AUTHORITY_MASTER
    set LICENSING_AUTHORITY_NAME = #licensingAuthorityName:VARCHAR#,
      CREATED_BY = #createdBy:VARCHAR#,
      CREATED_ON = getdate(),
      MODIFIED_BY = #modifiedBy:VARCHAR#,
      MODIFIED_ON = getdate()
    where LICENSING_AUTHORITY_CODE = #licensingAuthorityCode:VARCHAR#
  </update>
  <update id="abatorgenerated_updateByPrimaryKeySelective" parameterClass="com.tcs.dop.pos.common.data.frankingmachine.licensingauthority.DopFrankingLicensingAuthorityMaster" >
    <!--
      WARNING - This element is automatically generated by Abator for iBATIS, do not modify.
      This element was generated on Thu Apr 03 12:25:33 IST 2014.
    -->
    update DOP_FRANKING_LICENSING_AUTHORITY_MASTER
    <dynamic prepend="set" >
      <isNotNull prepend="," property="licensingAuthorityName" >
        LICENSING_AUTHORITY_NAME = #licensingAuthorityName:VARCHAR#
      </isNotNull>
      <isNotNull prepend="," property="createdBy" >
        CREATED_BY = #createdBy:VARCHAR#
      </isNotNull>
      <isNotNull prepend="," property="createdOn" >
        CREATED_ON = getdate()
      </isNotNull>
      <isNotNull prepend="," property="modifiedBy" >
        MODIFIED_BY = #modifiedBy:VARCHAR#
      </isNotNull>
      <isNotNull prepend="," property="modifiedOn" >
        MODIFIED_ON = getdate()
      </isNotNull>
    </dynamic>
    where LICENSING_AUTHORITY_CODE = #licensingAuthorityCode:VARCHAR#
  </update>
 
   <select id="abatorgenerated_getLicAuthName" resultMap="abatorgenerated_DopFrankingLicensingAuthorityMasterResult" parameterClass="com.tcs.dop.pos.common.data.frankingmachine.licensingauthority.DopFrankingLicensingAuthorityMaster" >
    select *
    from DOP_FRANKING_LICENSING_AUTHORITY_MASTER 
    where LICENSING_AUTHORITY_CODE = #licensingAuthorityCode:VARCHAR# and EXPIRY_DATE &gt; getDate()-1 and ACTIVATION_DATE &lt; getDate() FOR READ ONLY
  </select>
</sqlMap>