<?xml version="1.0" encoding="UTF-8" ?>
<!DOCTYPE sqlMap PUBLIC "-//ibatis.apache.org//DTD SQL Map 2.0//EN" "http://ibatis.apache.org/dtd/sql-map-2.dtd" >
<sqlMap namespace="POSTAL_DURATION_MASTER" >
  <resultMap id="abatorgenerated_PostalDurationMasterResult" class="com.tcs.postal.common.data.mail.PostalDurationMaster" >
    <!--
      WARNING - This element is automatically generated by Abator for iBATIS, do not modify.
      This element was generated on Tue Apr 01 17:21:36 GMT+05:30 2014.
    -->
    <result column="DURATION_ID" property="durationId" jdbcType="VARCHAR" />
    <result column="SERVICE_ID" property="serviceId" jdbcType="VARCHAR" />
    <result column="DURATION_DESCRIPTION" property="durationDescription" jdbcType="VARCHAR" />
    <result column="CREATED_BY" property="createdBy" jdbcType="VARCHAR" />
    <result column="CREATED_ON" property="createdOn" jdbcType="TIMESTAMP" />
    <result column="MODIFIED_BY" property="modifiedBy" jdbcType="VARCHAR" />
    <result column="MODIFIED_ON" property="modifiedOn" jdbcType="TIMESTAMP" />
    <result column="MIN_DURATION" property="minDuration" jdbcType="INTEGER" />
    <result column="MAX_DURATION" property="maxDuration" jdbcType="INTEGER" />
  </resultMap>
  <select id="abatorgenerated_selectByPrimaryKey" resultMap="abatorgenerated_PostalDurationMasterResult" parameterClass="com.tcs.postal.common.data.mail.PostalDurationMasterKey" >
    <!--
      WARNING - This element is automatically generated by Abator for iBATIS, do not modify.
      This element was generated on Tue Apr 01 17:21:36 GMT+05:30 2014.
    -->
    select DURATION_ID, SERVICE_ID, DURATION_DESCRIPTION, CREATED_BY, CREATED_ON, MODIFIED_BY,
      MODIFIED_ON, MIN_DURATION, MAX_DURATION
    from POSTAL_DURATION_MASTER
    where DURATION_ID = #durationId:VARCHAR#
      and SERVICE_ID = #serviceId:VARCHAR# FOR READ ONLY
  </select>
  <delete id="abatorgenerated_deleteByPrimaryKey" parameterClass="com.tcs.postal.common.data.mail.PostalDurationMasterKey" >
    <!--
      WARNING - This element is automatically generated by Abator for iBATIS, do not modify.
      This element was generated on Tue Apr 01 17:21:36 GMT+05:30 2014.
    -->
    delete from POSTAL_DURATION_MASTER
    where DURATION_ID = #durationId:VARCHAR#
      and SERVICE_ID = #serviceId:VARCHAR#
  </delete>
  <insert id="abatorgenerated_insert" parameterClass="com.tcs.postal.common.data.mail.PostalDurationMaster" >
    <!--
      WARNING - This element is automatically generated by Abator for iBATIS, do not modify.
      This element was generated on Tue Apr 01 17:21:36 GMT+05:30 2014.
    -->
    insert into POSTAL_DURATION_MASTER (DURATION_ID, SERVICE_ID, DURATION_DESCRIPTION, CREATED_BY,
      CREATED_ON, MODIFIED_BY, MODIFIED_ON, MIN_DURATION, MAX_DURATION)
    values (#durationId:VARCHAR#, #serviceId:VARCHAR#, #durationDescription:VARCHAR#,
      #createdBy:VARCHAR#, getdate(), #modifiedBy:VARCHAR#, getdate(),
      #minDuration:INTEGER#, #maxDuration:INTEGER#)
  </insert>
  <update id="abatorgenerated_updateByPrimaryKey" parameterClass="com.tcs.postal.common.data.mail.PostalDurationMaster" >
    <!--
      WARNING - This element is automatically generated by Abator for iBATIS, do not modify.
      This element was generated on Tue Apr 01 17:21:36 GMT+05:30 2014.
    -->
    update POSTAL_DURATION_MASTER
    set DURATION_DESCRIPTION = #durationDescription:VARCHAR#,
      CREATED_BY = #createdBy:VARCHAR#,
      CREATED_ON = getdate(),
      MODIFIED_BY = #modifiedBy:VARCHAR#,
      MODIFIED_ON = getdate(),
      MIN_DURATION = #minDuration:INTEGER#,
      MAX_DURATION = #maxDuration:INTEGER#
    where DURATION_ID = #durationId:VARCHAR#
      and SERVICE_ID = #serviceId:VARCHAR#
  </update>
  <update id="abatorgenerated_updateByPrimaryKeySelective" parameterClass="com.tcs.postal.common.data.mail.PostalDurationMaster" >
    <!--
      WARNING - This element is automatically generated by Abator for iBATIS, do not modify.
      This element was generated on Tue Apr 01 17:21:36 GMT+05:30 2014.
    -->
    update POSTAL_DURATION_MASTER
    <dynamic prepend="set" >
      <isNotNull prepend="," property="durationDescription" >
        DURATION_DESCRIPTION = #durationDescription:VARCHAR#
      </isNotNull>
      <isNotNull prepend="," property="createdBy" >
        CREATED_BY = #createdBy:VARCHAR#
      </isNotNull>
      <isNotNull prepend="," property="createdOn" >
        CREATED_ON = getdate()
      </isNotNull>
      <isNotNull prepend="," property="modifiedBy" >
        MODIFIED_BY = #modifiedBy:VARCHAR#
      </isNotNull>
      <isNotNull prepend="," property="modifiedOn" >
        MODIFIED_ON = getdate()
      </isNotNull>
      <isNotNull prepend="," property="minDuration" >
        MIN_DURATION = #minDuration:INTEGER#
      </isNotNull>
      <isNotNull prepend="," property="maxDuration" >
        MAX_DURATION = #maxDuration:INTEGER#
      </isNotNull>
    </dynamic>
    where DURATION_ID = #durationId:VARCHAR#
      and SERVICE_ID = #serviceId:VARCHAR#
  </update>
 
  
  <select id="getDurationID" resultClass="java.lang.String" parameterClass="com.tcs.postal.common.data.mail.PostalDurationMaster" >
    <!--
      WARNING - This element is automatically generated by Abator for iBATIS, do not modify.
      This element was generated on Tue Nov 26 15:42:12 GMT+05:30 2013.
    -->
   select TOP 1 DURATION_ID from  POSTAL_DURATION_MASTER where SERVICE_ID=#serviceId:VARCHAR# and #duration:INTEGER# BETWEEN  MIN_DURATION and MAX_DURATION FOR READ ONLY
  </select>
   <resultMap id="abatorgenerated_PostalDurationMasterResultNew" class="com.tcs.postal.common.data.mail.PostalDurationMaster" >
    <!--
      WARNING - This element is automatically generated by Abator for iBATIS, do not modify.
      This element was generated on Tue Apr 01 17:21:36 GMT+05:30 2014.
    -->
   
    <result column="DURATION_DESCRIPTION" property="durationDescription" jdbcType="VARCHAR" />
    <result column="DURATION_ID" property="durationId" jdbcType="VARCHAR" />
    <result column="MAX_DURATION" property="maxDuration" jdbcType="INTEGER" />
    
  </resultMap>
  <select id="getDuration" resultMap="abatorgenerated_PostalDurationMasterResultNew" parameterClass="com.tcs.postal.common.data.mail.PostalDurationMaster" >
    <!--
      WARNING - This element is automatically generated by Abator for iBATIS, do not modify.
      This element was generated on Tue Jan 21 21:05:16 GMT+05:30 2014.
    -->
    select  DURATION_DESCRIPTION,MAX_DURATION,DURATION_ID 
    from POSTAL_DURATION_MASTER WHERE SERVICE_ID =#serviceId:VARCHAR# FOR READ ONLY 
  </select>
  
  <select id="abatorgenerated_selectDurationCode" resultMap="abatorgenerated_PostalDurationMasterResult" parameterClass="com.tcs.postal.common.data.mail.PostalDurationMaster" >
   
    select DURATION_ID, SERVICE_ID, DURATION_DESCRIPTION, CREATED_BY, CREATED_ON, MODIFIED_BY,
      MODIFIED_ON, MIN_DURATION, MAX_DURATION
    from POSTAL_DURATION_MASTER
    where MAX_DURATION = #maxDuration:INTEGER#
      and SERVICE_ID = #serviceId:VARCHAR# FOR READ ONLY
  </select>
</sqlMap>