<?xml version="1.0" encoding="UTF-8" ?>
<!DOCTYPE sqlMap PUBLIC "-//ibatis.apache.org//DTD SQL Map 2.0//EN" "http://ibatis.apache.org/dtd/sql-map-2.dtd" >
<sqlMap namespace="DOP_BILL_MAIL" >
  <resultMap id="abatorgenerated_DopBillMailResult" class="com.tcs.pos.common.data.billmail.DopBillMail" >
    <!--
      WARNING - This element is automatically generated by Abator for iBATIS, do not modify.
      This element was generated on Fri Nov 15 14:46:53 GMT+05:30 2013.
    -->
    <result column="BILL_MAIL_ID" property="billMailId" jdbcType="INTEGER" />
    <result column="INVOICE_NO" property="invoiceNo" jdbcType="VARCHAR" />
    <result column="DESTINATION" property="destination" jdbcType="VARCHAR" />
    <result column="CUSTOMER_ID" property="customerId" jdbcType="VARCHAR" />
    <result column="WEIGHT" property="weight" jdbcType="REAL" />
    <result column="IS_BILL_MAIL_INCLUSIONS" property="isBillMailInclusions" jdbcType="BIT" />
    <result column="NO_OF_INSERTIONS" property="noOfInsertions" jdbcType="INTEGER" />
    <result column="RATE" property="rate" jdbcType="REAL" />
    <result column="QUANTITY" property="quantity" jdbcType="REAL" />
    <result column="TOTAL_AMOUNT" property="totalAmount" jdbcType="INTEGER" />
    <result column="CREATED_BY" property="createdBy" jdbcType="VARCHAR" />
    <result column="CREATED_ON" property="createdOn" jdbcType="TIMESTAMP" />
    <result column="MODIFIED_BY" property="modifiedBy" jdbcType="VARCHAR" />
    <result column="MODIFIED_ON" property="modifiedOn" jdbcType="TIMESTAMP" />
    <result column="SERVICE_ID" property="serviceId" jdbcType="VARCHAR" />
  </resultMap>
   <resultMap id="abatorgenerated_RateResult_New" class="com.tcs.pos.common.data.billmail.DopBillMail" >
    <!--
      WARNING - This element is automatically generated by Abator for iBATIS, do not modify.
      This element was generated on Fri Nov 15 14:46:53 GMT+05:30 2013.
    -->
    <result column="TOTAL_AMOUNT" property="totalAmount" jdbcType="INTEGER" />
     <result column="SERVICE_NAME" property="serviceName" jdbcType="VARCHAR" />
  </resultMap>
  <select id="abatorgenerated_selectByPrimaryKey" resultMap="abatorgenerated_DopBillMailResult" parameterClass="com.tcs.pos.common.data.billmail.DopBillMailKey" >
    <!--
      WARNING - This element is automatically generated by Abator for iBATIS, do not modify.
      This element was generated on Fri Nov 15 14:46:53 GMT+05:30 2013.
    -->
    select BILL_MAIL_ID, INVOICE_NO, DESTINATION, CUSTOMER_ID, WEIGHT, IS_BILL_MAIL_INCLUSIONS,
      NO_OF_INSERTIONS, RATE, QUANTITY, TOTAL_AMOUNT, CREATED_BY, CREATED_ON, MODIFIED_BY,
      MODIFIED_ON,SERVICE_ID
    from DOP_BILL_MAIL
    where BILL_MAIL_ID = #billMailId:INTEGER#
      and INVOICE_NO = #invoiceNo:VARCHAR# FOR READ ONLY
  </select>
  <delete id="abatorgenerated_deleteByPrimaryKey" parameterClass="com.tcs.pos.common.data.billmail.DopBillMailKey" >
    <!--
      WARNING - This element is automatically generated by Abator for iBATIS, do not modify.
      This element was generated on Fri Nov 15 14:46:53 GMT+05:30 2013.
    -->
    delete from DOP_BILL_MAIL
    where BILL_MAIL_ID = #billMailId:INTEGER#
      and INVOICE_NO = #invoiceNo:VARCHAR#
  </delete>
  <insert id="abatorgenerated_insert" parameterClass="com.tcs.pos.common.data.billmail.DopBillMail" >
    <!--
      WARNING - This element is automatically generated by Abator for iBATIS, do not modify.
      This element was generated on Fri Nov 15 14:46:53 GMT+05:30 2013.
    -->
    insert into DOP_BILL_MAIL (BILL_MAIL_ID, INVOICE_NO, DESTINATION, CUSTOMER_ID, WEIGHT,
      IS_BILL_MAIL_INCLUSIONS, NO_OF_INSERTIONS, RATE, QUANTITY, TOTAL_AMOUNT, CREATED_BY,
      CREATED_ON, MODIFIED_BY, MODIFIED_ON,IS_ARTICLE_VOID,PREPAID_AMOUNT,BILL_MAIL_AMOUNT,TOTAL_TRANSPORT_AMOUNT,PREPAID_TYPE,REMARKS,SERVICE_ID,IS_REVERSED)
    values (#billMailId:INTEGER#, #invoiceNo:VARCHAR#, #destination:VARCHAR#, #customerId:VARCHAR#,
      #weight:REAL#, #isBillMailInclusions:BIT#, #noOfInsertions:INTEGER#, #rate:REAL#,
      #quantity:REAL#,#totalAmount:REAL#, #createdBy:VARCHAR#, getdate(),
      #modifiedBy:VARCHAR#, getdate(),#isItemVoid:BIT#,#prePaid:REAL#,#billMailAmount:REAL#,#transportAmount:REAL#,#prepaidType:VARCHAR#,#remarks:VARCHAR#,#serviceId:VARCHAR#,#isReversed:BIT#)
  </insert>
  <update id="abatorgenerated_updateByPrimaryKey" parameterClass="com.tcs.pos.common.data.billmail.DopBillMail" >
    <!--
      WARNING - This element is automatically generated by Abator for iBATIS, do not modify.
      This element was generated on Fri Nov 15 14:46:53 GMT+05:30 2013.
    -->
     update DOP_BILL_MAIL
     set DESTINATION = #destination:VARCHAR#,
      CUSTOMER_ID = #customerId:VARCHAR#,
      WEIGHT = #weight:REAL#,
      IS_BILL_MAIL_INCLUSIONS = #isBillMailInclusions:BIT#,
      NO_OF_INSERTIONS = #noOfInsertions:INTEGER#,
      RATE = #rate:REAL#,
      QUANTITY = #quantity:REAL#,
      BILL_MAIL_AMOUNT=#billMailAmount:REAL#,
      TOTAL_TRANSPORT_AMOUNT=#transportAmount:REAL#,
      TOTAL_AMOUNT = #totalAmount:INTEGER#,
      PREPAID_AMOUNT=#prePaid:REAL#,
      PREPAID_TYPE=#prepaidType:VARCHAR#,
      CREATED_BY = #createdBy:VARCHAR#,
      CREATED_ON = getdate(),
      MODIFIED_BY = #modifiedBy:VARCHAR#,
      MODIFIED_ON = getdate()
     where INVOICE_NO = #invoiceNo:VARCHAR#
  </update>
  <update id="abatorgenerated_updateByPrimaryKeySelective" parameterClass="com.tcs.pos.common.data.billmail.DopBillMail" >
    <!--
      WARNING - This element is automatically generated by Abator for iBATIS, do not modify.
      This element was generated on Fri Nov 15 14:46:53 GMT+05:30 2013.
    -->
    update DOP_BILL_MAIL
    <dynamic prepend="set" >
      <isNotNull prepend="," property="destination" >
        DESTINATION = #destination:VARCHAR#
      </isNotNull>
      <isNotNull prepend="," property="customerId" >
        CUSTOMER_ID = #customerId:VARCHAR#
      </isNotNull>
      <isNotNull prepend="," property="weight" >
        WEIGHT = #weight:REAL#
      </isNotNull>
      <isNotNull prepend="," property="isBillMailInclusions" >
        IS_BILL_MAIL_INCLUSIONS = #isBillMailInclusions:BIT#
      </isNotNull>
      <isNotNull prepend="," property="noOfInsertions" >
        NO_OF_INSERTIONS = #noOfInsertions:INTEGER#
      </isNotNull>
      <isNotNull prepend="," property="rate" >
        RATE = #rate:REAL#
      </isNotNull>
      <isNotNull prepend="," property="quantity" >
        QUANTITY = #quantity:REAL#
      </isNotNull>
      <isNotNull prepend="," property="totalAmount" >
        TOTAL_AMOUNT = #totalAmount:INTEGER#
      </isNotNull>
      <isNotNull prepend="," property="createdBy" >
        CREATED_BY = #createdBy:VARCHAR#
      </isNotNull>
      <isNotNull prepend="," property="createdOn" >
        CREATED_ON = getdate()
      </isNotNull>
      <isNotNull prepend="," property="modifiedBy" >
        MODIFIED_BY = #modifiedBy:VARCHAR#
      </isNotNull>
      <isNotNull prepend="," property="modifiedOn" >
        MODIFIED_ON = getdate()
      </isNotNull>
    </dynamic>
    where BILL_MAIL_ID = #billMailId:INTEGER#
      and INVOICE_NO = #invoiceNo:VARCHAR#
  </update>
  
  <select id="abatorgenerated_selectID" resultClass="java.lang.Integer"  >
    <!--
      WARNING - This element is automatically generated by Abator for iBATIS, do not modify.
      This element was generated on Fri Nov 15 14:46:53 GMT+05:30 2013.
    -->
    select count(*) 
    from DOP_BILL_MAIL FOR READ ONLY
  </select>
   <resultMap id="abatorgenerated_DopBillMailResult1" class="com.tcs.pos.common.data.billmail.DopBillMail" >
    <!--
      WARNING - This element is automatically generated by Abator for iBATIS, do not modify.
      This element was generated on Fri Nov 08 18:50:40 IST 2013.
    -->
    <result column="BILL_MAIL_ID" property="billMailId" jdbcType="INTEGER" />
   
  </resultMap>
  <select id="abatorgenerated_selectBillMailID" resultMap="abatorgenerated_DopBillMailResult1" parameterClass="com.tcs.pos.common.data.billmail.DopBillMail" >
		<!-- WARNING - This element is automatically generated by Abator for iBATIS, 
			do not modify. This element was generated on Thu Sep 19 11:58:34 GMT+05:30 
			2013. -->
		
        select max(BILL_MAIL_ID) as BILL_MAIL_ID from DOP_BILL_MAIL FOR READ ONLY
	</select>
  
      <resultMap id="abatorgenerated_RateResult" class="com.tcs.postal.common.data.mail.PostalServiceChargeMaster" >
    <!--
      WARNING - This element is automatically generated by Abator for iBATIS, do not modify.
      This element was generated on Fri Nov 08 18:50:40 IST 2013.
    -->
    <result column="BASE_PRICE" jdbcType="FLOAT" property="basePrice" />
   
  </resultMap>
  


  <select id="abatorgenerated_selectRate" resultMap="abatorgenerated_RateResult" parameterClass="com.tcs.pos.common.data.billmail.DopBillMail" >
    <!--
      WARNING - This element is automatically generated by Abator for iBATIS, do not modify.
      This element was generated on Fri Nov 15 14:46:53 GMT+05:30 2013.
    -->
     SELECT DISTINCT POSTAL_SERVICE_CHARGE_MASTER.BASE_PRICE
     FROM POSTAL_SERVICE_CHARGE_MASTER
     WHERE POSTAL_SERVICE_CHARGE_MASTER.WEIGHT_ID LIKE 
     (SELECT WEIGHT_ID
     FROM POSTAL_WEIGHT_MASTER
     WHERE #weight:REAL#  BETWEEN MIN_WEIGHT AND MAX_WEIGHT  AND SERVICE_ID=#serviceId:VARCHAR#)
    <!-- AND POSTAL_SERVICE_CHARGE_MASTER.IS_LOCAL=#isLocal:Boolean# -->
     AND POSTAL_SERVICE_CHARGE_MASTER.CUSTOMER_ID=#customerId:VARCHAR# 
     AND POSTAL_SERVICE_CHARGE_MASTER.SERVICE_ID =#serviceId:VARCHAR# FOR READ ONLY
  </select>
  
    <select id="abatorgenerated_selectBasePrice" resultMap="abatorgenerated_RateResult" parameterClass="com.tcs.pos.common.data.billmail.DopBillMail" >
    <!--
      WARNING - This element is automatically generated by Abator for iBATIS, do not modify.
      This element was generated on Fri Nov 15 14:46:53 GMT+05:30 2013.
    -->
 Select DISTINCT  pscm.BASE_PRICE from POSTAL_SERVICE_CHARGE_MASTER pscm
where pscm.DISTANCE_ID =
(select pdm.DISTANCE_ID from postal.POSTAL_DISTANCE_MASTER pdm 
where
            (SELECT psddm.DISTANCE_KM FROM "POSTAL"."POSTAL_SOURCE_DESTINATION_DISTANCE_MASTER" psddm
            where psddm.SOURCE_LOCATION=#sourceDestination:VARCHAR# and psddm.DESTINATION_LOCATION=#destination:VARCHAR#)BETWEEN 
   pdm.MIN_DISTANCE and pdm.MAX_DISTANCE   and pdm.SERVICE_ID=#serviceId:VARCHAR#)and pscm.WEIGHT_ID=
 (SELECT WEIGHT_ID
     FROM POSTAL_WEIGHT_MASTER
     WHERE #weight:REAL# BETWEEN MIN_WEIGHT AND MAX_WEIGHT  AND SERVICE_ID=#serviceId:VARCHAR#) FOR READ ONLY
  </select>
   <select id="fetchBillMailTranDetails" resultMap="abatorgenerated_RateResult_New" parameterClass="com.tcs.pos.common.data.billmail.DopBillMail" >
    <!--
      WARNING - This element is automatically generated by Abator for iBATIS, do not modify.
      This element was generated on Fri Nov 15 14:46:53 GMT+05:30 2013.
    -->
 select psm.SERVICE_NAME, sum(dbm.TOTAL_AMOUNT) as TOTAL_AMOUNT from  invoice i
	inner join DOP_BILL_MAIL dbm on i.SYS_INVOICE_NO=dbm.INVOICE_NO
	inner join POSTAL_SERVICE_MASTER psm  on dbm.SERVICE_ID=psm.SERVICE_ID
	where  
	i.invoice_date =#invoiceDate#
	and i.cashier_id=#cashierId#  
	and i.shift_no=#shiftNo#
	and i.STORE_ID =#storeId#
	and i.INVOICE_TYPE_ID = '1'
	and dbm.IS_ARTICLE_VOID = 0
	and i.status = 'I'
	and (i.BILL_VOID_FLG is null or i.BILL_VOID_FLG = 'N')
	and (i.BILL_ON_HOLD_FLG is null or i.BILL_ON_HOLD_FLG = 'N')
	group by psm.SERVICE_NAME FOR READ ONLY
  </select>
  
  <resultMap id="abatorgenerated_initDataForTable" class="com.tcs.pos.common.data.billmail.DopBillMail" >
  	<result column="TOTAL_AMOUNT" property="totalAmount" jdbcType="INTEGER" />
  	<result column="PREPAID_AMOUNT" property="prePaid" jdbcType="INTEGER" />
    <result column="SERVICE_NAME" property="serviceName" jdbcType="VARCHAR" />
    <result column="CREATED_ON" property="createdOn" jdbcType="TIMESTAMP" />
  </resultMap>
  <select id="initDataForTable" resultMap="abatorgenerated_initDataForTable" parameterClass="com.tcs.pos.common.data.billmail.DopBillMail" >
    select dbm.TOTAL_AMOUNT, dbm.PREPAID_AMOUNT, psm.SERVICE_NAME, dbm.CREATED_ON
    from DOP_BILL_MAIL AS dbm, POSTAL_SERVICE_MASTER AS psm, LOGIN_REGISTER AS lr, INVOICE iv
	where psm.SERVICE_ID=#serviceId:VARCHAR# and psm.SERVICE_ID=dbm.SERVICE_ID and dbm.CREATED_BY=#createdBy:VARCHAR# 
	  and lr.USER_ID=dbm.CREATED_BY and lr.SHIFT_NO=#shiftNo:VARCHAR# and lr.LOGOUT_TIME is NULL and dbm.IS_ARTICLE_VOID=0
	  and dbm.INVOICE_NO=iv.SYS_INVOICE_NO and iv.STATUS='I' and (iv.BILL_ON_HOLD_FLG ='N' or iv.BILL_ON_HOLD_FLG is NULL) and (iv.BILL_VOID_FLG ='N' or iv.BILL_VOID_FLG is NULL) 
      and convert(date,iv.INVOICE_DATE)=#storeDate:DATE# FOR READ ONLY
  </select>
</sqlMap>