<?xml version="1.0" encoding="UTF-8" ?>
<!DOCTYPE sqlMap PUBLIC "-//ibatis.apache.org//DTD SQL Map 2.0//EN" "http://ibatis.apache.org/dtd/sql-map-2.dtd" >
<sqlMap namespace="POSTAL_CASH_DISTRIBUTION" >
  <resultMap id="abatorgenerated_PostalCashDistributionResult" class="com.tcs.pos.common.data.dayactivites.workallocation.PostalCashDistribution" >
    <!--
      WARNING - This element is automatically generated by Abator for iBATIS, do not modify.
      This element was generated on Wed Feb 12 15:42:09 GMT+05:30 2014.
    -->
    <result column="CASH_DISTRIBUTION_ID" property="cashDistributionId" jdbcType="BIGINT" />
    <result column="FORMAT_ID" property="formatId" jdbcType="VARCHAR" />
    <result column="STORE_ID" property="storeId" jdbcType="VARCHAR" />
    <result column="TILL_NO" property="tillNo" jdbcType="INTEGER" />
    <result column="USER_ID" property="userId" jdbcType="VARCHAR" />
    <result column="SHIFT_NO" property="shiftNo" jdbcType="INTEGER" />
    <result column="SHIFT_DATE" property="shiftDate" jdbcType="DATE" />
    <result column="SHIFT_TIME" property="shiftTime" jdbcType="TIME" />
    <result column="IS_ACCEPTED" property="isAccepted" jdbcType="VARCHAR" />
    <result column="CASH_DENOMINATION_ID" property="cashDenominationId" jdbcType="INTEGER" />
    <result column="QUANTITY" property="quantity" jdbcType="INTEGER" />
    <result column="TOTAL_VALUE" property="totalValue" jdbcType="REAL" />
    <result column="CREATED_BY" property="createdBy" jdbcType="VARCHAR" />
    <result column="CREATED_ON" property="createdOn" jdbcType="TIMESTAMP" />
    <result column="MODIFIED_BY" property="modifiedBy" jdbcType="VARCHAR" />
    <result column="MODIFIED_ON" property="modifiedOn" jdbcType="TIMESTAMP" />
    <result column="SHIFT_STATUS" property="shiftStatus" jdbcType="VARCHAR" />
  </resultMap>
  <resultMap id="abatorgenerated_PostalMoneytaryItemDistributionResult1" class="com.tcs.pos.common.data.dayactivites.workallocation.PostalCashDistribution" >
    <!--
      WARNING - This element is automatically generated by Abator for iBATIS, do not modify.
      This element was generated on Wed Feb 12 15:42:09 GMT+05:30 2014.
    -->
    <result column="QUANTITY" property="quantity" jdbcType="INTEGER" />
    <result column="TOTAL_VALUE" property="totalValue" jdbcType="REAL" />   
    <result column="DENOM_VALUE" property="denom_value" jdbcType="FLOAT" />
    <result column="CASH_DISTRIBUTION_ID" property="cashDistributionId" jdbcType="BIGINT" />
    <result column="CREATED_BY" property="createdBy" jdbcType="VARCHAR" />
    <result column="FIRST_NAME" jdbcType="VARCHAR" property="firstName" />
    <result column="LAST_NAME" jdbcType="VARCHAR" property="lastName" />
  </resultMap>
  <resultMap id="abatorgenerated_fetchWorkAllocation" class="com.tcs.pos.common.data.dayactivites.workallocation.PostalCashDistribution" >
  	<result column="FORMAT_ID" property="formatId" jdbcType="VARCHAR" />
  	<result column="CASH_DISTRIBUTION_ID" property="cashDistributionId" jdbcType="BIGINT" />
    <result column="STORE_ID" property="storeId" jdbcType="VARCHAR" />
    <result column="TILL_NO" property="tillNo" jdbcType="INTEGER" />
    <result column="USER_ID" property="userId" jdbcType="VARCHAR" />
    <result column="SHIFT_NO" property="shiftNo" jdbcType="INTEGER" />
    <result column="SHIFT_DATE" property="shiftDate" jdbcType="DATE" />
    <result column="SHIFT_TIME" property="shiftTime" jdbcType="TIME" />
    <result column="IS_ACCEPTED" property="isAccepted" jdbcType="VARCHAR" />
    <result column="QUANTITY" property="quantity" jdbcType="INTEGER" />
    <result column="TOTAL_VALUE" property="totalValue" jdbcType="REAL" />
  </resultMap>
  <resultMap id="getCashDistrId" class="com.tcs.pos.common.data.dayactivites.workallocation.PostalCashDistribution" >
  	<result column="CASH_DISTRIBUTION_ID" property="cashDistributionId" jdbcType="BIGINT" />
  </resultMap>
  <select id="abatorgenerated_selectByPrimaryKey" resultMap="abatorgenerated_PostalCashDistributionResult" parameterClass="com.tcs.pos.common.data.dayactivites.workallocation.PostalCashDistributionKey" >
    <!--
      WARNING - This element is automatically generated by Abator for iBATIS, do not modify.
      This element was generated on Wed Feb 12 15:42:09 GMT+05:30 2014.
    -->
    select CASH_DISTRIBUTION_ID, FORMAT_ID, STORE_ID, TILL_NO, USER_ID, SHIFT_NO, SHIFT_DATE,
      SHIFT_TIME, IS_ACCEPTED, CASH_DENOMINATION_ID, QUANTITY, TOTAL_VALUE, CREATED_BY, CREATED_ON,
      MODIFIED_BY, MODIFIED_ON, SHIFT_STATUS
    from POSTAL_CASH_DISTRIBUTION
    where CASH_DISTRIBUTION_ID = #cashDistributionId:BIGINT#
      and FORMAT_ID = #formatId:VARCHAR#
      and STORE_ID = #storeId:VARCHAR# FOR READ ONLY
  </select>
  <delete id="abatorgenerated_deleteByPrimaryKey" parameterClass="com.tcs.pos.common.data.dayactivites.workallocation.PostalCashDistributionKey" >
    <!--
      WARNING - This element is automatically generated by Abator for iBATIS, do not modify.
      This element was generated on Wed Feb 12 15:42:09 GMT+05:30 2014.
    -->
    delete from POSTAL_CASH_DISTRIBUTION
    where CASH_DISTRIBUTION_ID = #cashDistributionId:BIGINT#
      and FORMAT_ID = #formatId:VARCHAR#
      and STORE_ID = #storeId:VARCHAR#
  </delete>
  <insert id="abatorgenerated_insert" parameterClass="com.tcs.pos.common.data.dayactivites.workallocation.PostalCashDistribution" >
    <!--
      WARNING - This element is automatically generated by Abator for iBATIS, do not modify.
      This element was generated on Wed Feb 12 15:42:09 GMT+05:30 2014.
    -->
    insert into POSTAL_CASH_DISTRIBUTION (CASH_DISTRIBUTION_ID, FORMAT_ID, STORE_ID, TILL_NO,
      USER_ID, SHIFT_NO, SHIFT_DATE, SHIFT_TIME, IS_ACCEPTED, CASH_DENOMINATION_ID, QUANTITY,
      TOTAL_VALUE, CREATED_BY, CREATED_ON, MODIFIED_BY, MODIFIED_ON, SHIFT_STATUS)
    values (#cashDistributionId:BIGINT#, #formatId:VARCHAR#, #storeId:VARCHAR#, #tillNo:INTEGER#,
      #userId:VARCHAR#, #shiftNo:INTEGER#, #shiftDate:DATE#, #shiftTime:TIME#, #isAccepted:VARCHAR#,
      #cashDenominationId:INTEGER#, #quantity:INTEGER#, #totalValue:REAL#, #createdBy:VARCHAR#,
      getdate(), #modifiedBy:VARCHAR#, getdate(), #shiftStatus:VARCHAR#)
  </insert>
  <update id="abatorgenerated_updateByPrimaryKey" parameterClass="com.tcs.pos.common.data.dayactivites.workallocation.PostalCashDistribution" >
    <!--
      WARNING - This element is automatically generated by Abator for iBATIS, do not modify.
      This element was generated on Wed Feb 12 15:42:09 GMT+05:30 2014.
    -->
    update POSTAL_CASH_DISTRIBUTION
    set TILL_NO = #tillNo:INTEGER#,
      USER_ID = #userId:VARCHAR#,
      SHIFT_NO = #shiftNo:INTEGER#,
      SHIFT_DATE = #shiftDate:DATE#,
      SHIFT_TIME = #shiftTime:TIME#,
      IS_ACCEPTED = #isAccepted:VARCHAR#,
      CASH_DENOMINATION_ID = #cashDenominationId:INTEGER#,
      QUANTITY = #quantity:INTEGER#,
      TOTAL_VALUE = #totalValue:REAL#,
      CREATED_BY = #createdBy:VARCHAR#,
      CREATED_ON = getdate(),
      MODIFIED_BY = #modifiedBy:VARCHAR#,
      MODIFIED_ON = getdate(),
      SHIFT_STATUS = #shiftStatus:VARCHAR#
    where CASH_DISTRIBUTION_ID = #cashDistributionId:BIGINT#
      and FORMAT_ID = #formatId:VARCHAR#
      and STORE_ID = #storeId:VARCHAR#
  </update>
  <update id="abatorgenerated_updateByPrimaryKeySelective" parameterClass="com.tcs.pos.common.data.dayactivites.workallocation.PostalCashDistribution" >
    <!--
      WARNING - This element is automatically generated by Abator for iBATIS, do not modify.
      This element was generated on Wed Feb 12 15:42:09 GMT+05:30 2014.
    -->
    update POSTAL_CASH_DISTRIBUTION
    <dynamic prepend="set" >
      <isNotNull prepend="," property="tillNo" >
        TILL_NO = #tillNo:INTEGER#
      </isNotNull>
      <isNotNull prepend="," property="userId" >
        USER_ID = #userId:VARCHAR#
      </isNotNull>
      <isNotNull prepend="," property="shiftNo" >
        SHIFT_NO = #shiftNo:INTEGER#
      </isNotNull>
      <isNotNull prepend="," property="shiftDate" >
        SHIFT_DATE = #shiftDate:DATE#
      </isNotNull>
      <isNotNull prepend="," property="shiftTime" >
        SHIFT_TIME = #shiftTime:TIME#
      </isNotNull>
      <isNotNull prepend="," property="isAccepted" >
        IS_ACCEPTED = #isAccepted:VARCHAR#
      </isNotNull>
      <isNotNull prepend="," property="cashDenominationId" >
        CASH_DENOMINATION_ID = #cashDenominationId:INTEGER#
      </isNotNull>
      <isNotNull prepend="," property="quantity" >
        QUANTITY = #quantity:INTEGER#
      </isNotNull>
      <isNotNull prepend="," property="totalValue" >
        TOTAL_VALUE = #totalValue:REAL#
      </isNotNull>
      <isNotNull prepend="," property="createdBy" >
        CREATED_BY = #createdBy:VARCHAR#
      </isNotNull>
      <isNotNull prepend="," property="createdOn" >
        CREATED_ON = getdate()
      </isNotNull>
      <isNotNull prepend="," property="modifiedBy" >
        MODIFIED_BY = #modifiedBy:VARCHAR#
      </isNotNull>
      <isNotNull prepend="," property="modifiedOn" >
        MODIFIED_ON = getdate()
      </isNotNull>
      <isNotNull prepend="," property="shiftStatus" >
        SHIFT_STATUS = #shiftStatus:VARCHAR#
      </isNotNull>
    </dynamic>
    where CASH_DISTRIBUTION_ID = #cashDistributionId:BIGINT#
      and FORMAT_ID = #formatId:VARCHAR#
      and STORE_ID = #storeId:VARCHAR#
  </update>
  <select id="abatorgenerated_selectForCash" resultMap="abatorgenerated_PostalMoneytaryItemDistributionResult1" parameterClass="com.tcs.pos.common.data.dayactivites.workallocation.PostalCashDistribution" >
    <!--
      WARNING - This element is automatically generated by Abator for iBATIS, do not modify.
      This element was generated on Mon Sep 16 16:24:04 GMT+05:30 2013.
    -->
  	select um.FIRST_NAME, um.LAST_NAME, tab1.*  from (
		select      pmid.QUANTITY ,
            		pmid.TOTAL_VALUE,
            		pmdm.DENOM_VALUE,
            		pmid.CASH_DISTRIBUTION_ID,
            		pmid.CREATED_BY
		from        POSTAL_CASH_DISTRIBUTION pmid 
		left join   POSTAL_MONETARY_DENOMINATION_MASTER pmdm
		on          pmid.CASH_DENOMINATION_ID=pmdm.MONETARY_DENOMINATION_ID
		where       
        		    pmid.IS_ACCEPTED='S'	
		and         pmid.USER_ID= #userId:VARCHAR#
		and         pmid.FORMAT_ID = #formatId:VARCHAR#
		and         pmid.STORE_ID = #storeId:VARCHAR#
		and         pmid.SHIFT_DATE = #shiftDate:DATE#)tab1 join USER_MASTER um on tab1.CREATED_BY = um.USER_ID 
		FOR READ ONLY
     </select>
       <update id="abatorgenerated_updateByPrimaryKeyForSelectiveColumns" parameterClass="com.tcs.pos.common.data.dayactivites.workallocation.PostalCashDistribution" >
    <!--
      WARNING - This element is automatically generated by Abator for iBATIS, do not modify.
      This element was generated on Mon Sep 16 16:24:04 GMT+05:30 2013.
    -->
    update POSTAL_CASH_DISTRIBUTION
    set 
         IS_ACCEPTED = #isAccepted:VARCHAR#,        
         MODIFIED_BY=#modifiedBy:VARCHAR#,
         MODIFIED_ON=getdate(),
         SHIFT_NO = #shiftNo:INTEGER#,
         TILL_NO = #tillNo:INTEGER#
    where USER_ID = #userId:VARCHAR# 
      	 and CASH_DISTRIBUTION_ID = #cashDistributionId:BIGINT#
   </update>
  
	<select id="isWorkAllocationAccepted" resultMap="abatorgenerated_fetchWorkAllocation" parameterClass="com.tcs.pos.common.data.dayactivites.workallocation.PostalCashDistribution" >
  	 SELECT * from POSTAL_CASH_DISTRIBUTION p, POSTAL_MONETARY_DENOMINATION_MASTER m WHERE 
		p.CASH_DENOMINATION_ID = m.MONETARY_DENOMINATION_ID 
    	AND USER_ID= #userId:VARCHAR# and IS_ACCEPTED='S' 
		and p.SHIFT_DATE = #shiftDate:DATE# AND p.STORE_ID = #storeId:VARCHAR# FOR READ ONLY 
   </select>
   
   <select id="calculatecashaccpeted" resultClass="java.lang.Double" parameterClass="com.tcs.pos.common.data.dayactivites.workallocation.PostalCashDistribution" >
       	SELECT SUM(B.TOTAL_VALUE) 
		FROM POSTAL_CASH_DISTRIBUTION B
		left join POSTAL_MONETARY_DENOMINATION_MASTER A
		on  A.MONETARY_DENOMINATION_ID = B.CASH_DENOMINATION_ID
		where B.TILL_NO=#tillNo:INTEGER# 
		and B.SHIFT_DATE=#shiftDate:DATE# 
		and B.USER_ID=#userId:VARCHAR# 
		and B.STORE_ID=#storeId:VARCHAR# 
		and B.FORMAT_ID=#formatId:VARCHAR# 
		and B.SHIFT_NO=#shiftNo:INTEGER# 
		and B.IS_ACCEPTED=#isAccepted:VARCHAR#
		FOR READ ONLY
   </select>
   
   <select id="getCashDistrId" resultMap="getCashDistrId" parameterClass="com.tcs.pos.common.data.dayactivites.workallocation.PostalCashDistribution" >
   	SELECT CASH_DISTRIBUTION_ID from POSTAL_CASH_DISTRIBUTION  WHERE 
   	USER_ID = #userId:VARCHAR# 
   	and STORE_ID=#storeId# 
   	and FORMAT_ID=#formatId#
   	and SHIFT_DATE=#shiftDate#
   </select>
   <select id="getCashStock" resultMap="abatorgenerated_PostalMoneytaryItemDistributionResult1" parameterClass="com.tcs.pos.common.data.dayactivites.workallocation.PostalCashDistribution" >
  	select um.FIRST_NAME, um.LAST_NAME, tab1.*  from (
  		select      pmid.QUANTITY ,
            		pmid.TOTAL_VALUE,
            		pmdm.DENOM_VALUE,
            		pmid.CASH_DISTRIBUTION_ID,
            		pmid.CREATED_BY
		from        POSTAL_CASH_DISTRIBUTION pmid 
		left join   POSTAL_MONETARY_DENOMINATION_MASTER pmdm
		on          pmid.CASH_DENOMINATION_ID=pmdm.MONETARY_DENOMINATION_ID
		where       
        		    pmid.IS_ACCEPTED='A'	
		and         pmid.USER_ID= #userId:VARCHAR#
		and         pmid.FORMAT_ID = #formatId:VARCHAR#
		and         pmid.STORE_ID = #storeId:VARCHAR#
		and         pmid.SHIFT_DATE = #shiftDate:DATE#	
		and         pmid.SHIFT_NO=#shiftNo:INTEGER#
		<!-- and         pmid.TILL_NO=#tillNo:INTEGER# -->)tab1 join USER_MASTER um on tab1.CREATED_BY = um.USER_ID
		FOR READ ONLY
     </select>
</sqlMap>