<?xml version="1.0" encoding="UTF-8" ?>
<!DOCTYPE sqlMap PUBLIC "-//ibatis.apache.org//DTD SQL Map 2.0//EN" "http://ibatis.apache.org/dtd/sql-map-2.dtd" >
<sqlMap namespace="DOP_DIRECT_POST_PURPOSE_MASTER" >
  <resultMap id="abatorgenerated_DopDirectPostPurposeMasterResult" class="com.tcs.pos.common.data.invoice.DopDirectPostPurposeMaster" >
    <!--
      WARNING - This element is automatically generated by Abator for iBATIS, do not modify.
      This element was generated on Wed Oct 30 12:46:20 GMT+05:30 2013.
    -->
    <result column="PURPOSE_ID" property="purposeId" jdbcType="INTEGER" />
    <result column="PURPOSE_NAME" property="purposeName" jdbcType="VARCHAR" />
    <result column="CREATED_BY" property="createdBy" jdbcType="VARCHAR" />
    <result column="CREATED_ON" property="createdOn" jdbcType="TIMESTAMP" />
    <result column="MODIFIED_BY" property="modifiedBy" jdbcType="VARCHAR" />
    <result column="MODIFIED_ON" property="modifiedOn" jdbcType="TIMESTAMP" />
     <result column="TARGET_GROUP_ID" property="targetGroupId" jdbcType="INTEGER" />
  </resultMap>
  <resultMap id="abatorgenerated_DopDirectPostPurposeMasterResult1" class="com.tcs.pos.common.data.invoice.DopDirectPostPurposeMaster" >
    <!--
      WARNING - This element is automatically generated by Abator for iBATIS, do not modify.
      This element was generated on Wed Oct 30 12:46:20 GMT+05:30 2013.
    -->
    <result column="PURPOSE_ID" property="purposeId" jdbcType="INTEGER" />
    <result column="PURPOSE_NAME" property="purposeName" jdbcType="VARCHAR" />
    <result column="CREATED_BY" property="createdBy" jdbcType="VARCHAR" />
    <result column="CREATED_ON" property="createdOn" jdbcType="TIMESTAMP" />
    <result column="MODIFIED_BY" property="modifiedBy" jdbcType="VARCHAR" />
    <result column="MODIFIED_ON" property="modifiedOn" jdbcType="TIMESTAMP" />
  </resultMap>
  <select id="abatorgenerated_selectByPrimaryKey" resultMap="abatorgenerated_DopDirectPostPurposeMasterResult" parameterClass="com.tcs.pos.common.data.invoice.DopDirectPostPurposeMaster" >
    <!--
      WARNING - This element is automatically generated by Abator for iBATIS, do not modify.
      This element was generated on Wed Oct 30 12:46:20 GMT+05:30 2013.
    -->
    select PURPOSE_ID, PURPOSE_NAME, CREATED_BY, CREATED_ON, MODIFIED_BY, MODIFIED_ON
    from "DOP_DIRECT_POST_PURPOSE_MASTER"
    where PURPOSE_ID = #purposeId:INTEGER# FOR READ ONLY
  </select>
  <delete id="abatorgenerated_deleteByPrimaryKey" parameterClass="com.tcs.pos.common.data.invoice.DopDirectPostPurposeMaster" >
    <!--
      WARNING - This element is automatically generated by Abator for iBATIS, do not modify.
      This element was generated on Wed Oct 30 12:46:20 GMT+05:30 2013.
    -->
    delete from "DOP_DIRECT_POST_PURPOSE_MASTER"
    where PURPOSE_ID = #purposeId:INTEGER#
  </delete>
  <insert id="abatorgenerated_insert" parameterClass="com.tcs.pos.common.data.invoice.DopDirectPostPurposeMaster" >
    <!--
      WARNING - This element is automatically generated by Abator for iBATIS, do not modify.
      This element was generated on Wed Oct 30 12:46:20 GMT+05:30 2013.
    -->
    insert into "DOP_DIRECT_POST_PURPOSE_MASTER" (PURPOSE_ID, PURPOSE_NAME, CREATED_BY, CREATED_ON,
      MODIFIED_BY, MODIFIED_ON)
    values (#purposeId:INTEGER#, #purposeName:VARCHAR#, #createdBy:VARCHAR#, getdate(),
      #modifiedBy:VARCHAR#, getdate())
  </insert>
  <update id="abatorgenerated_updateByPrimaryKey" parameterClass="com.tcs.pos.common.data.invoice.DopDirectPostPurposeMaster" >
    <!--
      WARNING - This element is automatically generated by Abator for iBATIS, do not modify.
      This element was generated on Wed Oct 30 12:46:20 GMT+05:30 2013.
    -->
    update "DOP_DIRECT_POST_PURPOSE_MASTER"
    set PURPOSE_NAME = #purposeName:VARCHAR#,
      CREATED_BY = #createdBy:VARCHAR#,
      CREATED_ON = getdate(),
      MODIFIED_BY = #modifiedBy:VARCHAR#,
      MODIFIED_ON = getdate()
    where PURPOSE_ID = #purposeId:INTEGER#
  </update>
  <update id="abatorgenerated_updateByPrimaryKeySelective" parameterClass="com.tcs.pos.common.data.invoice.DopDirectPostPurposeMaster" >
    <!--
      WARNING - This element is automatically generated by Abator for iBATIS, do not modify.
      This element was generated on Wed Oct 30 12:46:20 GMT+05:30 2013.
    -->
    update "DOP_DIRECT_POST_PURPOSE_MASTER"
    <dynamic prepend="set" >
      <isNotNull prepend="," property="purposeName" >
        PURPOSE_NAME = #purposeName:VARCHAR#
      </isNotNull>
      <isNotNull prepend="," property="createdBy" >
        CREATED_BY = #createdBy:VARCHAR#
      </isNotNull>
      <isNotNull prepend="," property="createdOn" >
        CREATED_ON = getdate()
      </isNotNull>
      <isNotNull prepend="," property="modifiedBy" >
        MODIFIED_BY = #modifiedBy:VARCHAR#
      </isNotNull>
      <isNotNull prepend="," property="modifiedOn" >
        MODIFIED_ON = getdate()
      </isNotNull>
    </dynamic>
    where PURPOSE_ID = #purposeId:INTEGER#
  </update>
   <select id="abatorgenerated_selectAll" resultMap="abatorgenerated_DopDirectPostPurposeMasterResult1" parameterClass="com.tcs.pos.common.data.invoice.DopDirectPostPurposeMaster" >
    <!--
      WARNING - This element is automatically generated by Abator for iBATIS, do not modify.
      This element was generated on Wed Oct 30 12:46:20 GMT+05:30 2013.
    -->
    select PURPOSE_ID, PURPOSE_NAME, CREATED_BY, CREATED_ON, MODIFIED_BY, MODIFIED_ON
    from "DOP_DIRECT_POST_PURPOSE_MASTER" where TARGET_GROUP_ID =#targetGroupId:INTEGER# FOR READ ONLY
  </select>
</sqlMap>