<?xml version="1.0" encoding="UTF-8" ?>
<!DOCTYPE sqlMap PUBLIC "-//ibatis.apache.org//DTD SQL Map 2.0//EN" "http://ibatis.apache.org/dtd/sql-map-2.dtd" >
<sqlMap namespace="DOP_PARTNER_SERVICE_BOOKING" >
  <resultMap id="abatorgenerated_DopPartnerServiceBookingResult" class="com.tcs.pos.common.data.partnerservices.DopPartnerServiceBooking" >
    <!--
      WARNING - This element is automatically generated by Abator for iBATIS, do not modify.
      This element was generated on Thu Mar 27 18:26:03 IST 2014.
    -->
    <result column="INVOICE_NO" property="invoiceNo" jdbcType="VARCHAR" />
    <result column="LINE_ITEM_ID" property="lineItemId" jdbcType="INTEGER" />
    <result column="BILLER_ID" property="billerId" jdbcType="VARCHAR" />
    <result column="CUSTOMER_NAME" property="customerName" jdbcType="VARCHAR" />
    <result column="CUSTOMER_ADDRESS1" property="customerAddress1" jdbcType="VARCHAR" />
    <result column="CUSTOMER_ADDRESS2" property="customerAddress2" jdbcType="VARCHAR" />
    <result column="CUSTOMER_ADDRESS3" property="customerAddress3" jdbcType="VARCHAR" />
    <result column="CUSTOMER_CITY" property="customerCity" jdbcType="VARCHAR" />
    <result column="CUSTOMER_STATE" property="customerState" jdbcType="VARCHAR" />
    <result column="CUSTOMER_ZIP" property="customerZip" jdbcType="INTEGER" />
    <result column="CUSTOMER_MOBILE" property="customerMobile" jdbcType="VARCHAR" />
    <result column="CUSTOMER_EMAIL" property="customerEmail" jdbcType="VARCHAR" />
    <result column="BILL_AMOUNT" property="billAmount" jdbcType="REAL" />
    <result column="REFERENCE_NO" property="referenceNo" jdbcType="VARCHAR" />
    <result column="REMARKS" property="remarks" jdbcType="VARCHAR" />
    <result column="CREATED_BY" property="createdBy" jdbcType="VARCHAR" />
    <result column="CREATED_ON" property="createdOn" jdbcType="TIMESTAMP" />
    <result column="MODIFIED_BY" property="modifiedBy" jdbcType="VARCHAR" />
    <result column="MODIFIED_ON" property="modifiedOn" jdbcType="TIMESTAMP" />
  </resultMap>
  <select id="abatorgenerated_selectByPrimaryKey" resultMap="abatorgenerated_DopPartnerServiceBookingResult" parameterClass="com.tcs.pos.common.data.partnerservices.DopPartnerServiceBookingKey" >
    <!--
      WARNING - This element is automatically generated by Abator for iBATIS, do not modify.
      This element was generated on Thu Mar 27 18:26:03 IST 2014.
    -->
    select INVOICE_NO, LINE_ITEM_ID, BILLER_ID, CUSTOMER_NAME, CUSTOMER_ADDRESS1,
      CUSTOMER_ADDRESS2, CUSTOMER_ADDRESS3, CUSTOMER_CITY, CUSTOMER_STATE, CUSTOMER_ZIP,
      CUSTOMER_MOBILE, CUSTOMER_EMAIL, BILL_AMOUNT, REFERENCE_NO, REMARKS, CREATED_BY, CREATED_ON,
      MODIFIED_BY, MODIFIED_ON
    from DOP_PARTNER_SERVICE_BOOKING
    where INVOICE_NO = #invoiceNo:VARCHAR#
      and LINE_ITEM_ID = #lineItemId:INTEGER# FOR READ ONLY
  </select>
  <delete id="abatorgenerated_deleteByPrimaryKey" parameterClass="com.tcs.pos.common.data.partnerservices.DopPartnerServiceBookingKey" >
    <!--
      WARNING - This element is automatically generated by Abator for iBATIS, do not modify.
      This element was generated on Thu Mar 27 18:26:03 IST 2014.
    -->
    delete from DOP_PARTNER_SERVICE_BOOKING
    where INVOICE_NO = #invoiceNo:VARCHAR#
      and LINE_ITEM_ID = #lineItemId:INTEGER#
  </delete>
  <insert id="abatorgenerated_insert" parameterClass="com.tcs.pos.common.data.partnerservices.DopPartnerServiceBooking" >
    <!--
      WARNING - This element is automatically generated by Abator for iBATIS, do not modify.
      This element was generated on Thu Mar 27 18:26:03 IST 2014.
    -->
    insert into DOP_PARTNER_SERVICE_BOOKING (INVOICE_NO, LINE_ITEM_ID, BILLER_ID, CUSTOMER_NAME,
      CUSTOMER_ADDRESS1, CUSTOMER_ADDRESS2, CUSTOMER_ADDRESS3, CUSTOMER_CITY, CUSTOMER_STATE,
      CUSTOMER_ZIP, CUSTOMER_MOBILE, CUSTOMER_EMAIL, BILL_AMOUNT, REFERENCE_NO,IS_REVERSED, REMARKS, CREATED_BY,
      CREATED_ON, MODIFIED_BY, MODIFIED_ON,COMMISSION_AMOUNT,TAX_AMOUNT,NET_AMOUNT,SERVICE_TYPE_ID)
    values (#invoiceNo:VARCHAR#, #lineItemId:INTEGER#, #billerId:VARCHAR#, #customerName:VARCHAR#,
      #customerAddress1:VARCHAR#, #customerAddress2:VARCHAR#, #customerAddress3:VARCHAR#,
      #customerCity:VARCHAR#, #customerState:VARCHAR#, #customerZip:INTEGER#,
      #customerMobile:VARCHAR#, #customerEmail:VARCHAR#, #billAmount:REAL#, #referenceNo:VARCHAR#,#isReversed:BIT#,
      #remarks:VARCHAR#, #createdBy:VARCHAR#, getdate(), #modifiedBy:VARCHAR#,
      getdate(),#commission:DOUBLE#,#taxAmount:DOUBLE#,#netAmount:DOUBLE#,#serviceTypeId:VARCHAR#)
  </insert>
  <update id="abatorgenerated_updateByPrimaryKey" parameterClass="com.tcs.pos.common.data.partnerservices.DopPartnerServiceBooking" >
    <!--
      WARNING - This element is automatically generated by Abator for iBATIS, do not modify.
      This element was generated on Thu Mar 27 18:26:03 IST 2014.
    -->
    update DOP_PARTNER_SERVICE_BOOKING
    set BILLER_ID = #billerId:VARCHAR#,
      CUSTOMER_NAME = #customerName:VARCHAR#,
      CUSTOMER_ADDRESS1 = #customerAddress1:VARCHAR#,
      CUSTOMER_ADDRESS2 = #customerAddress2:VARCHAR#,
      CUSTOMER_ADDRESS3 = #customerAddress3:VARCHAR#,
      CUSTOMER_CITY = #customerCity:VARCHAR#,
      CUSTOMER_STATE = #customerState:VARCHAR#,
      CUSTOMER_ZIP = #customerZip:INTEGER#,
      CUSTOMER_MOBILE = #customerMobile:VARCHAR#,
      CUSTOMER_EMAIL = #customerEmail:VARCHAR#,
      BILL_AMOUNT = #billAmount:REAL#,
      REFERENCE_NO = #referenceNo:VARCHAR#,
      REMARKS = #remarks:VARCHAR#,
      CREATED_BY = #createdBy:VARCHAR#,
      CREATED_ON = getdate(),
      MODIFIED_BY = #modifiedBy:VARCHAR#,
      MODIFIED_ON = getdate()
    where INVOICE_NO = #invoiceNo:VARCHAR#
      and LINE_ITEM_ID = #lineItemId:INTEGER#
  </update>
  <update id="abatorgenerated_updateByPrimaryKeySelective" parameterClass="com.tcs.pos.common.data.partnerservices.DopPartnerServiceBooking" >
    <!--
      WARNING - This element is automatically generated by Abator for iBATIS, do not modify.
      This element was generated on Thu Mar 27 18:26:03 IST 2014.
    -->
    update DOP_PARTNER_SERVICE_BOOKING
    <dynamic prepend="set" >
      <isNotNull prepend="," property="billerId" >
        BILLER_ID = #billerId:VARCHAR#
      </isNotNull>
      <isNotNull prepend="," property="customerName" >
        CUSTOMER_NAME = #customerName:VARCHAR#
      </isNotNull>
      <isNotNull prepend="," property="customerAddress1" >
        CUSTOMER_ADDRESS1 = #customerAddress1:VARCHAR#
      </isNotNull>
      <isNotNull prepend="," property="customerAddress2" >
        CUSTOMER_ADDRESS2 = #customerAddress2:VARCHAR#
      </isNotNull>
      <isNotNull prepend="," property="customerAddress3" >
        CUSTOMER_ADDRESS3 = #customerAddress3:VARCHAR#
      </isNotNull>
      <isNotNull prepend="," property="customerCity" >
        CUSTOMER_CITY = #customerCity:VARCHAR#
      </isNotNull>
      <isNotNull prepend="," property="customerState" >
        CUSTOMER_STATE = #customerState:VARCHAR#
      </isNotNull>
      <isNotNull prepend="," property="customerZip" >
        CUSTOMER_ZIP = #customerZip:INTEGER#
      </isNotNull>
      <isNotNull prepend="," property="customerMobile" >
        CUSTOMER_MOBILE = #customerMobile:VARCHAR#
      </isNotNull>
      <isNotNull prepend="," property="customerEmail" >
        CUSTOMER_EMAIL = #customerEmail:VARCHAR#
      </isNotNull>
      <isNotNull prepend="," property="billAmount" >
        BILL_AMOUNT = #billAmount:REAL#
      </isNotNull>
      <isNotNull prepend="," property="referenceNo" >
        REFERENCE_NO = #referenceNo:VARCHAR#
      </isNotNull>
      <isNotNull prepend="," property="remarks" >
        REMARKS = #remarks:VARCHAR#
      </isNotNull>
      <isNotNull prepend="," property="createdBy" >
        CREATED_BY = #createdBy:VARCHAR#
      </isNotNull>
      <isNotNull prepend="," property="createdOn" >
        CREATED_ON = getdate()
      </isNotNull>
      <isNotNull prepend="," property="modifiedBy" >
        MODIFIED_BY = #modifiedBy:VARCHAR#
      </isNotNull>
      <isNotNull prepend="," property="modifiedOn" >
        MODIFIED_ON = getdate()
      </isNotNull>
    </dynamic>
    where INVOICE_NO = #invoiceNo:VARCHAR#
      and LINE_ITEM_ID = #lineItemId:INTEGER#
  </update>
  
  <select id="getMaxLineItemNo" resultClass="java.lang.Integer" parameterClass="com.tcs.pos.common.data.partnerservices.DopPartnerServiceBooking" >
    select MAX(LINE_ITEM_ID) LINE_ITEM_ID
    from DOP_PARTNER_SERVICE_BOOKING
    where INVOICE_NO = #invoiceNo:VARCHAR# FOR READ ONLY
  </select>
  
   <update id="updateTransactionDetails" parameterClass="com.tcs.pos.common.data.partnerservices.DopPartnerServiceBooking" >
    update DOP_PARTNER_SERVICE_BOOKING
    set BILLER_ID = #billerId:VARCHAR#,
      CUSTOMER_NAME = #customerName:VARCHAR#,
      CUSTOMER_ADDRESS1 = #customerAddress1:VARCHAR#,
      CUSTOMER_ADDRESS2 = #customerAddress2:VARCHAR#,
      CUSTOMER_ADDRESS3 = #customerAddress3:VARCHAR#,
      CUSTOMER_CITY = #customerCity:VARCHAR#,
      CUSTOMER_STATE = #customerState:VARCHAR#,
      CUSTOMER_ZIP = #customerZip:INTEGER#,
      CUSTOMER_MOBILE = #customerMobile:VARCHAR#,
      CUSTOMER_EMAIL = #customerEmail:VARCHAR#,
      BILL_AMOUNT = #billAmount:REAL#,
      REFERENCE_NO = #referenceNo:VARCHAR#,
      REMARKS = #remarks:VARCHAR#,      
      MODIFIED_BY = #modifiedBy:VARCHAR#,
      MODIFIED_ON = getdate(),
      COMMISSION_AMOUNT=#commission:DOUBLE#,
      TAX_AMOUNT=#taxAmount:DOUBLE#,
      NET_AMOUNT=#netAmount:DOUBLE#,
      SERVICE_TYPE_ID=#serviceTypeId:VARCHAR#
    where INVOICE_NO = #invoiceNo:VARCHAR#
      and LINE_ITEM_ID = #lineItemId:INTEGER#
  </update>
</sqlMap>