<?xml version="1.0" encoding="UTF-8"?>
<beans xmlns="http://www.springframework.org/schema/beans"
	xmlns:xsi="http://www.w3.org/2001/XMLSchema-instance" xmlns:aop="http://www.springframework.org/schema/aop"
	xsi:schemaLocation="http://www.springframework.org/schema/beans http://www.springframework.org/schema/beans/spring-beans-3.0.xsd">

	<bean id="ItemSvc" class="com.tcs.pos.server.daosvc.payment.printbill.ItemSvcImpl">
		<!--  <property name="oDocTypeSvc" ref="DocTypeSetupSvc">
		</property>-->
	</bean>
	<bean id="CategorySvc"
		class="com.tcs.pos.server.daosvc.invoice.itemlookup.CategorySvcImpl" />
	<bean id="InvoiceLookupSvc"
		class="com.tcs.pos.server.daosvc.invoicelevel.billlookup.InvoiceLookupSvcImpl" />
	<bean id="TillSvc"
		class="com.tcs.pos.server.daosvc.invoicelevel.billlookup.TillSvcImpl">
		<property name="oDocTypeSvc" ref="DocTypeSetupSvc">
		</property>
	</bean>
	<bean id="TenderSvc"
		class="com.tcs.pos.server.daosvc.payment.printbill.TenderSvcImpl">
		<property name="oDocTypeSvc" ref="DocTypeSetupSvc">
		</property>
	</bean>
	<bean id="InvoiceContentsSvc"
		class="com.tcs.pos.server.daosvc.payment.printbill.InvoiceContentsSvcImpl">
		<property name="oDocTypeSvc" ref="DocTypeSetupSvc">
		</property>
	</bean>
	<bean id="InvoiceSvc" class="com.tcs.pos.server.daosvc.invoice.sales.InvoiceSvcImpl">
		<property name="oDocTypeSvc" ref="DocTypeSetupSvc">
		</property>
		<property name="oNumGenSvc" ref="NumberGeneratorSvc">
		</property>
		<property name="oPrintFormatSvc" ref="PrintFormatSvc">
		</property>		
	</bean>

	<bean id="InvoiceNoGeneratorSvc"
		class="com.tcs.pos.server.daosvc.invoice.sales.InvoiceNoGeneratorSvcImpl">
		<property name="oDocTypeSvc" ref="DocTypeSetupSvc">
		</property>
	</bean>
	<bean id="DocTypeSetupSvc"
		class="com.tcs.pos.server.daosvc.payment.printbill.DocTypeSetupSvcImpl">
		<property name="oTxSvc" ref="TxDocumentRegisterSvc">
		</property>
	</bean>
	<bean id="CustomerSvc"
		class="com.tcs.pos.server.daosvc.common.customer.CustomerSvcImpl" />
	<!--<bean id="CustomerSvcCRM"
		class="com.tcs.retail.crm.service.CustomerSvcImpl" />
	--><bean id="PciCardDetailsSvc"
		class="com.tcs.pos.server.daosvc.payment.printbill.PciCardDetailsSvcImpl" />
	<bean id="UserRoleSvc"
		class="com.tcs.pos.server.daosvc.cashieroperation.common.UserRoleSvcImpl">
		<property name="oDocTypeSvc" ref="DocTypeSetupSvc">
		</property>
	</bean>
	<bean id="ParameterMasterSvc"
		class="com.tcs.pos.server.daosvc.invoice.b2binvoice.ParameterMasterSvcImpl" />
	<bean id="POSLineDisplaySvc"
		class="com.tcs.pos.server.daosvc.payment.printbill.POSLineDisplaySvcImpl" />
	<bean id="PaymentSvc"
		class="com.tcs.pos.server.daosvc.payment.printbill.PaymentSvcImpl">
		<property name="oTendersIssuedSvc" ref="TendersIssuedSvc">
		</property>
		<property name="oinvContSvc" ref="InvoiceContentsSvc">
		</property>
		<property name="oNumberGeneratorSvc" ref="NumberGeneratorSvc">
		</property>
		<property name="oDocTypeSvc" ref="DocTypeSetupSvc">
		</property>
		<property name="oStoreSvc" ref="StoreSvc">
		</property>
		<property name="oInvoiceSvc" ref="InvoiceSvc">
		</property>
		<property name="oTenderSvc" ref="TenderSvc">
		</property>
		<property name="oPrintFormatSvc" ref="PrintFormatSvc">
		</property>
		<property name="oApplicationConfigSvc" ref="ApplicationConfigSvc">
		</property>
		<!-- Code refactor By Rumpa -->
		<!--<property name="oCustomerSvc" ref="CustomerSvcCRM">
		</property>
	--></bean>
	<bean id="TxDocumentRegisterSvc"
		class="com.tcs.pos.server.daosvc.common.TxDocumentRegisterSvcImpl" />
	<bean id="RoleSvc"
		class="com.tcs.pos.server.daosvc.cashieroperation.common.RoleSvcImpl">
		<property name="oDocTypeSvc" ref="DocTypeSetupSvc">
		</property>
	</bean>
	<bean id="NumberGeneratorSvc"
		class="com.tcs.pos.server.daosvc.payment.printbill.NumberGeneratorSvcImpl">
		<property name="oInvNoGenSvc" ref="InvoiceNoGeneratorSvc">
		</property>
	</bean>

	<bean id="ElectronicJournalSvc"
		class="com.tcs.pos.server.daosvc.common.ElectronicJournalSvcImpl">
		<property name="oDocTypeSvc" ref="DocTypeSetupSvc">
		</property>
	</bean>
	<bean id="RoleAccessSvc"
		class="com.tcs.pos.server.daosvc.store.userrolemngmnt.RoleAccessSvcImpl">
		<property name="oDocTypeSvc" ref="DocTypeSetupSvc">
		</property>
	</bean>
	<bean id="TillOperationSvc"
		class="com.tcs.pos.server.daosvc.dayactivities.common.TillOperationSvcImpl">
		<property name="oDocTypeSvc" ref="DocTypeSetupSvc">
		</property>
		<property name="oTxDocumentRegisterSvc" ref="TxDocumentRegisterSvc">
		</property>
		<property name="oInvoiceSvc" ref="InvoiceSvc">
		</property>
		<property name="oPaymentSvc" ref="PaymentSvc">
		</property>
		<property name="oTenderIssuedSvc" ref="TendersIssuedSvc">
		</property>
		<property name="oMailSvc" ref="MailSvc">
		</property>
		<property name="oStoreOperationSvc" ref="StoreOperationSvc">
		</property>
	</bean>
	<bean id="DeliverySvc"
		class="com.tcs.pos.server.daosvc.others.delivery.DeliverySvcImpl" />
	<bean id="StoreSvc" class="com.tcs.pos.server.daosvc.common.StoreSvcImpl">
		<property name="oDocTypeSvc" ref="DocTypeSetupSvc">
		</property>
	</bean>
     <!--   <bean id="LoginRegisterDAO"
		class="com.tcs.retail.pos.dao.LoginRegisterDAOImpl" /> -->
	<bean id="LoginRegisterSvc"
		class="com.tcs.pos.server.daosvc.cashieroperation.common.LoginRegisterSvcImpl">
		<property name="oDocTypeSvc" ref="DocTypeSetupSvc">
		</property>
	</bean>
	<!-- <bean id="LoginRegisterAuditDAO" class="com.tcs.retail.pos.dao.LoginRegisterAuditDAOImpl" />-->
	<bean id="DeclarationSvc"
		class="com.tcs.pos.server.daosvc.others.declaration.DeclarationSvcImpl">
		<property name="oDocTypeSvc" ref="DocTypeSetupSvc">
		</property>
	</bean>
	<bean id="POSPrinterSvc"
		class="com.tcs.pos.server.daosvc.payment.printbill.POSPrinterSvcImpl" />
	<bean id="BillSlabWisePromotionSvc"
		class="com.tcs.pos.server.daosvc.promotions.BillSlabWisePromotionSvcImpl" />
	<bean id="PrintFormatSvc"
		class="com.tcs.pos.server.daosvc.payment.printbill.PrintFormatSvcImpl">
		<property name="oinvContSvc" ref="InvoiceContentsSvc">
		</property>
		<property name="oStoreSvc" ref="StoreSvc">
		</property>
		<property name="oItemSvc" ref="ItemSvc">
		</property>
		<property name="oInvoiceSvc" ref="InvoiceSvc">
		</property>
	</bean>
	<!--
		<bean id="RoleMasterDAO"
		class="com.tcs.retail.pos.dao.RoleMasterDAOImpl" /> AMEEYA
	-->
	<!--
		<bean id="StoreOperationSvc"
		class="com.tcs.retail.pos.service.StoreOperationSvcImpl">
	-->

	<bean id="StoreOperationSvc"
		class="com.tcs.pos.server.daosvc.dayactivities.common.StoreOperationSvcImpl">
		<property name="oDocTypeSvc" ref="DocTypeSetupSvc">
		</property>
		<property name="oRepDesignSvc" ref="ReportDesignSvc">
		</property>
		<property name="oInvoiceSvc" ref="InvoiceSvc">
		</property>
		<property name="oPaymentSvc" ref="PaymentSvc">
		</property>
		<property name="oTenderIssuedSvc" ref="TendersIssuedSvc">
		</property>
		<property name="oTillSvc" ref="TillSvc">
		</property>
		<property name="oMailSvc" ref="MailSvc">
		</property>
		<property name="oInvoicePaymentSvc" ref="InvoiceSvc">
		</property>
	</bean>
	<bean id="RefactorDeclarationSvc"
		class="com.tcs.pos.server.daosvc.others.declaration.RefactorDeclarationSvcImpl">
		<property name="oDocTypeSvc" ref="DocTypeSetupSvc">
		</property>
		<property name="tillSvc" ref="TillSvc">
		</property>
		<property name="oInvoiceSvc" ref="InvoiceSvc">
		</property>
		<property name="oNoGenSvc" ref="NumberGeneratorSvc">
		</property>
		<property name="paymentSvc" ref="PaymentSvc">
		</property>
		<property name="oTenderSvc" ref="TenderSvc">
		</property>
		<property name="oDeclarationSvc" ref="DeclarationSvc">
		</property>
	</bean>
	<bean id="InvoiceItemPromoSvc"
		class="com.tcs.pos.server.daosvc.promotions.InvoiceItemPromoSvcImpl" />
	<bean id="PasswordHistorySvc"
		class="com.tcs.pos.server.daosvc.cashieroperation.changepassword.PasswordHistorySvcImpl">
		<property name="oDocTypeSvc" ref="DocTypeSetupSvc">
		</property>
	</bean>
	<bean id="DashBoardSvc"
		class="com.tcs.pos.server.daosvc.dayactivities.common.DashBoardSvcImpl" />
	<bean id="ManagerAuthSvc"
		class="com.tcs.pos.server.daosvc.payment.printbill.ManagerAuthSvcImpl">
		<property name="oDocTypeSvc" ref="DocTypeSetupSvc">
		</property>
	</bean>
	<!--
		<bean id="InvoiceItemDAO"
		class="com.tcs.pos.server.dao.invoice.sales.InvoiceItemDAOImpl" />
	-->
	<bean id="ReasonCodeSvc"
		class="com.tcs.pos.server.daosvc.invoice.sales.ReasonCodeSvcImpl">
		<property name="oDocTypeSvc" ref="DocTypeSetupSvc">
		</property>
	</bean>
	<bean id="ApplicationConfigSvc"
		class="com.tcs.pos.server.daosvc.common.ApplicationConfigSvcImpl">
		<property name="oDocTypeSvc" ref="DocTypeSetupSvc">
		</property>
	</bean>
	<bean id="ApplyPromotionsSvc"
		class="com.tcs.pos.server.daosvc.promotions.ApplyPromotionsSvcImpl" />
	<bean id="FreeGoodSlipSvc"
		class="com.tcs.pos.server.daosvc.payment.printbill.FreeGoodSlipSvcImpl" />
	<bean id="TendersIssuedSvc"
		class="com.tcs.pos.server.daosvc.payment.printbill.TendersIssuedSvcImpl">
		<property name="oDocTypeSvc" ref="DocTypeSetupSvc">
		</property>
		<property name="oNoGenSvc" ref="NumberGeneratorSvc">
		</property>
	</bean>
	<bean id="GiftReceiptSvc"
		class="com.tcs.pos.server.daosvc.payment.printbill.GiftReceiptSvcImpl">
		<property name="oDocTypeSvc" ref="DocTypeSetupSvc">
		</property>
	</bean>
	<bean id="FreeGoodsSvc"
		class="com.tcs.pos.server.daosvc.payment.printbill.FreeGoodsSvcImpl">
		<property name="oDocTypeSvc" ref="DocTypeSetupSvc">
		</property>
	</bean>
	<bean id="ShelfEdgeDesignSvc"
		class="com.tcs.pos.server.daosvc.payment.printbill.ShelfEdgeDesignSvcImpl" />
	<bean id="ReportDesignSvc"
		class="com.tcs.pos.server.daosvc.dayactivities.common.ReportDesignSvcImpl">
		<property name="oDocTypeSvc" ref="DocTypeSetupSvc">
		</property>
	</bean>
	<bean id="MailSvc"
		class="com.tcs.pos.server.daosvc.dayactivities.common.MailSvcImpl" />
	<bean id="PromotionConfigSvc"
		class="com.tcs.pos.server.daosvc.promotions.PromotionConfigSvcImpl">
		<!--  <property name="oNumberGeneratorSvc" ref="NumberGeneratorSvc">
		</property>-->
	</bean>
	<bean id="CustSpecPromotionsPreApplySvc"
		class="com.tcs.pos.server.daosvc.promotions.CustSpecPromotionsPreApplySvcImpl" />
	<!--
		<bean id="CashFloatSvc"
		class="com.tcs.retail.pos.service.CashFloatSvcImpl" /> AMEEYA
	-->

	<bean id="UserSvc"
		class="com.tcs.pos.server.daosvc.cashieroperation.login.UserSvcImpl">
		<property name="oDocTypeSvc" ref="DocTypeSetupSvc" />
	</bean>

	<!-- Added for processor classes -->

	<bean id="IitemScanProcessor"
		class="com.tcs.pos.server.serviceimpl.invoice.itemscan.ItemScanProcessorImpl">

	</bean>

	<bean id="FirstItemScanOrc"
		class="com.tcs.pos.server.orcimpl.invoice.itemscan.firstitemscanorc.FirstItemScanOrchestrationImpl">

	</bean>

	<bean id="ProcessStep_GetItemCode"
		class="com.tcs.pos.server.orcimpl.invoice.itemscan.getitemcode.ProcessStep_GetItemCodeImpl">

	</bean>

	<bean id="CustomerSearch"
		class="com.tcs.pos.server.serviceimpl.customerlookup.CustomerSearchImpl">

	</bean>

	<bean id="Whcc_card" class="com.tcs.pos.server.serviceimpl.payment.Whcc_cardImpl">

	</bean>
	<bean id="Ipayment" class="com.tcs.pos.server.serviceimpl.payment.common.Payment">

	</bean>
	<bean id="IextendedWarrantyProcessor"
		class="com.tcs.pos.server.serviceimpl.invoice.extendedwarranty.ExtendedWarrantyProcessorImpl">

	</bean>

	<bean id="IinvoiceHelper"
		class="com.tcs.pos.server.serviceimpl.helper.invoice.InvoiceHelperImpl">

	</bean>
	<bean id="IpromotionEngineOrc"
		class="com.tcs.pos.server.orcimpl.invoice.promotions.PromoEngineOrcImpl">

	</bean>
	<bean id="Ib2BInvoicePopUp"
		class="com.tcs.pos.server.serviceimpl.invoice.b2binvoice.B2BInvoicePopUpImpl">
	</bean>
	<bean id="ImanagerAuth"
		class="com.tcs.pos.server.serviceimpl.helper.invoice.ManagerAuthImpl">
	</bean>
	<bean id="IprintBillProcess"
		class="com.tcs.pos.server.service.payment.closebill.impl.PrintBillProcessImpl">
	</bean>
	<bean id="IaddPaymentProcessor"
		class="com.tcs.pos.server.serviceimpl.payment.addpayment.AddPaymentProcessorImpl">
	</bean>

	<bean id="Tender_Extension"
		class="com.tcs.pos.server.service.payment.tenderextension.impl.Tender_ExtensionImpl">
	</bean>
	<bean id="IpriceChangeProcessor"
		class="com.tcs.pos.server.serviceimpl.invoice.pricechange.PriceChangeProcessorImpl">
	</bean>
	<bean id="IquantityChangeProcessor"
		class="com.tcs.pos.server.serviceimpl.invoice.quantitychange.QuantityChangeProcessorImpl">
	</bean>
	<bean id="PriceChangeValidationOrchestration"
		class="com.tcs.pos.server.orcimpl.invoice.pricechange.PriceChangeValidationOrchestrationImpl">
	</bean>

	<bean id="IitemLevelDiscountLogic"
		class="com.tcs.pos.server.serviceimpl.invoice.promotions.ItemLevelDiscountLogicImpl">
	</bean>
	<bean id="ItemLevelDiscountCommon"
		class="com.tcs.pos.server.serviceimpl.helper.payment.ItemLevelDiscountCommonImpl">
	</bean>
	<bean id="EJournalOrchestrator"
		class="com.tcs.pos.server.orcimpl.invoice.common.EJournalOrchestratorImpl">
	</bean>
	<bean id="DashBoardOrchestrator"
		class="com.tcs.pos.server.orcimpl.invoice.common.DashBoardOrchestratorImpl">
	</bean>
	<bean id="IeJournalEntry"
		class="com.tcs.pos.server.serviceimpl.invoice.common.EJournalEntryImpl">
	</bean>

	<bean id="IbillLevelDiscount"
		class="com.tcs.pos.server.serviceimpl.invoice.promotions.BillLevelDiscountLogicImpl">
	</bean>

	<bean id="IauthorizationProcessor"
		class="com.tcs.pos.server.serviceimpl.authorization.manager.AuthorizationProcessorImpl">
	</bean>

	<bean id="IbillHold"
		class="com.tcs.pos.server.serviceimpl.invoice.billhold.BillHoldImpl">
	</bean>
	<bean id="IcommonMessages"
		class="com.tcs.pos.server.serviceimpl.helper.invoice.CommonMessagesImpl">
	</bean>
	

    <bean id="SystemModeConfigSvc"
		class="com.tcs.pos.server.daosvc.common.SystemModeConfigSvcImpl">
	</bean>
	
	<bean id="DbSetupSvc" 
		class="com.tcs.pos.server.serviceimpl.common.DbSetupSvcImpl">
	</bean>
     <!-- Code refactor By Rumpa -->
	<!--<bean id="AuthorisationService" 
		class="com.tcs.mighty.security.DBAuthorisationServiceIbatis">
	</bean>-->
	<bean id="IprintBill" 
		class="com.tcs.pos.server.service.payment.printbill.impl.PrintBillImpl">
	</bean>

	<bean id="CardPaymentDetailsSvc"
		class="com.tcs.pos.server.daosvc.payment.printbill.CardPaymentDetailsSvcImpl">
	</bean>
	<bean id="CardPaymentDetailsAuditSvc"
		class="com.tcs.pos.server.daosvc.payment.printbill.CardPaymentDetailsAuditSvcImpl">
	</bean>
	<!-- Added by Varsha for IPO Sale Development -->
	<bean id="IPOSaleAndPaymentSvc"	class="com.tcs.dop.pos.server.mailops.iposale.svcimpl.IPOSaleAndPaymentSvcImpl" />	
<!-- Added by Rumpa for DirectPost -->
	<bean id="DirectPostSvc" class="com.tcs.dop.pos.server.daosvc.directpost.DirectPostSvcImpl" />
	<!-- Added by 591494 for Speed post & Express Parcel Post -->
	<bean id="SpeedPostSvc" class="com.tcs.dop.server.daosvc.speedpost.SpeedPostSvcImpl" />
	<!-- Added by 729248 for Philately -->
	<bean id="PhilatelySvc" class="com.tcs.pos.server.daosvc.philately.PhilatelySvcImpl" />
	
	<bean id="ProdConfigSvc"
		class="com.tcs.pos.local.config.business.ProdConfigSvcImpl">
	</bean>
</beans>




