<?xml version="1.0" encoding="UTF-8" ?>
<!DOCTYPE sqlMap PUBLIC "-//ibatis.apache.org//DTD SQL Map 2.0//EN" "http://ibatis.apache.org/dtd/sql-map-2.dtd" >
<sqlMap namespace="DOP_FRANKING_PURPOSE_SERVICE_MAPPING" >
  <resultMap id="abatorgenerated_DopFrankingPurposeServiceMappingResult" class="com.tcs.dop.pos.common.data.frankingmachine.purposemaster.DopFrankingPurposeServiceMapping" >
    <!--
      WARNING - This element is automatically generated by Abator for iBATIS, do not modify.
      This element was generated on Fri May 09 12:28:24 IST 2014.
    -->
   <!-- <result column="PURPOSE_SERVICE_ID" property="purposeServiceId" jdbcType="INTEGER" />-->
    <result column="SERVICE_ID" property="serviceId" jdbcType="VARCHAR" />
    <result column="PURPOSE_ID" property="purposeId" jdbcType="VARCHAR" />
    <result column="ACTIVATION_DATE" property="activationDate" jdbcType="DATE" />
    <result column="EXPIRY_DATE" property="expiryDate" jdbcType="DATE" />
    <result column="CREATED_BY" property="createdBy" jdbcType="VARCHAR" />
    <result column="CREATED_ON" property="createdOn" jdbcType="TIMESTAMP" />
    <result column="MODIFIED_BY" property="modifiedBy" jdbcType="VARCHAR" />
    <result column="MODIFIED_ON" property="modifiedOn" jdbcType="TIMESTAMP" />
  </resultMap>
  <select id="abatorgenerated_selectByPrimaryKey" resultMap="abatorgenerated_DopFrankingPurposeServiceMappingResult" parameterClass="com.tcs.dop.pos.common.data.frankingmachine.purposemaster.DopFrankingPurposeServiceMapping" >
    <!--
      WARNING - This element is automatically generated by Abator for iBATIS, do not modify.
      This element was generated on Fri May 09 12:28:24 IST 2014.
    -->
    select  SERVICE_ID, PURPOSE_ID, ACTIVATION_DATE, EXPIRY_DATE, CREATED_BY,
      CREATED_ON, MODIFIED_BY, MODIFIED_ON
    from DOP_FRANKING_PURPOSE_SERVICE_MAPPING
    where PURPOSE_ID = #purposeId:VARCHAR# FOR READ ONLY
  </select>
  <delete id="abatorgenerated_deleteByPrimaryKey" parameterClass="com.tcs.dop.pos.common.data.frankingmachine.purposemaster.DopFrankingPurposeServiceMapping" >
    <!--
      WARNING - This element is automatically generated by Abator for iBATIS, do not modify.
      This element was generated on Fri May 09 12:28:24 IST 2014.
    -->
    delete from DOP_FRANKING_PURPOSE_SERVICE_MAPPING
    where PURPOSE_SERVICE_ID = #purposeServiceId:INTEGER#
  </delete>
  <insert id="abatorgenerated_insert" parameterClass="com.tcs.dop.pos.common.data.frankingmachine.purposemaster.DopFrankingPurposeServiceMapping" >
    <!--
      WARNING - This element is automatically generated by Abator for iBATIS, do not modify.
      This element was generated on Fri May 09 12:28:24 IST 2014.
    -->
    insert into DOP_FRANKING_PURPOSE_SERVICE_MAPPING (PURPOSE_SERVICE_ID, SERVICE_ID, PURPOSE_ID,
      ACTIVATION_DATE, EXPIRY_DATE, CREATED_BY, CREATED_ON, MODIFIED_BY, MODIFIED_ON)
    values (#purposeServiceId:INTEGER#, #serviceId:VARCHAR#, #purposeId:VARCHAR#,
      #activationDate:DATE#, #expiryDate:DATE#, #createdBy:VARCHAR#, getdate(),
      #modifiedBy:VARCHAR#, getdate())
  </insert>
  <update id="abatorgenerated_updateByPrimaryKey" parameterClass="com.tcs.dop.pos.common.data.frankingmachine.purposemaster.DopFrankingPurposeServiceMapping" >
    <!--
      WARNING - This element is automatically generated by Abator for iBATIS, do not modify.
      This element was generated on Fri May 09 12:28:24 IST 2014.
    -->
    update DOP_FRANKING_PURPOSE_SERVICE_MAPPING
    set SERVICE_ID = #serviceId:VARCHAR#,
      PURPOSE_ID = #purposeId:VARCHAR#,
      ACTIVATION_DATE = #activationDate:DATE#,
      EXPIRY_DATE = #expiryDate:DATE#,
      CREATED_BY = #createdBy:VARCHAR#,
      CREATED_ON = getdate(),
      MODIFIED_BY = #modifiedBy:VARCHAR#,
      MODIFIED_ON = getdate()
    where PURPOSE_SERVICE_ID = #purposeServiceId:INTEGER#
  </update>
  <update id="abatorgenerated_updateByPrimaryKeySelective" parameterClass="com.tcs.dop.pos.common.data.frankingmachine.purposemaster.DopFrankingPurposeServiceMapping" >
    <!--
      WARNING - This element is automatically generated by Abator for iBATIS, do not modify.
      This element was generated on Fri May 09 12:28:24 IST 2014.
    -->
    update DOP_FRANKING_PURPOSE_SERVICE_MAPPING
    <dynamic prepend="set" >
      <isNotNull prepend="," property="serviceId" >
        SERVICE_ID = #serviceId:VARCHAR#
      </isNotNull>
      <isNotNull prepend="," property="purposeId" >
        PURPOSE_ID = #purposeId:VARCHAR#
      </isNotNull>
      <isNotNull prepend="," property="activationDate" >
        ACTIVATION_DATE = #activationDate:DATE#
      </isNotNull>
      <isNotNull prepend="," property="expiryDate" >
        EXPIRY_DATE = #expiryDate:DATE#
      </isNotNull>
      <isNotNull prepend="," property="createdBy" >
        CREATED_BY = #createdBy:VARCHAR#
      </isNotNull>
      <isNotNull prepend="," property="createdOn" >
        CREATED_ON = getdate()
      </isNotNull>
      <isNotNull prepend="," property="modifiedBy" >
        MODIFIED_BY = #modifiedBy:VARCHAR#
      </isNotNull>
      <isNotNull prepend="," property="modifiedOn" >
        MODIFIED_ON = getdate()
      </isNotNull>
    </dynamic>
    where PURPOSE_SERVICE_ID = #purposeServiceId:INTEGER#
  </update>

   <resultMap id="abatorgenerated_DopFrankingPurposeServiceMappingResultPurpose" class="com.tcs.dop.pos.common.data.frankingmachine.purposemaster.DopFrankingPurposeServiceMapping" >
    <!--
      WARNING - This element is automatically generated by Abator for iBATIS, do not modify.
      This element was generated on Thu Apr 03 15:29:33 IST 2014.
    -->
     <result column="PURPOSE_ID" property="purposeId" jdbcType="VARCHAR" />
    <result column="PURPOSE_NAME" property="purposeName" jdbcType="VARCHAR" />
    <result column="TYPE_ID" property="typeId" jdbcType="VARCHAR" />    
  </resultMap>
   <select id="abatorgenerated_getReasonsForAddressChange" resultMap="abatorgenerated_DopFrankingPurposeServiceMappingResultPurpose" parameterClass="com.tcs.dop.pos.common.data.frankingmachine.purposemaster.DopFrankingPurposeServiceMapping" >
    <!--
      WARNING - This element is automatically generated by Abator for iBATIS, do not modify.
      This element was generated on Thu Apr 03 15:29:33 IST 2014.
    -->
SELECT PSM.PURPOSE_ID,PM.PURPOSE_NAME,PSM.TYPE_ID FROM DOP_FRANKING_PURPOSE_MASTER PM,DOP_FRANKING_PURPOSE_SERVICE_MAPPING PSM  where SERVICE_ID='FRA_ADDR_CHNG' and 
PSM.PURPOSE_ID=PM.PURPOSE_ID and PSM.IS_POS='Y' FOR READ ONLY
  </select>
   <select id="abatorgenerated_getReasonForCancellationLicense" resultMap="abatorgenerated_DopFrankingPurposeServiceMappingResultPurpose" parameterClass="com.tcs.dop.pos.common.data.frankingmachine.purposemaster.DopFrankingPurposeServiceMapping" >
    <!--
      WARNING - This element is automatically generated by Abator for iBATIS, do not modify.
      This element was generated on Thu Apr 03 15:29:33 IST 2014.
    -->
SELECT PSM.PURPOSE_ID,PM.PURPOSE_NAME,PSM.TYPE_ID FROM DOP_FRANKING_PURPOSE_MASTER PM,DOP_FRANKING_PURPOSE_SERVICE_MAPPING PSM  where SERVICE_ID='FRA_CANCEL' and 
PSM.PURPOSE_ID=PM.PURPOSE_ID and PSM.IS_POS='Y' FOR READ ONLY
  </select>
  <select id="abatorgenerated_getTransactionPurpose" resultMap="abatorgenerated_DopFrankingPurposeServiceMappingResultPurpose" parameterClass="com.tcs.dop.pos.common.data.frankingmachine.purposemaster.DopFrankingPurposeServiceMapping" >
    <!--
      WARNING - This element is automatically generated by Abator for iBATIS, do not modify.
      This element was generated on Thu Apr 03 15:29:33 IST 2014.
    -->
SELECT PSM.PURPOSE_ID,PM.PURPOSE_NAME,PSM.TYPE_ID FROM DOP_FRANKING_PURPOSE_MASTER PM,DOP_FRANKING_PURPOSE_SERVICE_MAPPING PSM  where SERVICE_ID = #serviceId:VARCHAR# and 
PSM.PURPOSE_ID=PM.PURPOSE_ID and PSM.IS_POS='Y' FOR READ ONLY
  </select>
</sqlMap>