<?xml version="1.0" encoding="UTF-8" ?>
<!DOCTYPE sqlMap PUBLIC "-//ibatis.apache.org//DTD SQL Map 2.0//EN" "http://ibatis.apache.org/dtd/sql-map-2.dtd" >
<sqlMap namespace="DOP_FRANKING_LA_DIVISON_MAPPING" >
  <resultMap id="abatorgenerated_DopFrankingLaDivisonMappingResult" class="com.tcs.dop.pos.common.data.frankingmachine.licensingauthority.DopFrankingLaDivisonMapping" >
    <!--
      WARNING - This element is automatically generated by Abator for iBATIS, do not modify.
      This element was generated on Thu Apr 03 12:26:08 IST 2014.
    -->
    <result column="LA_DIVISON_MAPPING_ID" property="laDivisonMappingId" jdbcType="INTEGER" />
    <result column="LICENSING_AUTHORITY_CODE" property="licensingAuthorityCode" jdbcType="VARCHAR" />
    <result column="DIVISON_FACILITY_ID" property="divisonFacilityId" jdbcType="VARCHAR" />
    <result column="CREATED_BY" property="createdBy" jdbcType="VARCHAR" />
    <result column="CREATED_ON" property="createdOn" jdbcType="TIMESTAMP" />
    <result column="MODIFIED_BY" property="modifiedBy" jdbcType="VARCHAR" />
    <result column="MODIFIED_ON" property="modifiedOn" jdbcType="TIMESTAMP" />
  </resultMap>
  <select id="abatorgenerated_selectByPrimaryKey" resultMap="abatorgenerated_DopFrankingLaDivisonMappingResult" parameterClass="com.tcs.dop.pos.common.data.frankingmachine.licensingauthority.DopFrankingLaDivisonMapping" >
    <!--
      WARNING - This element is automatically generated by Abator for iBATIS, do not modify.
      This element was generated on Thu Apr 03 12:26:08 IST 2014.
    -->
    select LA_DIVISON_MAPPING_ID, LICENSING_AUTHORITY_CODE, DIVISON_FACILITY_ID, CREATED_BY,
      CREATED_ON, MODIFIED_BY, MODIFIED_ON
    from DOP_FRANKING_LA_DIVISON_MAPPING
    where LA_DIVISON_MAPPING_ID = #laDivisonMappingId:INTEGER# FOR READ ONLY
  </select>
  <delete id="abatorgenerated_deleteByPrimaryKey" parameterClass="com.tcs.dop.pos.common.data.frankingmachine.licensingauthority.DopFrankingLaDivisonMapping" >
    <!--
      WARNING - This element is automatically generated by Abator for iBATIS, do not modify.
      This element was generated on Thu Apr 03 12:26:08 IST 2014.
    -->
    delete from DOP_FRANKING_LA_DIVISON_MAPPING
    where LA_DIVISON_MAPPING_ID = #laDivisonMappingId:INTEGER#
  </delete>
  <insert id="abatorgenerated_insert" parameterClass="com.tcs.dop.pos.common.data.frankingmachine.licensingauthority.DopFrankingLaDivisonMapping" >
    <!--
      WARNING - This element is automatically generated by Abator for iBATIS, do not modify.
      This element was generated on Thu Apr 03 12:26:08 IST 2014.
    -->
    insert into DOP_FRANKING_LA_DIVISON_MAPPING (LA_DIVISON_MAPPING_ID, LICENSING_AUTHORITY_CODE,
      DIVISON_FACILITY_ID, CREATED_BY, CREATED_ON, MODIFIED_BY, MODIFIED_ON)
    values (#laDivisonMappingId:INTEGER#, #licensingAuthorityCode:VARCHAR#,
      #divisonFacilityId:VARCHAR#, #createdBy:VARCHAR#, getdate(), #modifiedBy:VARCHAR#,
      getdate())
  </insert>
  <update id="abatorgenerated_updateByPrimaryKey" parameterClass="com.tcs.dop.pos.common.data.frankingmachine.licensingauthority.DopFrankingLaDivisonMapping" >
    <!--
      WARNING - This element is automatically generated by Abator for iBATIS, do not modify.
      This element was generated on Thu Apr 03 12:26:08 IST 2014.
    -->
    update DOP_FRANKING_LA_DIVISON_MAPPING
    set LICENSING_AUTHORITY_CODE = #licensingAuthorityCode:VARCHAR#,
      DIVISON_FACILITY_ID = #divisonFacilityId:VARCHAR#,
      CREATED_BY = #createdBy:VARCHAR#,
      CREATED_ON = getdate(),
      MODIFIED_BY = #modifiedBy:VARCHAR#,
      MODIFIED_ON = getdate()
    where LA_DIVISON_MAPPING_ID = #laDivisonMappingId:INTEGER#
  </update>
  <update id="abatorgenerated_updateByPrimaryKeySelective" parameterClass="com.tcs.dop.pos.common.data.frankingmachine.licensingauthority.DopFrankingLaDivisonMapping" >
    <!--
      WARNING - This element is automatically generated by Abator for iBATIS, do not modify.
      This element was generated on Thu Apr 03 12:26:08 IST 2014.
    -->
    update DOP_FRANKING_LA_DIVISON_MAPPING
    <dynamic prepend="set" >
      <isNotNull prepend="," property="licensingAuthorityCode" >
        LICENSING_AUTHORITY_CODE = #licensingAuthorityCode:VARCHAR#
      </isNotNull>
      <isNotNull prepend="," property="divisonFacilityId" >
        DIVISON_FACILITY_ID = #divisonFacilityId:VARCHAR#
      </isNotNull>
      <isNotNull prepend="," property="createdBy" >
        CREATED_BY = #createdBy:VARCHAR#
      </isNotNull>
      <isNotNull prepend="," property="createdOn" >
        CREATED_ON = getdate()
      </isNotNull>
      <isNotNull prepend="," property="modifiedBy" >
        MODIFIED_BY = #modifiedBy:VARCHAR#
      </isNotNull>
      <isNotNull prepend="," property="modifiedOn" >
        MODIFIED_ON = getdate()
      </isNotNull>
    </dynamic>
    where LA_DIVISON_MAPPING_ID = #laDivisonMappingId:INTEGER#
  </update>
    <resultMap id="abatorgenerated_DopFrankingLaDivisonMappingResultLA" class="com.tcs.dop.pos.common.data.frankingmachine.licensingauthority.DopFrankingLaDivisonMapping" >
    <!--
      WARNING - This element is automatically generated by Abator for iBATIS, do not modify.
      This element was generated on Thu Apr 03 12:26:08 IST 2014.
    -->
    
    <result column="LICENSING_AUTHORITY_CODE" property="licensingAuthorityCode" jdbcType="VARCHAR" />
    <result column="LICENSING_AUTHORITY_NAME" property="licensingAuthorityName" jdbcType="VARCHAR" />

  </resultMap>
	<select id="abatorgenerated_getLicensingAuthority" resultMap="abatorgenerated_DopFrankingLaDivisonMappingResultLA"
		parameterClass="com.tcs.dop.pos.common.data.frankingmachine.licensingauthority.DopFrankingLaDivisonMapping">

		SELECT DM.LICENSING_AUTHORITY_CODE,LA.LICENSING_AUTHORITY_NAME FROM
		DOP_FRANKING_LA_DIVISON_MAPPING
		DM,DOP_FRANKING_LICENSING_AUTHORITY_MASTER LA where
		DIVISON_FACILITY_ID=#divisonFacilityId:VARCHAR#
		and LA.LICENSING_AUTHORITY_CODE=DM.LICENSING_AUTHORITY_CODE and
		LA.EXPIRY_DATE &gt; getDate()-1 and LA.ACTIVATION_DATE &lt; getDate()  FOR READ ONLY
     </select>
</sqlMap>