<?xml version="1.0" encoding="UTF-8" ?>
<!DOCTYPE sqlMap PUBLIC "-//ibatis.apache.org//DTD SQL Map 2.0//EN" "http://ibatis.apache.org/dtd/sql-map-2.dtd" >
<sqlMap namespace="POSTAL_CASH_PICKUP_DENOMINATION" >
  <resultMap id="abatorgenerated_PostalCashPickupDenominationResult" class="com.tcs.pos.common.data.others.cashpickup.PostalCashPickupDenomination" >
    <!--
      WARNING - This element is automatically generated by Abator for iBATIS, do not modify.
      This element was generated on Thu Sep 12 15:43:01 IST 2013.
    -->
    <result column="CASH_PICKUP_SEQUENCE_ID" property="cashPickupSequenceId" jdbcType="INTEGER" />
    <result column="MONEYTARY_DENOMINATION_ID" property="moneytaryDenominationId" jdbcType="INTEGER" />
    <result column="QUANTITY" property="quantity" jdbcType="INTEGER" />
    <result column="CREATED_BY" property="createdBy" jdbcType="VARCHAR" />
    <result column="CREATED_ON" property="createdOn" jdbcType="TIMESTAMP" />
    <result column="MODIFIED_BY" property="modifiedBy" jdbcType="VARCHAR" />
    <result column="MODIFIED_ON" property="modifiedOn" jdbcType="TIMESTAMP" />
    <result column="STORE_ID" property="storeId" jdbcType="VARCHAR" />
     <result column="FORMAT_ID" property="formatId" jdbcType="VARCHAR" />
    
  </resultMap>
  <select id="abatorgenerated_selectByPrimaryKey" resultMap="abatorgenerated_PostalCashPickupDenominationResult" parameterClass="com.tcs.pos.common.data.others.cashpickup.PostalCashPickupDenominationKey" >
    <!--
      WARNING - This element is automatically generated by Abator for iBATIS, do not modify.
      This element was generated on Thu Sep 12 15:43:01 IST 2013.
    -->
    select CASH_PICKUP_SEQUENCE_ID, MONEYTARY_DENOMINATION_ID,QUANTITY, CREATED_BY, CREATED_ON,
      MODIFIED_BY, MODIFIED_ON,STORE_ID,FORMAT_ID
    from POSTAL_CASH_PICKUP_DENOMINATION
    where CASH_PICKUP_SEQUENCE_ID = #cashPickupSequenceId:INTEGER#
      and MONETARY_DENOMINATION_ID = #moneytaryDenominationId:INTEGER#
      and STORE_ID=#storeId:VARCHAR#
      and FORMAT_ID=#formatId:VARCHAR# FOR READ ONLY
      
  </select>
  <delete id="abatorgenerated_deleteByPrimaryKey" parameterClass="com.tcs.pos.common.data.others.cashpickup.PostalCashPickupDenominationKey" >
    <!--
      WARNING - This element is automatically generated by Abator for iBATIS, do not modify.
      This element was generated on Thu Sep 12 15:43:01 IST 2013.
    -->
    delete from POSTAL_CASH_PICKUP_DENOMINATION
    where CASH_PICKUP_SEQUENCE_ID = #cashPickupSequenceId:INTEGER#
      and MONEYTARY_DENOMINATION_ID = #moneytaryDenominationId:INTEGER#
      and STORE_ID=#storeId:VARCHAR#
      and FORMAT_ID=#formatId:VARCHAR#
      
  </delete>
  <insert id="abatorgenerated_insert" parameterClass="com.tcs.pos.common.data.others.cashpickup.PostalCashPickupDenomination" >
    <!--
      WARNING - This element is automatically generated by Abator for iBATIS, do not modify.
      This element was generated on Thu Sep 12 15:43:01 IST 2013.
    -->
    insert into POSTAL_CASH_PICKUP_DENOMINATION (CASH_PICKUP_SEQUENCE_ID, MONEYTARY_DENOMINATION_ID,
      QUANTITY, CREATED_BY, CREATED_ON, MODIFIED_BY, MODIFIED_ON,STORE_ID,FORMAT_ID)
    values (#cashPickupSequenceId:INTEGER#, #moneytaryDenominationId:INTEGER#,
      #quantity:INTEGER#, #createdBy:VARCHAR#, getdate(), #modifiedBy:VARCHAR#,
      getdate(),#storeId:VARCHAR#,#formatId:VARCHAR#)
  </insert>
  <update id="abatorgenerated_updateByPrimaryKey" parameterClass="com.tcs.pos.common.data.others.cashpickup.PostalCashPickupDenomination" >
    <!--
      WARNING - This element is automatically generated by Abator for iBATIS, do not modify.
      This element was generated on Thu Sep 12 15:43:01 IST 2013.
    -->
    update POSTAL_CASH_PICKUP_DENOMINATION
    set QUANTITY = #quantity:INTEGER#,
      CREATED_BY = #createdBy:VARCHAR#,
      CREATED_ON = getdate(),
      MODIFIED_BY = #modifiedBy:VARCHAR#,
      MODIFIED_ON = getdate()
    where CASH_PICKUP_SEQUENCE_ID = #cashPickupSequenceId:INTEGER#
      and MONEYTARY_DENOMINATION_ID = #moneytaryDenominationId:INTEGER#
      and STORE_ID=#storeId:VARCHAR#
      and FORMAT_ID=#formatId:VARCHAR#
     
  </update>
  <update id="abatorgenerated_updateByPrimaryKeySelective" parameterClass="com.tcs.pos.common.data.others.cashpickup.PostalCashPickupDenomination" >
    <!--
      WARNING - This element is automatically generated by Abator for iBATIS, do not modify.
      This element was generated on Thu Sep 12 15:43:01 IST 2013.
    -->
    update POSTAL_CASH_PICKUP_DENOMINATION
    <dynamic prepend="set" >
      <isNotNull prepend="," property="quantity" >
        QUANTITY = #quantity:INTEGER#
      </isNotNull>
      <isNotNull prepend="," property="createdBy" >
        CREATED_BY = #createdBy:VARCHAR#
      </isNotNull>
      <isNotNull prepend="," property="createdOn" >
        CREATED_ON = getdate()
      </isNotNull>
      <isNotNull prepend="," property="modifiedBy" >
        MODIFIED_BY = #modifiedBy:VARCHAR#
      </isNotNull>
      <isNotNull prepend="," property="modifiedOn" >
        MODIFIED_ON = getdate()
      </isNotNull>
    </dynamic>
    where CASH_PICKUP_SEQUENCE_ID = #cashPickupSequenceId:INTEGER#
      and MONEYTARY_DENOMINATION_ID = #moneytaryDenominationId:INTEGER#
      and STORE_ID=#storeId:VARCHAR#
      and FORMAT_ID=#formatId:VARCHAR#
      
  </update>
</sqlMap>