<?xml version="1.0" encoding="UTF-8" ?>
<!DOCTYPE sqlMap PUBLIC "-//ibatis.apache.org//DTD SQL Map 2.0//EN" "http://ibatis.apache.org/dtd/sql-map-2.dtd" >
<sqlMap namespace="IPVS_POS_BOOKING_INTERFACE" >
  <resultMap id="abatorgenerated_IpvsPosBookingInterfaceResult" class="com.tcs.dop.pos.common.data.ipvsutil.IpvsPosBookingInterface" >
    <!--
      WARNING - This element is automatically generated by Abator for iBATIS, do not modify.
      This element was generated on Thu Feb 13 12:08:06 IST 2014.
    -->
    <result column="ARTICLE_NO" property="articleNo" jdbcType="VARCHAR" />
    <result column="SYS_INVOICE_NO" property="sysInvoiceNo" jdbcType="VARCHAR" />
    <result column="INVOICE_DATE" property="invoiceDate" jdbcType="DATE" />
    <result column="INVOICE_TIME" property="invoiceTime" jdbcType="TIME" />
    <result column="SOURCE_OFFICE_ID" property="sourceOfficeId" jdbcType="VARCHAR" />
    <result column="DESTINATION_OFFICE_ID" property="destinationOfficeId" jdbcType="VARCHAR" />
    <result column="USER_ID" property="userId" jdbcType="VARCHAR" />
    <result column="TILL_NO" property="tillNo" jdbcType="INTEGER" />
    <result column="SERVICE_ID" property="serviceId" jdbcType="VARCHAR" />
    <result column="SHIFT_NO" property="shiftNo" jdbcType="INTEGER" />
    <result column="SENDER_CUSTOMER_ID" property="senderCustomerId" jdbcType="VARCHAR" />
    <result column="SENDER_CUSTOMER_NAME" property="senderCustomerName" jdbcType="VARCHAR" />
    <result column="SENDER_MOBILE" property="senderMobile" jdbcType="VARCHAR" />
    <result column="SENDER_EMAIL" property="senderEmail" jdbcType="VARCHAR" />
    <result column="SENDER_ZIP" property="senderZip" jdbcType="INTEGER" />
    <result column="RECIPIENT_NAME" property="recipientName" jdbcType="VARCHAR" />
    <result column="RECIPIENT_ZIP" property="recipientZip" jdbcType="INTEGER" />
    <result column="RECIPIENT_COUNTRY" property="recipientCountry" jdbcType="VARCHAR" />
    <result column="STATUS" property="status" jdbcType="CHAR" />
    <result column="PRIORITY" property="priority" jdbcType="VARCHAR" />
    <result column="WEIGHT" property="weight" jdbcType="REAL" />
    <result column="VOLUMETRIC_WEIGHT" property="volumetricWeight" jdbcType="REAL" />
    <result column="ARTICLE_EPC" property="articleEpc" jdbcType="VARCHAR" />
    <result column="IS_INTERNATIONAL" property="isInternational" jdbcType="BIT" />
    <result column="IS_INSURED" property="isInsured" jdbcType="BIT" />
    <result column="INSURED_CHECK_CODE" property="insuredCheckCode" jdbcType="VARCHAR" />
    <result column="MLASS_APPOINTMENT_ID" property="mlassAppointmentId" jdbcType="INTEGER" />
    <result column="ARTICLE_DELIVERY_TYPE" property="articleDeliveryType" jdbcType="VARCHAR" />
    <result column="ARTICLE_VERIFIED_BY" property="articleVerifiedBy" jdbcType="VARCHAR" />
    <result column="CREATED_BY" property="createdBy" jdbcType="VARCHAR" />
    <result column="CREATED_ON" property="createdOn" jdbcType="TIMESTAMP" />
    <result column="MODIFIED_BY" property="modifiedBy" jdbcType="VARCHAR" />
    <result column="MODIFIED_ON" property="modifiedOn" jdbcType="TIMESTAMP" />
  </resultMap>
  <select id="abatorgenerated_selectByPrimaryKey" resultMap="abatorgenerated_IpvsPosBookingInterfaceResult" parameterClass="com.tcs.dop.pos.common.data.ipvsutil.IpvsPosBookingInterface" >
    <!--
      WARNING - This element is automatically generated by Abator for iBATIS, do not modify.
      This element was generated on Thu Feb 13 12:08:06 IST 2014.
    -->
    select ARTICLE_NO, SYS_INVOICE_NO, INVOICE_DATE, INVOICE_TIME, SOURCE_OFFICE_ID,
      DESTINATION_OFFICE_ID, USER_ID, TILL_NO, SERVICE_ID, SHIFT_NO, SENDER_CUSTOMER_ID,
      SENDER_CUSTOMER_NAME, SENDER_MOBILE, SENDER_EMAIL, SENDER_ZIP, RECIPIENT_NAME, RECIPIENT_ZIP,
      RECIPIENT_COUNTRY, STATUS, PRIORITY, WEIGHT, VOLUMETRIC_WEIGHT, ARTICLE_EPC, IS_INTERNATIONAL,
      IS_INSURED, INSURED_CHECK_CODE, MLASS_APPOINTMENT_ID, ARTICLE_DELIVERY_TYPE,
      ARTICLE_VERIFIED_BY, CREATED_BY, CREATED_ON, MODIFIED_BY, MODIFIED_ON
    from IPVS_POS_BOOKING_INTERFACE
    where ARTICLE_NO = #articleNo:VARCHAR# FOR READ ONLY
  </select>
  <delete id="abatorgenerated_deleteByPrimaryKey" parameterClass="com.tcs.dop.pos.common.data.ipvsutil.IpvsPosBookingInterface" >
    <!--
      WARNING - This element is automatically generated by Abator for iBATIS, do not modify.
      This element was generated on Thu Feb 13 12:08:06 IST 2014.
    -->
    delete from IPVS_POS_BOOKING_INTERFACE
    where ARTICLE_NO = #articleNo:VARCHAR#
  </delete>
  <insert id="abatorgenerated_insert" parameterClass="com.tcs.dop.pos.common.data.ipvsutil.IpvsPosBookingInterface" >
    <!--
      WARNING - This element is automatically generated by Abator for iBATIS, do not modify.
      This element was generated on Thu Feb 13 12:08:06 IST 2014.
    -->
    insert into IPVS_POS_BOOKING_INTERFACE (ARTICLE_NO, SYS_INVOICE_NO, INVOICE_DATE, INVOICE_TIME,
      SOURCE_OFFICE_ID, DESTINATION_OFFICE_ID, USER_ID, TILL_NO, SERVICE_ID, SHIFT_NO,
      SENDER_CUSTOMER_ID, SENDER_CUSTOMER_NAME, SENDER_MOBILE, SENDER_EMAIL, SENDER_ZIP,
      RECIPIENT_NAME, RECIPIENT_ZIP, RECIPIENT_COUNTRY, STATUS, PRIORITY, WEIGHT, VOLUMETRIC_WEIGHT,
      ARTICLE_EPC, IS_INTERNATIONAL, IS_INSURED, INSURED_CHECK_CODE, MLASS_APPOINTMENT_ID,
      ARTICLE_DELIVERY_TYPE, ARTICLE_VERIFIED_BY, CREATED_BY, CREATED_ON, MODIFIED_BY, MODIFIED_ON)
    values (#articleNo:VARCHAR#, #sysInvoiceNo:VARCHAR#, #invoiceDate:DATE#, #invoiceTime:TIME#,
      #sourceOfficeId:VARCHAR#, #destinationOfficeId:VARCHAR#, #userId:VARCHAR#, #tillNo:INTEGER#,
      #serviceId:VARCHAR#, #shiftNo:INTEGER#, #senderCustomerId:VARCHAR#,
      #senderCustomerName:VARCHAR#, #senderMobile:VARCHAR#, #senderEmail:VARCHAR#,
      #senderZip:INTEGER#, #recipientName:VARCHAR#, #recipientZip:INTEGER#,
      #recipientCountry:VARCHAR#, #status:CHAR#, #priority:VARCHAR#, #weight:REAL#,
      #volumetricWeight:REAL#, #articleEpc:VARCHAR#, #isInternational:BIT#, #isInsured:BIT#,
      #insuredCheckCode:VARCHAR#, #mlassAppointmentId:INTEGER#, #articleDeliveryType:VARCHAR#,
      #articleVerifiedBy:VARCHAR#, #createdBy:VARCHAR#, getdate(), #modifiedBy:VARCHAR#,
      getdate())
  </insert>
  <update id="abatorgenerated_updateByPrimaryKey" parameterClass="com.tcs.dop.pos.common.data.ipvsutil.IpvsPosBookingInterface" >
    <!--
      WARNING - This element is automatically generated by Abator for iBATIS, do not modify.
      This element was generated on Thu Feb 13 12:08:06 IST 2014.
    -->
    update IPVS_POS_BOOKING_INTERFACE
    set SYS_INVOICE_NO = #sysInvoiceNo:VARCHAR#,
      INVOICE_DATE = #invoiceDate:DATE#,
      INVOICE_TIME = #invoiceTime:TIME#,
      SOURCE_OFFICE_ID = #sourceOfficeId:VARCHAR#,
      DESTINATION_OFFICE_ID = #destinationOfficeId:VARCHAR#,
      USER_ID = #userId:VARCHAR#,
      TILL_NO = #tillNo:INTEGER#,
      SERVICE_ID = #serviceId:VARCHAR#,
      SHIFT_NO = #shiftNo:INTEGER#,
      SENDER_CUSTOMER_ID = #senderCustomerId:VARCHAR#,
      SENDER_CUSTOMER_NAME = #senderCustomerName:VARCHAR#,
      SENDER_MOBILE = #senderMobile:VARCHAR#,
      SENDER_EMAIL = #senderEmail:VARCHAR#,
      SENDER_ZIP = #senderZip:INTEGER#,
      RECIPIENT_NAME = #recipientName:VARCHAR#,
      RECIPIENT_ZIP = #recipientZip:INTEGER#,
      RECIPIENT_COUNTRY = #recipientCountry:VARCHAR#,
      STATUS = #status:CHAR#,
      PRIORITY = #priority:VARCHAR#,
      WEIGHT = #weight:REAL#,
      VOLUMETRIC_WEIGHT = #volumetricWeight:REAL#,
      ARTICLE_EPC = #articleEpc:VARCHAR#,
      IS_INTERNATIONAL = #isInternational:BIT#,
      IS_INSURED = #isInsured:BIT#,
      INSURED_CHECK_CODE = #insuredCheckCode:VARCHAR#,
      MLASS_APPOINTMENT_ID = #mlassAppointmentId:INTEGER#,
      ARTICLE_DELIVERY_TYPE = #articleDeliveryType:VARCHAR#,
      ARTICLE_VERIFIED_BY = #articleVerifiedBy:VARCHAR#,
      CREATED_BY = #createdBy:VARCHAR#,
      CREATED_ON = getdate(),
      MODIFIED_BY = #modifiedBy:VARCHAR#,
      MODIFIED_ON = getdate()
    where ARTICLE_NO = #articleNo:VARCHAR#
  </update>
  <update id="abatorgenerated_updateByPrimaryKeySelective" parameterClass="com.tcs.dop.pos.common.data.ipvsutil.IpvsPosBookingInterface" >
    <!--
      WARNING - This element is automatically generated by Abator for iBATIS, do not modify.
      This element was generated on Thu Feb 13 12:08:06 IST 2014.
    -->
    update IPVS_POS_BOOKING_INTERFACE
    <dynamic prepend="set" >
      <!-- <isNotNull prepend="," property="sysInvoiceNo" >
        SYS_INVOICE_NO = #sysInvoiceNo:VARCHAR#
      </isNotNull> -->
      <isNotNull prepend="," property="invoiceDate" >
        INVOICE_DATE = #invoiceDate:DATE#
      </isNotNull>
      <isNotNull prepend="," property="invoiceTime" >
        INVOICE_TIME = #invoiceTime:TIME#
      </isNotNull>
      <!-- <isNotNull prepend="," property="sourceOfficeId" >
        SOURCE_OFFICE_ID = #sourceOfficeId:VARCHAR#
      </isNotNull>-->
      <isNotNull prepend="," property="destinationOfficeId" >
        DESTINATION_OFFICE_ID = #destinationOfficeId:VARCHAR#
      </isNotNull>
      <isNotNull prepend="," property="userId" >
        USER_ID = #userId:VARCHAR#
      </isNotNull>
      <isNotNull prepend="," property="tillNo" >
        TILL_NO = #tillNo:INTEGER#
      </isNotNull>
      <isNotNull prepend="," property="serviceId" >
        SERVICE_ID = #serviceId:VARCHAR#
      </isNotNull>
      <isNotNull prepend="," property="shiftNo" >
        SHIFT_NO = #shiftNo:INTEGER#
      </isNotNull>
      <isNotNull prepend="," property="senderCustomerId" >
        SENDER_CUSTOMER_ID = #senderCustomerId:VARCHAR#
      </isNotNull>
      <isNotNull prepend="," property="senderCustomerName" >
        SENDER_CUSTOMER_NAME = #senderCustomerName:VARCHAR#
      </isNotNull>
      <isNotNull prepend="," property="senderMobile" >
        SENDER_MOBILE = #senderMobile:VARCHAR#
      </isNotNull>
      <isNotNull prepend="," property="senderEmail" >
        SENDER_EMAIL = #senderEmail:VARCHAR#
      </isNotNull>
      <isNotNull prepend="," property="senderZip" >
        SENDER_ZIP = #senderZip:INTEGER#
      </isNotNull>
      <isNotNull prepend="," property="recipientName" >
        RECIPIENT_NAME = #recipientName:VARCHAR#
      </isNotNull>
      <isNotNull prepend="," property="recipientZip" >
        RECIPIENT_ZIP = #recipientZip:INTEGER#
      </isNotNull>
      <isNotNull prepend="," property="recipientCountry" >
        RECIPIENT_COUNTRY = #recipientCountry:VARCHAR#
      </isNotNull>
      <isNotNull prepend="," property="status" >
        STATUS = #status:CHAR#
      </isNotNull>
      <isNotNull prepend="," property="priority" >
        PRIORITY = #priority:VARCHAR#
      </isNotNull>
      <isNotNull prepend="," property="weight" >
        WEIGHT = #weight:REAL#
      </isNotNull>
      <isNotNull prepend="," property="volumetricWeight" >
        VOLUMETRIC_WEIGHT = #volumetricWeight:REAL#
      </isNotNull>
      <isNotNull prepend="," property="articleEpc" >
        ARTICLE_EPC = #articleEpc:VARCHAR#
      </isNotNull>
      <isNotNull prepend="," property="isInternational" >
        IS_INTERNATIONAL = #isInternational:BIT#
      </isNotNull>
      <isNotNull prepend="," property="isInsured" >
        IS_INSURED = #isInsured:BIT#
      </isNotNull>
      <isNotNull prepend="," property="insuredCheckCode" >
        INSURED_CHECK_CODE = #insuredCheckCode:VARCHAR#
      </isNotNull>
      <isNotNull prepend="," property="mlassAppointmentId" >
        MLASS_APPOINTMENT_ID = #mlassAppointmentId:INTEGER#
      </isNotNull>
      <isNotNull prepend="," property="articleDeliveryType" >
        ARTICLE_DELIVERY_TYPE = #articleDeliveryType:VARCHAR#
      </isNotNull>
      <isNotNull prepend="," property="articleVerifiedBy" >
        ARTICLE_VERIFIED_BY = #articleVerifiedBy:VARCHAR#
      </isNotNull>
      <isNotNull prepend="," property="createdBy" >
        CREATED_BY = #createdBy:VARCHAR#
      </isNotNull>
      <isNotNull prepend="," property="createdOn" >
        CREATED_ON = getdate()
      </isNotNull>
      <isNotNull prepend="," property="modifiedBy" >
        MODIFIED_BY = #modifiedBy:VARCHAR#
      </isNotNull>
      <isNotNull prepend="," property="modifiedOn" >
        MODIFIED_ON = getdate()
      </isNotNull>
    </dynamic>
    where ARTICLE_NO = #articleNo:VARCHAR#
    AND SOURCE_OFFICE_ID=#sourceOfficeId:VARCHAR#
  </update>
   <update id="updateStatus" parameterClass="com.tcs.dop.pos.common.data.ipvsutil.IpvsPosBookingInterface" >
    <!--
      WARNING - This element is automatically generated by Abator for iBATIS, do not modify.
      This element was generated on Thu Feb 13 12:08:06 IST 2014.
    -->
    update IPVS_POS_BOOKING_INTERFACE
    set STATUS =#status:CHAR#,MODIFIED_ON = getdate(),MODIFIED_BY = #modifiedBy:VARCHAR#
    where ARTICLE_NO =#articleNo:VARCHAR# 
    and SYS_INVOICE_NO = #sysInvoiceNo:VARCHAR#
  </update>
  
   <update id="updateInactiveStatus" parameterClass="com.tcs.dop.pos.common.data.ipvsutil.IpvsPosBookingInterface" >
    update IPVS_POS_BOOKING_INTERFACE
    set STATUS =#status:CHAR#, MODIFIED_ON = getdate(), MODIFIED_BY = #modifiedBy:VARCHAR#
    where SYS_INVOICE_NO = #sysInvoiceNo:VARCHAR#
  </update>
  
  <select id="getCount" resultClass="java.lang.Integer"  parameterClass="com.tcs.dop.pos.common.data.ipvsutil.IpvsPosBookingInterface">
  select count(*) from IPVS_ROUTING_PIN_RANGE_MASTER x 
  where x.BAG_TYPE_ID in (select BAG_TYPE_ID from IPVS_ARTICLE_BAG_SERVICE_MAPPING 
  where ARTICLE_TYPE_ID = #serviceId:VARCHAR#) 
  and #recipientZip:INTEGER# BETWEEN x.START_PIN_RANGE and x.STOP_PIN_RANGE
  FOR READ ONLY
  </select> 

  <select id="getFacDelId"  resultClass="java.lang.String" parameterClass="com.tcs.dop.pos.common.data.ipvsutil.IpvsPosBookingInterface">
  select TOP 1 x.CLOSED_FOR_FACILITY_DELIVERY_ID from IPVS_ROUTING_PIN_RANGE_MASTER x 
  where x.BAG_TYPE_ID in (select BAG_TYPE_ID 
  from IPVS_ARTICLE_BAG_SERVICE_MAPPING where ARTICLE_TYPE_ID = #serviceId:VARCHAR#) 
  and #recipientZip:INTEGER# BETWEEN x.START_PIN_RANGE 
  and x.STOP_PIN_RANGE ORDER BY x.CLOSED_FOR_FACILITY_DELIVERY_ID
  FOR READ ONLY
  </select> 
  
  <select id="selectForExistingArticleNo" resultClass="java.lang.Integer" parameterClass="com.tcs.dop.pos.common.data.ipvsutil.IpvsPosBookingInterface" >
  	SELECT COUNT(ARTICLE_NO) FROM IPVS_POS_BOOKING_INTERFACE
	WHERE ARTICLE_NO=#articleNo:VARCHAR# 
	AND SOURCE_OFFICE_ID=#sourceOfficeId:VARCHAR#
	FOR READ ONLY
  </select>
  
  <select id="isBaggedArticle" resultClass="java.lang.Integer" parameterClass="com.tcs.dop.pos.common.data.ipvsutil.IpvsPosBookingInterface" >
  	SELECT COUNT(ARTICLE_NO) FROM IPVS_POS_BOOKING_INTERFACE
	WHERE ARTICLE_NO=#articleNo:VARCHAR# 
	AND SYS_INVOICE_NO = #sysInvoiceNo:VARCHAR#
	AND STATUS =#status:CHAR#
	FOR READ ONLY
  </select>
</sqlMap>