<?xml version="1.0" encoding="UTF-8" ?>
<!DOCTYPE sqlMap PUBLIC "-//ibatis.apache.org//DTD SQL Map 2.0//EN" "http://ibatis.apache.org/dtd/sql-map-2.dtd" >
<sqlMap namespace="DOP_DISTRICT_MASTER" >
  <resultMap id="abatorgenerated_DopDistrictMasterResult" class="com.tcs.dop.pos.common.data.frankingmachine.city.DopDistrictMaster" >
    <!--
      WARNING - This element is automatically generated by Abator for iBATIS, do not modify.
      This element was generated on Tue May 06 14:20:10 IST 2014.
    -->
    <result column="DISTRICT_CODE" property="districtCode" jdbcType="VARCHAR" />
    <result column="STATE_CODE" property="stateCode" jdbcType="VARCHAR" />
    <result column="DISTRICT_NAME" property="districtName" jdbcType="VARCHAR" />
    <result column="CREATED_BY" property="createdBy" jdbcType="VARCHAR" />
    <result column="CREATED_ON" property="createdOn" jdbcType="TIMESTAMP" />
    <result column="MODIFIED_BY" property="modifiedBy" jdbcType="VARCHAR" />
    <result column="MODIFIED_ON" property="modifiedOn" jdbcType="TIMESTAMP" />
  </resultMap>
  <select id="abatorgenerated_selectByPrimaryKey" resultMap="abatorgenerated_DopDistrictMasterResult" parameterClass="com.tcs.dop.pos.common.data.frankingmachine.city.DopDistrictMaster" >
    <!--
      WARNING - This element is automatically generated by Abator for iBATIS, do not modify.
      This element was generated on Tue May 06 14:20:10 IST 2014.
    -->
    select DISTRICT_CODE, STATE_CODE, DISTRICT_NAME, CREATED_BY, CREATED_ON, MODIFIED_BY,
      MODIFIED_ON
    from DOP_DISTRICT_MASTER
    where DISTRICT_CODE = #districtCode:VARCHAR#
      and STATE_CODE = #stateCode:VARCHAR# FOR READ ONLY
  </select>
  <delete id="abatorgenerated_deleteByPrimaryKey" parameterClass="com.tcs.dop.pos.common.data.frankingmachine.city.DopDistrictMaster" >
    <!--
      WARNING - This element is automatically generated by Abator for iBATIS, do not modify.
      This element was generated on Tue May 06 14:20:10 IST 2014.
    -->
    delete from DOP_DISTRICT_MASTER
    where DISTRICT_CODE = #districtCode:VARCHAR#
      and STATE_CODE = #stateCode:VARCHAR#
  </delete>
  <insert id="abatorgenerated_insert" parameterClass="com.tcs.dop.pos.common.data.frankingmachine.city.DopDistrictMaster" >
    <!--
      WARNING - This element is automatically generated by Abator for iBATIS, do not modify.
      This element was generated on Tue May 06 14:20:10 IST 2014.
    -->
    insert into DOP_DISTRICT_MASTER (DISTRICT_CODE, STATE_CODE, DISTRICT_NAME, CREATED_BY,
      CREATED_ON, MODIFIED_BY, MODIFIED_ON)
    values (#districtCode:VARCHAR#, #stateCode:VARCHAR#, #districtName:VARCHAR#,
      #createdBy:VARCHAR#, getdate(), #modifiedBy:VARCHAR#, getdate())
  </insert>
  <update id="abatorgenerated_updateByPrimaryKey" parameterClass="com.tcs.dop.pos.common.data.frankingmachine.city.DopDistrictMaster" >
    <!--
      WARNING - This element is automatically generated by Abator for iBATIS, do not modify.
      This element was generated on Tue May 06 14:20:10 IST 2014.
    -->
    update DOP_DISTRICT_MASTER
    set DISTRICT_NAME = #districtName:VARCHAR#,
      CREATED_BY = #createdBy:VARCHAR#,
      CREATED_ON = getdate(),
      MODIFIED_BY = #modifiedBy:VARCHAR#,
      MODIFIED_ON = getdate()
    where DISTRICT_CODE = #districtCode:VARCHAR#
      and STATE_CODE = #stateCode:VARCHAR#
  </update>
  <update id="abatorgenerated_updateByPrimaryKeySelective" parameterClass="com.tcs.dop.pos.common.data.frankingmachine.city.DopDistrictMaster" >
    <!--
      WARNING - This element is automatically generated by Abator for iBATIS, do not modify.
      This element was generated on Tue May 06 14:20:10 IST 2014.
    -->
    update DOP_DISTRICT_MASTER
    <dynamic prepend="set" >
      <isNotNull prepend="," property="districtName" >
        DISTRICT_NAME = #districtName:VARCHAR#
      </isNotNull>
      <isNotNull prepend="," property="createdBy" >
        CREATED_BY = #createdBy:VARCHAR#
      </isNotNull>
      <isNotNull prepend="," property="createdOn" >
        CREATED_ON = getdate()
      </isNotNull>
      <isNotNull prepend="," property="modifiedBy" >
        MODIFIED_BY = #modifiedBy:VARCHAR#
      </isNotNull>
      <isNotNull prepend="," property="modifiedOn" >
        MODIFIED_ON = getdate()
      </isNotNull>
    </dynamic>
    where DISTRICT_CODE = #districtCode:VARCHAR#
      and STATE_CODE = #stateCode:VARCHAR#
  </update>
  
   <select id="abatorgenerated_getCityCode" resultMap="abatorgenerated_DopDistrictMasterResult" parameterClass="com.tcs.dop.pos.common.data.frankingmachine.city.DopDistrictMaster" >
    <!--
      WARNING - This element is automatically generated by Abator for iBATIS, do not modify.
      This element was generated on Tue May 06 14:20:10 IST 2014.
    
    SELECT * FROM DOP_DISTRICT_MASTER where STATE_CODE=#stateCode:VARCHAR# and DISTRICT_NAME LIKE #districtName:VARCHAR# FOR READ ONLY-->
    
    SELECT top 1 * FROM DOP_DISTRICT_MASTER where STATE_CODE=#stateCode:VARCHAR# and DISTRICT_NAME LIKE #districtName:VARCHAR# order by CREATED_ON desc FOR READ ONLY
  </select>
    <resultMap id="abatorgenerated_DopDistrictMasterResultCityDesc" class="com.tcs.dop.pos.common.data.frankingmachine.city.DopDistrictMaster" >
   
    
    <result column="DISTRICT_NAME" property="districtName" jdbcType="VARCHAR" />
    
  </resultMap>
  <select id="abatorgenerated_getCityDesc" resultMap="abatorgenerated_DopDistrictMasterResultCityDesc" parameterClass="com.tcs.dop.pos.common.data.frankingmachine.city.DopDistrictMaster" >
    <!--
      WARNING - This element is automatically generated by Abator for iBATIS, do not modify.
      This element was generated on Tue May 06 14:20:10 IST 2014.
    -->
    SELECT DISTRICT_NAME FROM DOP_DISTRICT_MASTER where DISTRICT_CODE=#districtCode:VARCHAR# FOR READ ONLY
    
  </select>
  <resultMap id="abatorgenerated_DopDistrictMasterResultNew" class="com.tcs.dop.pos.common.data.frankingmachine.city.DopDistrictMaster" >
   
    <result column="DISTRICT_CODE" property="districtCode" jdbcType="VARCHAR" />
    <result column="STATE_CODE" property="stateCode" jdbcType="VARCHAR" />
    <result column="DISTRICT_NAME" property="districtName" jdbcType="VARCHAR" />
    <result column="STATE_NAME" property="stateName" jdbcType="VARCHAR" />
  </resultMap>
   <select id="selectStateCity" resultMap="abatorgenerated_DopDistrictMasterResultNew" parameterClass="com.tcs.dop.pos.common.data.frankingmachine.city.DopDistrictMaster" >
    <!--
      WARNING - This element is automatically generated by Abator for iBATIS, do not modify.
      This element was generated on Tue May 06 14:20:10 IST 2014.
    -->
     select ddm.DISTRICT_CODE, ddm.STATE_CODE, ddm.DISTRICT_NAME,dscm.STATE_NAME as stateName 
    from DOP_DISTRICT_MASTER as ddm inner join DOP_STATE_CUSTOMER_MASTER as dscm ON 
      ddm.STATE_CODE=dscm.STATE_CODE
    where
    ddm.DISTRICT_CODE = #districtCode:VARCHAR#
      and ddm.STATE_CODE =  #stateCode:VARCHAR# FOR READ ONLY
   
  </select>
   <resultMap id="abatorgenerated_DopDistrictMasterResultNew1" class="com.tcs.dop.pos.common.data.frankingmachine.city.DopDistrictMaster" >
   
    <result column="DISTRICT_CODE" property="districtCode" jdbcType="VARCHAR" />
   
   
  </resultMap>
   <select id="selectDistrictCode" resultMap="abatorgenerated_DopDistrictMasterResultNew1" parameterClass="com.tcs.dop.pos.common.data.frankingmachine.city.DopDistrictMaster" >
    <!--
      WARNING - This element is automatically generated by Abator for iBATIS, do not modify.
      This element was generated on Tue May 06 14:20:10 IST 2014.
    -->
    SELECT DISTRICT_CODE FROM "postal"."DOP_DISTRICT_MASTER" where STATE_CODE=#stateCode:VARCHAR# and DISTRICT_NAME LIKE #districtName:VARCHAR# FOR READ ONLY
  </select>
  
  <select id="getDistrictDetails" resultMap="abatorgenerated_DopDistrictMasterResult" parameterClass="com.tcs.dop.pos.common.data.frankingmachine.city.DopDistrictMaster" >
    SELECT DISTRICT_CODE,STATE_CODE,DISTRICT_NAME,CREATED_BY,CREATED_ON,MODIFIED_BY,MODIFIED_ON
    FROM DOP_DISTRICT_MASTER
    where DISTRICT_CODE=#districtCode:VARCHAR# FOR READ ONLY
  </select>
</sqlMap>