<?xml version="1.0" encoding="UTF-8" ?>
<!DOCTYPE sqlMap PUBLIC "-//ibatis.apache.org//DTD SQL Map 2.0//EN" "http://ibatis.apache.org/dtd/sql-map-2.dtd" >
<sqlMap namespace="POSTAL_BILLER_PRODUCT_MASTER" >
  <resultMap id="abatorgenerated_PostalBillerProductMasterResult" class="com.tcs.postal.common.data.tps.PostalBillerProductMaster" >
    <!--
      WARNING - This element is automatically generated by Abator for iBATIS, do not modify.
      This element was generated on Thu Oct 16 16:35:55 GMT+05:30 2014.
    -->
    <result column="BILLER_ID" property="billerId" jdbcType="VARCHAR" />
    <result column="PRODUCT_ID" property="productId" jdbcType="VARCHAR" />
    <result column="PRODUCT_NAME" property="productName" jdbcType="VARCHAR" />
    <result column="PRODUCT_PRICE" property="productPrice" jdbcType="NUMERIC" />
    <result column="CREATED_BY" property="createdBy" jdbcType="VARCHAR" />
    <result column="CREATED_ON" property="createdOn" jdbcType="TIMESTAMP" />
    <result column="MODIFIED_BY" property="modifiedBy" jdbcType="VARCHAR" />
    <result column="MODIFIED_ON" property="modifiedOn" jdbcType="TIMESTAMP" />
  </resultMap>
  <resultMap id="getServiceTypeDetaisForBillersResult" class="com.tcs.postal.common.data.tps.PostalBillerProductMaster" >
    <result column="BILLER_ID" property="billerId" jdbcType="VARCHAR" />
    <result column="PRODUCT_ID" property="productId" jdbcType="VARCHAR" />
    <result column="PRODUCT_NAME" property="productName" jdbcType="VARCHAR" />
    <result column="PRODUCT_PRICE" property="productPrice" jdbcType="NUMERIC" />
  </resultMap>

	<resultMap id="getPartnerBillerDataResult" class="com.tcs.postal.common.data.tps.PostalBillerProductMaster">
		<result column="BILLER_ID" property="billerId" jdbcType="VARCHAR" />
		<result column="SERVICE_ID" property="serviceId" jdbcType="VARCHAR" />
		<result column="WEB_URL" property="webUrl" jdbcType="VARCHAR" />
	</resultMap>
	
	<resultMap id="getBillerProductListResult" class="com.tcs.postal.common.data.tps.PostalBillerProductMaster" >
    <result column="BILLER_ID" property="billerId" jdbcType="VARCHAR" />
    <result column="PRODUCT_ID" property="productId" jdbcType="VARCHAR" />
    <result column="PRODUCT_NAME" property="productName" jdbcType="VARCHAR" />
    <result column="PRODUCT_PRICE" property="productPrice" jdbcType="NUMERIC" />
  </resultMap>
    
  <select id="abatorgenerated_selectByPrimaryKey" resultMap="abatorgenerated_PostalBillerProductMasterResult" parameterClass="com.tcs.postal.common.data.tps.PostalBillerProductMasterKey" >
    <!--
      WARNING - This element is automatically generated by Abator for iBATIS, do not modify.
      This element was generated on Thu Oct 16 16:35:55 GMT+05:30 2014.
    -->
    select BILLER_ID, PRODUCT_ID, PRODUCT_NAME, PRODUCT_PRICE, CREATED_BY, CREATED_ON, MODIFIED_BY,
      MODIFIED_ON
    from POSTAL_BILLER_PRODUCT_MASTER
    where BILLER_ID = #billerId:VARCHAR#
      and PRODUCT_ID = #productId:VARCHAR#
      FOR READ ONLY
  </select>
  <delete id="abatorgenerated_deleteByPrimaryKey" parameterClass="com.tcs.postal.common.data.tps.PostalBillerProductMasterKey" >
    <!--
      WARNING - This element is automatically generated by Abator for iBATIS, do not modify.
      This element was generated on Thu Oct 16 16:35:55 GMT+05:30 2014.
    -->
    delete from POSTAL_BILLER_PRODUCT_MASTER
    where BILLER_ID = #billerId:VARCHAR#
      and PRODUCT_ID = #productId:VARCHAR#
  </delete>
  <insert id="abatorgenerated_insert" parameterClass="com.tcs.postal.common.data.tps.PostalBillerProductMaster" >
    <!--
      WARNING - This element is automatically generated by Abator for iBATIS, do not modify.
      This element was generated on Thu Oct 16 16:35:55 GMT+05:30 2014.
    -->
    insert into POSTAL_BILLER_PRODUCT_MASTER (BILLER_ID, PRODUCT_ID, PRODUCT_NAME, PRODUCT_PRICE,
      CREATED_BY, CREATED_ON, MODIFIED_BY, MODIFIED_ON)
    values (#billerId:VARCHAR#, #productId:VARCHAR#, #productName:VARCHAR#, #productPrice:NUMERIC#,
      #createdBy:VARCHAR#, getdate(), #modifiedBy:VARCHAR#, getdate())
  </insert>
  <update id="abatorgenerated_updateByPrimaryKey" parameterClass="com.tcs.postal.common.data.tps.PostalBillerProductMaster" >
    <!--
      WARNING - This element is automatically generated by Abator for iBATIS, do not modify.
      This element was generated on Thu Oct 16 16:35:55 GMT+05:30 2014.
    -->
    update POSTAL_BILLER_PRODUCT_MASTER
    set PRODUCT_NAME = #productName:VARCHAR#,
      PRODUCT_PRICE = #productPrice:NUMERIC#,
      CREATED_BY = #createdBy:VARCHAR#,
      CREATED_ON = getdate(),
      MODIFIED_BY = #modifiedBy:VARCHAR#,
      MODIFIED_ON = getdate()
    where BILLER_ID = #billerId:VARCHAR#
      and PRODUCT_ID = #productId:VARCHAR#
  </update>
  <update id="abatorgenerated_updateByPrimaryKeySelective" parameterClass="com.tcs.postal.common.data.tps.PostalBillerProductMaster" >
    <!--
      WARNING - This element is automatically generated by Abator for iBATIS, do not modify.
      This element was generated on Thu Oct 16 16:35:55 GMT+05:30 2014.
    -->
    update POSTAL_BILLER_PRODUCT_MASTER
    <dynamic prepend="set" >
      <isNotNull prepend="," property="productName" >
        PRODUCT_NAME = #productName:VARCHAR#
      </isNotNull>
      <isNotNull prepend="," property="productPrice" >
        PRODUCT_PRICE = #productPrice:NUMERIC#
      </isNotNull>
      <isNotNull prepend="," property="createdBy" >
        CREATED_BY = #createdBy:VARCHAR#
      </isNotNull>
      <isNotNull prepend="," property="createdOn" >
        CREATED_ON = getdate()
      </isNotNull>
      <isNotNull prepend="," property="modifiedBy" >
        MODIFIED_BY = #modifiedBy:VARCHAR#
      </isNotNull>
      <isNotNull prepend="," property="modifiedOn" >
        MODIFIED_ON = getdate()
      </isNotNull>
    </dynamic>
    where BILLER_ID = #billerId:VARCHAR#
      and PRODUCT_ID = #productId:VARCHAR#
  </update>
  
  <select id="getServiceTypeDetaisForBillers" resultMap="getServiceTypeDetaisForBillersResult" parameterClass="com.tcs.postal.common.data.tps.PostalBillerProductMaster" >
    select BILLER_ID, PRODUCT_ID, PRODUCT_NAME, PRODUCT_PRICE
    from POSTAL_BILLER_PRODUCT_MASTER
    where BILLER_ID = #billerId:VARCHAR# FOR READ ONLY
  </select>
  
  
  <select id="getPartnerBillerData" resultMap="getPartnerBillerDataResult" parameterClass="com.tcs.postal.common.data.tps.PostalBillerProductMaster">
	select TOP 1 BILLER_ID, SERVICE_ID, WEB_URL
	from POSTAL_BILLER_MASTER
	where SERVICE_ID = #serviceId:VARCHAR#
	FOR READ ONLY
  </select>
  
   <select id="abatorgenerated_BillerDetails" resultMap="abatorgenerated_PostalBillerProductMasterResult" parameterClass="com.tcs.postal.common.data.tps.PostalBillerProductMaster" >
    select BILLER_ID, PRODUCT_ID, PRODUCT_NAME, PRODUCT_PRICE, CREATED_BY, CREATED_ON, MODIFIED_BY,
      MODIFIED_ON
    from POSTAL_BILLER_PRODUCT_MASTER
    where BILLER_ID = #billerId:VARCHAR#
      and PRODUCT_ID = #productId:VARCHAR#
      FOR READ ONLY
  </select>
   <select id="getBillerProductList" resultMap="getBillerProductListResult" parameterClass="com.tcs.postal.common.data.tps.PostalBillerProductMaster" >
	select BILLER_ID, PRODUCT_ID, PRODUCT_NAME, PRODUCT_PRICE
	from POSTAL_BILLER_PRODUCT_MASTER
	where BILLER_ID = #billerId:VARCHAR#
	<!-- AND (ACTIVATION_DATE &lt; date(getdate()) OR ACTIVATION_DATE= date(getdate()))
    AND ((CASE WHEN EXPIRY_DATE IS NULL 
                  THEN '9999-12-31' 
                  ELSE EXPIRY_DATE END)&gt; date(getdate())   
        OR 
        (CASE WHEN EXPIRY_DATE IS NULL 
                  THEN '9999-12-31' 
                  ELSE EXPIRY_DATE END)= date(getdate()))-->
    FOR READ ONLY
  </select>
</sqlMap>