<?xml version="1.0" encoding="UTF-8" ?>
<!DOCTYPE sqlMap PUBLIC "-//ibatis.apache.org//DTD SQL Map 2.0//EN" "http://ibatis.apache.org/dtd/sql-map-2.dtd" >
<sqlMap namespace="DOP_SERVICE_TEMPLATE_SUBTEMPLATE_VISIBILITY" >
  <resultMap id="abatorgenerated_DopTemplateSubtemplateVisibilityResult" class="com.tcs.postal.common.data.mail.DopTemplateSubtemplateVisibility" >
    <!--
      WARNING - This element is automatically generated by Abator for iBATIS, do not modify.
      This element was generated on Sat Jan 18 10:55:34 GMT+05:30 2014.
    -->
    <result column="SERVICE_ID" property="serviceId" jdbcType="VARCHAR" />
    <result column="TEMPLATE_ID" property="templateId" jdbcType="INTEGER" />
    <result column="SUB_TEMPLATE_NAME" property="subTemplateName" jdbcType="VARCHAR" />
    <result column="CREATED_BY" property="createdBy" jdbcType="VARCHAR" />
    <result column="CREATED_ON" property="createdOn" jdbcType="TIMESTAMP" />
    <result column="MODIFIED_BY" property="modifiedBy" jdbcType="VARCHAR" />
    <result column="MODIFIED_ON" property="modifiedOn" jdbcType="TIMESTAMP" />
  </resultMap>
  
  <resultMap id="abatorgenerated_DopTemplateSubtemplateVisibilityResult1" class="com.tcs.postal.common.data.mail.DopTemplateSubtemplateVisibility" >
    <!--
      WARNING - This element is automatically generated by Abator for iBATIS, do not modify.
      This element was generated on Sat Jan 18 10:55:34 GMT+05:30 2014.
    -->
    <result column="SERVICE_ID" property="serviceId" jdbcType="VARCHAR" />
    <result column="TEMPLATE_ID" property="templateId" jdbcType="INTEGER" />
    <result column="SUB_TEMPLATE_NAME" property="subTemplateName" jdbcType="VARCHAR" />
  </resultMap>
  <select id="abatorgenerated_selectByPrimaryKey" resultMap="abatorgenerated_DopTemplateSubtemplateVisibilityResult" parameterClass="com.tcs.postal.common.data.mail.DopTemplateSubtemplateVisibilityKey" >
    <!--
      WARNING - This element is automatically generated by Abator for iBATIS, do not modify.
      This element was generated on Sat Jan 18 10:55:34 GMT+05:30 2014.
    -->
    select SERVICE_ID, TEMPLATE_ID, SUB_TEMPLATE_NAME, CREATED_BY, CREATED_ON, MODIFIED_BY,
      MODIFIED_ON
    from DOP_SERVICE_TEMPLATE_SUBTEMPLATE_VISIBILITY
    where SERVICE_ID = #serviceId:VARCHAR#
      and TEMPLATE_ID = #templateId:INTEGER# FOR READ ONLY
  </select>
  <delete id="abatorgenerated_deleteByPrimaryKey" parameterClass="com.tcs.postal.common.data.mail.DopTemplateSubtemplateVisibilityKey" >
    <!--
      WARNING - This element is automatically generated by Abator for iBATIS, do not modify.
      This element was generated on Sat Jan 18 10:55:34 GMT+05:30 2014.
    -->
    delete from DOP_SERVICE_TEMPLATE_SUBTEMPLATE_VISIBILITY
    where SERVICE_ID = #serviceId:VARCHAR#
      and TEMPLATE_ID = #templateId:INTEGER#
  </delete>
  <insert id="abatorgenerated_insert" parameterClass="com.tcs.postal.common.data.mail.DopTemplateSubtemplateVisibility" >
    <!--
      WARNING - This element is automatically generated by Abator for iBATIS, do not modify.
      This element was generated on Sat Jan 18 10:55:34 GMT+05:30 2014.
    -->
    insert into DOP_SERVICE_TEMPLATE_SUBTEMPLATE_VISIBILITY (SERVICE_ID, TEMPLATE_ID, SUB_TEMPLATE_NAME,
      CREATED_BY, CREATED_ON, MODIFIED_BY, MODIFIED_ON)
    values (#serviceId:VARCHAR#, #templateId:INTEGER#, #subTemplateName:VARCHAR#,
      #createdBy:VARCHAR#, getdate(), #modifiedBy:VARCHAR#, getdate())
  </insert>
  <update id="abatorgenerated_updateByPrimaryKey" parameterClass="com.tcs.postal.common.data.mail.DopTemplateSubtemplateVisibility" >
    <!--
      WARNING - This element is automatically generated by Abator for iBATIS, do not modify.
      This element was generated on Sat Jan 18 10:55:34 GMT+05:30 2014.
    -->
    update DOP_SERVICE_TEMPLATE_SUBTEMPLATE_VISIBILITY
    set SUB_TEMPLATE_NAME = #subTemplateName:VARCHAR#,
      CREATED_BY = #createdBy:VARCHAR#,
      CREATED_ON = getdate(),
      MODIFIED_BY = #modifiedBy:VARCHAR#,
      MODIFIED_ON = getdate()
    where SERVICE_ID = #serviceId:VARCHAR#
      and TEMPLATE_ID = #templateId:INTEGER#
  </update>
  <update id="abatorgenerated_updateByPrimaryKeySelective" parameterClass="com.tcs.postal.common.data.mail.DopTemplateSubtemplateVisibility" >
    <!--
      WARNING - This element is automatically generated by Abator for iBATIS, do not modify.
      This element was generated on Sat Jan 18 10:55:34 GMT+05:30 2014.
    -->
    update DOP_SERVICE_TEMPLATE_SUBTEMPLATE_VISIBILITY
    <dynamic prepend="set" >
      <isNotNull prepend="," property="subTemplateName" >
        SUB_TEMPLATE_NAME = #subTemplateName:VARCHAR#
      </isNotNull>
      <isNotNull prepend="," property="createdBy" >
        CREATED_BY = #createdBy:VARCHAR#
      </isNotNull>
      <isNotNull prepend="," property="createdOn" >
        CREATED_ON = getdate()
      </isNotNull>
      <isNotNull prepend="," property="modifiedBy" >
        MODIFIED_BY = #modifiedBy:VARCHAR#
      </isNotNull>
      <isNotNull prepend="," property="modifiedOn" >
        MODIFIED_ON = getdate()
      </isNotNull>
    </dynamic>
    where SERVICE_ID = #serviceId:VARCHAR#
      and TEMPLATE_ID = #templateId:INTEGER#
  </update>
  
   <select id="abatorgenerated_getSubPanelName" resultMap="abatorgenerated_DopTemplateSubtemplateVisibilityResult1" parameterClass="com.tcs.postal.common.data.mail.DopTemplateSubtemplateVisibility" >
    <!--
      WARNING - This element is automatically generated by Abator for iBATIS, do not modify.
      This element was generated on Thu Jan 02 12:19:15 GMT+05:30 2014.
    -->
     select ttsvm.SERVICE_ID, ttsvm.TEMPLATE_ID, ttsvm.SUB_TEMPLATE_NAME
    from DOP_SERVICE_TEMPLATE_SUBTEMPLATE_VISIBILITY ttsvm
    where ttsvm.SERVICE_ID = #serviceId:VARCHAR# and 
    ttsvm.TEMPLATE_ID = 
    (Select  ttm.TEMPLATE_ID  from  DOP_TEMPLATE_MASTER ttm where ttm.TEMPLATE_NAME=#templateName:VARCHAR#)
     union all
 select distinct 'SP_INLAND' as SERVICE_ID, 10 as TEMPLATE_ID, 'content_panel' as SUB_TEMPLATE_NAME
    from DOP_SERVICE_TEMPLATE_SUBTEMPLATE_VISIBILITY ttsvm
    where 'SP_INLAND' =  #serviceId:VARCHAR# 
        FOR READ ONLY
     
  </select>
  
  
   <resultMap id="abatorgenerated_TestServiceTemplateMappingResult4" class="com.tcs.postal.common.data.mail.DopServiceTemplateMapping" >
    <!--
      WARNING - This element is automatically generated by Abator for iBATIS, do not modify.
      This element was generated on Wed Jan 01 12:45:33 GMT+05:30 2014.
    -->
    <result column="SERVICE_ID" property="serviceId" jdbcType="VARCHAR" />
    <result column="TEXT" property="text" jdbcType="VARCHAR" />
    <result column="TEMPLATE_ID" property="templateId" jdbcType="INTEGER" />
    <result column="TEMPLATE_NAME" property="templateName" jdbcType="VARCHAR" />
    
  </resultMap>
   <select id="abatorgenerated_fetchTemplateDetails" resultMap="abatorgenerated_TestServiceTemplateMappingResult4" parameterClass="com.tcs.postal.common.data.mail.DopServiceTemplateMapping" >    
    
     select  top 1 dstm.SERVICE_ID, psm.SERVICE_NAME TEXT, dstm.TEMPLATE_ID,dtm.TEMPLATE_NAME
    from DOP_SERVICE_TEMPLATE_SUBTEMPLATE_VISIBILITY as dstm ,DOP_TEMPLATE_MASTER as dtm ,POSTAL_SERVICE_MASTER as psm
    where dtm.TEMPLATE_ID=dstm.TEMPLATE_ID and psm.SERVICE_ID=dstm.SERVICE_ID and dstm.SERVICE_ID=#serviceId:VARCHAR# and dstm.priority='p' order by TEXT  FOR READ ONLY
</select>

<resultMap id="getOnPostalServiceData_result" class="com.tcs.postal.common.data.mail.DopTemplateSubtemplateVisibility" >
    
    <result column="SUB_TEMPLATE_NAME" property="subTemplateName" jdbcType="VARCHAR" />
    <result column="SERVICE_ID" property="serviceId" jdbcType="VARCHAR" />
  </resultMap>
  <select id="getOnPostalServiceData" resultMap="getOnPostalServiceData_result" parameterClass="com.tcs.postal.common.data.mail.DopTemplateSubtemplateVisibility" >
  
    select SERVICE_ID,SUB_TEMPLATE_NAME
    from DOP_SERVICE_TEMPLATE_SUBTEMPLATE_VISIBILITY
    where SERVICE_ID = #serviceId:VARCHAR#
	      and SUB_TEMPLATE_NAME = #subTemplateName:VARCHAR#
	      and PRIORITY = #priority:VARCHAR# FOR READ ONLY
  </select>
</sqlMap>