<?xml version="1.0" encoding="UTF-8" ?>
<!DOCTYPE sqlMap PUBLIC "-//ibatis.apache.org//DTD SQL Map 2.0//EN" "http://ibatis.apache.org/dtd/sql-map-2.dtd" >
<sqlMap namespace="DAILY_STOCK_INVENTORY" >
  <resultMap id="abatorgenerated_DailyStockInventoryResult" class="com.tcs.pos.common.data.dayactivites.workallocation.DailyStockInventory" >
    <!--
      WARNING - This element is automatically generated by Abator for iBATIS, do not modify.
      This element was generated on Thu May 12 17:02:07 IST 2016.
    -->
    <result column="BUSINESS_DATE" property="businessDate" jdbcType="DATE" />
    <result column="ITEM_CODE" property="itemCode" jdbcType="VARCHAR" />
    <result column="OPENING_STOCK" property="openingStock" jdbcType="INTEGER" />
    <result column="SAP_ADDITION" property="sapAddition" jdbcType="INTEGER" />
    <result column="SALE" property="sale" jdbcType="INTEGER" />
    <result column="CLOSING_BALANCE" property="closingBalance" jdbcType="INTEGER" />
    <result column="CREATED_BY" property="createdBy" jdbcType="VARCHAR" />
    <result column="CREATED_ON" property="createdOn" jdbcType="TIMESTAMP" />
    <result column="MODIFIED_BY" property="modifiedBy" jdbcType="VARCHAR" />
    <result column="MODIFIED_ON" property="modifiedOn" jdbcType="TIMESTAMP" />
  </resultMap>
  <select id="abatorgenerated_selectByPrimaryKey" resultMap="abatorgenerated_DailyStockInventoryResult" parameterClass="com.tcs.pos.common.data.dayactivites.workallocation.DailyStockInventoryKey" >
    <!--
      WARNING - This element is automatically generated by Abator for iBATIS, do not modify.
      This element was generated on Thu May 12 17:02:07 IST 2016.
    -->
    select BUSINESS_DATE, ITEM_CODE, OPENING_STOCK, SAP_ADDITION, SALE, CLOSING_BALANCE, CREATED_BY,
      CREATED_ON, MODIFIED_BY, MODIFIED_ON
    from DAILY_STOCK_INVENTORY
    where BUSINESS_DATE = #businessDate:DATE#
      and ITEM_CODE = #itemCode:VARCHAR#
  </select>
  <delete id="abatorgenerated_deleteByPrimaryKey" parameterClass="com.tcs.pos.common.data.dayactivites.workallocation.DailyStockInventoryKey" >
    <!--
      WARNING - This element is automatically generated by Abator for iBATIS, do not modify.
      This element was generated on Thu May 12 17:02:07 IST 2016.
    -->
    delete from DAILY_STOCK_INVENTORY
    where BUSINESS_DATE = #businessDate:DATE#
      and ITEM_CODE = #itemCode:VARCHAR#
  </delete>
  <insert id="abatorgenerated_insert" parameterClass="com.tcs.pos.common.data.dayactivites.workallocation.DailyStockInventory" >
    <!--
      WARNING - This element is automatically generated by Abator for iBATIS, do not modify.
      This element was generated on Thu May 12 17:02:07 IST 2016.
    -->
    insert into DAILY_STOCK_INVENTORY (BUSINESS_DATE, ITEM_CODE, OPENING_STOCK, SAP_ADDITION, SALE,
      CLOSING_BALANCE, CREATED_BY, CREATED_ON, MODIFIED_BY, MODIFIED_ON)
    values (#businessDate:DATE#, #itemCode:VARCHAR#, #openingStock:INTEGER#, #sapAddition:INTEGER#,
      #sale:INTEGER#, #closingBalance:INTEGER#, #createdBy:VARCHAR#, getdate(),
      #modifiedBy:VARCHAR#, getdate())
  </insert>
  <update id="abatorgenerated_updateByPrimaryKey" parameterClass="com.tcs.pos.common.data.dayactivites.workallocation.DailyStockInventory" >
   
    update DAILY_STOCK_INVENTORY
    set 
      SALE = SALE + #sale:INTEGER#,
      MODIFIED_BY = #modifiedBy:VARCHAR#,
      MODIFIED_ON = getdate()
    where BUSINESS_DATE = #businessDate:DATE#
      and ITEM_CODE = #itemCode:VARCHAR#
  </update>
  <update id="abatorgenerated_updateByPrimaryKeySelective" parameterClass="com.tcs.pos.common.data.dayactivites.workallocation.DailyStockInventory" >
    <!--
      WARNING - This element is automatically generated by Abator for iBATIS, do not modify.
      This element was generated on Thu May 12 17:02:07 IST 2016.
    -->
    update DAILY_STOCK_INVENTORY
    <dynamic prepend="set" >
      <isNotNull prepend="," property="openingStock" >
        OPENING_STOCK = #openingStock:INTEGER#
      </isNotNull>
      <isNotNull prepend="," property="sapAddition" >
        SAP_ADDITION = #sapAddition:INTEGER#
      </isNotNull>
      <isNotNull prepend="," property="sale" >
        SALE = #sale:INTEGER#
      </isNotNull>
      <isNotNull prepend="," property="closingBalance" >
        CLOSING_BALANCE = #closingBalance:INTEGER#
      </isNotNull>
      <isNotNull prepend="," property="createdBy" >
        CREATED_BY = #createdBy:VARCHAR#
      </isNotNull>
      <isNotNull prepend="," property="createdOn" >
        CREATED_ON = #createdOn:TIMESTAMP#
      </isNotNull>
      <isNotNull prepend="," property="modifiedBy" >
        MODIFIED_BY = #modifiedBy:VARCHAR#
      </isNotNull>
      <isNotNull prepend="," property="modifiedOn" >
        MODIFIED_ON = #modifiedOn:TIMESTAMP#
      </isNotNull>
    </dynamic>
    where BUSINESS_DATE = #businessDate:DATE#
      and ITEM_CODE = #itemCode:VARCHAR#
  </update>
  
  <select id="getCount" resultClass = "java.lang.Integer" parameterClass="com.tcs.pos.common.data.dayactivites.workallocation.DailyStockInventoryKey" >
   
    select count(*)
    from DAILY_STOCK_INVENTORY
    where BUSINESS_DATE = #businessDate:DATE#
      and ITEM_CODE = #itemCode:VARCHAR#
  </select>
  
</sqlMap>