<?xml version="1.0" encoding="UTF-8" ?>
<!DOCTYPE sqlMapConfig
PUBLIC "-//ibatis.apache.org//DTD SQL Map Config 2.0//EN"
"http://ibatis.apache.org/dtd/sql-map-config-2.dtd">
	<!-- Always ensure to use the correct XML header as above! -->
	<sqlMapConfig>
	<!-- The properties (name=value) in the file specified here can be used placeholders in this config
	file (e.g. {driver} The file is relative to the classpath and is completely optional. -->
	<!--properties resource="conf/ibatis/dao/SqlMapConfigExample.properties"/-->
	<!-- <properties resource="properties/connection.properties" />-->
	<!-- These settings control SqlMapClient configuration details, primarily to do with transaction
	management. They are all optional (more detail later in this document). -->
	<settings
	cacheModelsEnabled="false"
	enhancementEnabled="true"
	lazyLoadingEnabled="true"
	maxRequests="5000"
	maxSessions="500"
	maxTransactions="500"
	useStatementNamespaces="true"
	/>
	<!-- This element declares a factory class that iBATIS will use for creating result objects.
	This element is optional (more detail later in this document). -->
	<!--resultObjectFactory type="com.mydomain.MyResultObjectFactory" >
	<property name="someProperty" value="someValue"/>
	</resultObjectFactory -->
	<!-- Type aliases allow you to use a shorter name for long fully qualified class names. -->
	<!--typeAlias alias="order" type="testdomain.Order"/ -->
	<!-- Configure a datasource to use with this SQL Map using SimpleDataSource.
	Notice the use of the properties from the above resource -->
	<transactionManager type="JDBC">
		    <dataSource type="SIMPLE">
			<property name="JDBC.Driver" value="com.sybase.jdbc4.jdbc.SybDriver"/>			
			<property name="JDBC.ConnectionURL" value="jdbc:sybase:Tds:${db_ip_1}.${db_ip_2}.${db_ip_3}.${db_ip_4}:${db_port}/${db_schema}" />
            <property name="JDBC.Username" value="${db_username}" />
            <property name="JDBC.Password" value="${db_password}" /> 
          	<property name="JDBC.DefaultAutoCommit" value="false" />
			<property name="Pool.MaximumActiveConnections" value="30000"/>
			<property name="Pool.MaximumIdleConnections" value="50000"/>
			<property name="Pool.MaximumCheckoutTime" value="1200000"/>
			<property name="Pool.TimeToWait" value="50000"/>
			<property name="Pool.PingEnabled" value="false"/>
			<property name="Pool.PingConnectionsOlderThan" value="1"/>
			<property name="Pool.PingConnectionsNotUsedFor" value="1"/>
		    </dataSource>
	</transactionManager>
	<!-- Identify all SQL Map XML files to be loaded by this SQL map. Notice the paths
	are relative to the classpath. For now, we only have one -->
	
	<sqlMap resource="sybase/sqlmap/pos_AUTH_TYPE_MASTER_SqlMap.xml" />
	<sqlMap resource="sybase/sqlmap/pos_BANK_BRANCH_SqlMap.xml" />
	<sqlMap resource="sybase/sqlmap/pos_BANK_MASTER_SqlMap.xml" />
	<sqlMap resource="sybase/sqlmap/pos_CARD_TYPE_MASTER_SqlMap.xml" />
	<!-- <sqlMap resource="ibatis/sqlmap/pos_CASH_FLOAT_SqlMap.xml" /> -->
<!--  	<sqlMap resource="ibatis/sqlmap/pos_CASH_MGMT_DEPOSIT_SqlMap.xml" />-->
	<!-- <sqlMap resource="ibatis/sqlmap/pos_CASH_MGMT_TRANS_SqlMap.xml" />-->
	<!--  <sqlMap resource="sybase/sqlmap/pos_CITY_MASTER_SqlMap.xml" />-->
	<sqlMap resource="sybase/sqlmap/pos_CUST_GROUP_CUSTOMER_SqlMap.xml" />
	<sqlMap resource="sybase/sqlmap/pos_CUSTOMER_EMAIL_SqlMap.xml" />
	<sqlMap resource="sybase/sqlmap/pos_CUSTOMER_GROUP_SqlMap.xml" />
	<sqlMap resource="sybase/sqlmap/pos_CUSTOMER_PHONE_SqlMap.xml" />
	<sqlMap resource="sybase/sqlmap/pos_CUSTOMER_SqlMap.xml" />
	<sqlMap resource="sybase/sqlmap/pos_DASHBOARD_ALERTS_SqlMap.xml" />
	<sqlMap resource="sybase/sqlmap/pos_DAY_BEGIN_END_SqlMap.xml" />
	<sqlMap resource="sybase/sqlmap/pos_DECLARATION_STORE_SqlMap.xml" />
	<sqlMap resource="sybase/sqlmap/pos_DECLARATION_TILL_SqlMap.xml" />
	<sqlMap resource="sybase/sqlmap/pos_DECLARATION_TILL_SUMMARY_SqlMap.xml" />
	<!--  <sqlMap resource="sybase/sqlmap/pos_DENOMINATION_MASTER_SqlMap.xml" />-->
	<sqlMap resource="sybase/sqlmap/pos_EJ_ACTIVITY_MASTER_SqlMap.xml" />
	<sqlMap resource="sybase/sqlmap/POSTAL_COMMISSION_MASTER_SqlMap.xml" />
	<sqlMap resource="sybase/sqlmap/pos_ELECTRONIC_JOURNAL_DETAILS_SqlMap.xml" />
	<sqlMap resource="sybase/sqlmap/pos_EMP_ATTENDANCE_SqlMap.xml" />
	<sqlMap resource="sybase/sqlmap/pos_FORMAT_MASTER_SqlMap.xml" />
	<sqlMap resource="sybase/sqlmap/pos_FOUND_REGISTER_SqlMap.xml" />
	<sqlMap resource="sybase/sqlmap/pos_FR_GOOD_SLIP_ITEMS_SqlMap.xml" />
	<sqlMap resource="sybase/sqlmap/pos_FR_GOOD_SLIP_REGISTER_SqlMap.xml" />
	<sqlMap resource="sybase/sqlmap/pos_GIFT_RECEIPT_SqlMap.xml" />
	<sqlMap resource="sybase/sqlmap/pos_INVOICE_CONTENTS_SqlMap.xml" />
	<sqlMap resource="sybase/sqlmap/pos_INVOICE_CUSTOMER_SqlMap.xml" />
	<sqlMap resource="sybase/sqlmap/pos_INVOICE_FOOTER_SqlMap.xml" />
	<sqlMap resource="sybase/sqlmap/pos_INVOICE_GROUP_DEFINITION_SqlMap.xml" />
	<sqlMap resource="sybase/sqlmap/pos_INVOICE_GROUP_DETAILS_SqlMap.xml" />
	<sqlMap resource="sybase/sqlmap/pos_INVOICE_HEADER_SqlMap.xml" />
	<sqlMap resource="sybase/sqlmap/pos_INVOICE_ITEM_SqlMap.xml" />
		<sqlMap resource="sybase/sqlmap/pos_INVOICE_ITEM_EXTN_SqlMap.xml" />
	<sqlMap resource="sybase/sqlmap/pos_INVOICE_MASTER_SqlMap.xml" />
	<sqlMap resource="sybase/sqlmap/pos_INVOICE_NO_GENERATOR_SqlMap.xml" />
	<sqlMap resource="sybase/sqlmap/pos_INVOICE_PRINT_SqlMap.xml" />
	<sqlMap resource="sybase/sqlmap/pos_INVOICE_SqlMap.xml" />
		<!-- <sqlMap resource="sybase/sqlmap/pos_INVOICE_EXTN_SqlMap.xml" /> -->
	<sqlMap resource="sybase/sqlmap/pos_ITEM_EAN_SqlMap.xml" />
	<sqlMap resource="sybase/sqlmap/pos_ITEM_INVENTORY_SqlMap.xml" />
	<sqlMap resource="sybase/sqlmap/pos_ITEM_MASTER_SqlMap.xml" />
	<!-- <sqlMap resource="ibatis/sqlmap/pos_ITEM_PRICE_OVERRIDE_SqlMap.xml" /> -->
	<sqlMap resource="sybase/sqlmap/pos_LOCK_UNLOCK_REGISTER_SqlMap.xml" />
	<sqlMap resource="sybase/sqlmap/pos_LOGIN_REGISTER_SqlMap.xml" />
	<sqlMap resource="sybase/sqlmap/pos_LOST_REGISTER_SqlMap.xml" />
	<!--  <sqlMap resource="ibatis/sqlmap/pos_LOYALTY_ASSOC_CARD_SqlMap.xml" />
	<sqlMap resource="ibatis/sqlmap/pos_LOYALTY_CARD_SqlMap.xml" />
	<sqlMap resource="ibatis/sqlmap/pos_LOYALTY_TIER_MASTER_SqlMap.xml" />-->
	<sqlMap resource="sybase/sqlmap/pos_MANAGER_AUTH_REGISTER_SqlMap.xml" />
	<sqlMap resource="sybase/sqlmap/pos_MERCH_CAT_MASTER_SqlMap.xml" />
	<sqlMap resource="sybase/sqlmap/pos_MFG_FREE_GOODS_SqlMap.xml" />
	<sqlMap resource="sybase/sqlmap/pos_NO_GENERATOR_SqlMap.xml" />
	<!-- <sqlMap resource="ibatis/sqlmap/pos_NOTIFICATION_REGISTER_SqlMap.xml" /> -->
	<sqlMap resource="sybase/sqlmap/pos_PARAMETER_MASTER_SqlMap.xml" />
	<sqlMap resource="sybase/sqlmap/pos_PASSWORD_HISTORY_SqlMap.xml" />
	<sqlMap resource="sybase/sqlmap/pos_PAYMENT_DETAILS_SqlMap.xml" />
	<sqlMap resource="sybase/sqlmap/POSTAL_CASH_APPROVAL_SqlMap.xml" />
	<sqlMap resource="sybase/sqlmap/POSTAL_CASH_PICKUP_DENOMINATION_SqlMap.xml" />
	<sqlMap resource="sybase/sqlmap/POSTAL_DENOMINATION_MASTER_SqlMap.xml" />
	<!-- <sqlMap resource="sybase/sqlmap/pos_PICKUP_DETAILS_SqlMap.xml" /> 
	<sqlMap resource="ibatis/sqlmap/pos_PRIVILEGE_CARD_SqlMap.xml" />
	<sqlMap resource="ibatis/sqlmap/pos_PROMO_MSG_PRINT_DESIGN_SqlMap.xml" />-->
	<sqlMap resource="sybase/sqlmap/pos_PROMOTIONS_BILL_VALUE_INNOV_SqlMap.xml" />
	<sqlMap resource="sybase/sqlmap/pos_PROMOTIONS_GROUP_DEFINITION_SqlMap.xml" />
	<sqlMap resource="sybase/sqlmap/pos_PROMOTIONS_GROUP_DETAILS_SqlMap.xml" />
	<sqlMap resource="sybase/sqlmap/pos_PROMOTIONS_GROUP_LEVEL_SqlMap.xml" />
	<sqlMap resource="sybase/sqlmap/pos_PROMOTIONS_ITEM_LEVEL_SqlMap.xml" />
	<sqlMap resource="sybase/sqlmap/pos_PROMOTIONS_MASTER_SqlMap.xml" />
	<!-- <sqlMap resource="ibatis/sqlmap/pos_PROMOTIONS_PRECEDENCE_SqlMap.xml" />  -->
	<sqlMap resource="sybase/sqlmap/pos_PROMOTIONS_SqlMap.xml" />
	<sqlMap resource="sybase/sqlmap/pos_PROMOTIONS_SUB_TYPE_MASTER_SqlMap.xml" />
	<sqlMap resource="sybase/sqlmap/pos_PROMOTIONS_TYPE_MASTER_SqlMap.xml" />
	<!--  <sqlMap resource="sybase/sqlmap/pos_REGION_MASTER_SqlMap.xml" />-->
	<sqlMap resource="sybase/sqlmap/pos_REPORT_DESIGN_SqlMap.xml" />
	<sqlMap resource="sybase/sqlmap/pos_ROLE_ACCESS_SqlMap.xml" />
	<sqlMap resource="sybase/sqlmap/pos_ROLE_MASTER_SqlMap.xml" />
	<sqlMap resource="sybase/sqlmap/pos_SHELF_EDGE_DESIGN_SqlMap.xml" />
	<sqlMap resource="sybase/sqlmap/pos_STORE_MASTER_SqlMap.xml" />
	<sqlMap resource="sybase/sqlmap/pos_SYSTEM_EVENTS_SqlMap.xml" />
	<sqlMap resource="sybase/sqlmap/pos_SYSTEM_MESSAGE_MASTER_SqlMap.xml" />
	<!-- <sqlMap resource="sybase/sqlmap/pos_TAX_MASTER_SqlMap.xml" />
	<sqlMap resource="sybase/sqlmap/pos_TENDER_COL_DEFINITION_SqlMap.xml" />-->
	<!-- <sqlMap resource="sybase/sqlmap/pos_TENDER_COLUMNS_UI_SqlMap.xml" />-->
	<sqlMap resource="sybase/sqlmap/pos_TENDER_COLUMNS_VALUE_SqlMap.xml" />
	<sqlMap resource="sybase/sqlmap/pos_TENDER_MASTER_SqlMap.xml" />
	<sqlMap resource="sybase/sqlmap/pos_TENDER_TYPE_LEVEL1_SqlMap.xml" />
	<sqlMap resource="sybase/sqlmap/pos_TENDER_TYPE_LEVEL2_SqlMap.xml" />
	<sqlMap resource="sybase/sqlmap/pos_TENDERS_ISSUED_SqlMap.xml" />
	<sqlMap resource="sybase/sqlmap/pos_TILL_MASTER_SqlMap.xml" />
	<!--<sqlMap resource="sybase/sqlmap/pos_TMP_PRICE_CHANGE_SqlMap.xml" />-->
	<sqlMap resource="sybase/sqlmap/pos_TX_DOCUMENT_REGISTER_SqlMap.xml" />
	<sqlMap resource="sybase/sqlmap/pos_USER_MASTER_SqlMap.xml" />
	<sqlMap resource="sybase/sqlmap/pos_WALKIN_REGISTER_SqlMap.xml" />
	<sqlMap resource="sybase/sqlmap/pos_WEATHER_INFO_REGISTER_SqlMap.xml" />
	<sqlMap resource="sybase/sqlmap/pos_XERF_CUSTOMER_GROUP_SqlMap.xml" />
	<sqlMap resource="sybase/sqlmap/pos_XREF_CITY_STORE_SqlMap.xml" />
	<sqlMap resource="sybase/sqlmap/pos_XREF_CUST_CARD_SqlMap.xml" />
	<sqlMap resource="sybase/sqlmap/pos_XREF_FORMAT_REGION_SqlMap.xml" />
	<sqlMap resource="sybase/sqlmap/pos_XREF_GIFT_RECEIPT_ITEM_SqlMap.xml" />
	<sqlMap resource="sybase/sqlmap/pos_XREF_INVOICE_GROUP_LEVEL_SqlMap.xml" />
	<!--  <sqlMap resource="sybase/sqlmap/pos_XREF_INVOICE_PROMOTION_SqlMap.xml" />-->
	<sqlMap resource="sybase/sqlmap/pos_XREF_PROMO_MASTER_TYPE_SqlMap.xml" />
	<sqlMap resource="sybase/sqlmap/pos_XREF_PROMO_TYPE_SUB_TYPE_SqlMap.xml" />
	<sqlMap resource="sybase/sqlmap/pos_XREF_PROMOTIONS_CUST_GROUP_SqlMap.xml" />
	<sqlMap resource="sybase/sqlmap/pos_XREF_REGION_CITY_SqlMap.xml" />
	<sqlMap resource="sybase/sqlmap/pos_XREF_USR_ROLE_SqlMap.xml" />
	<sqlMap resource="sybase/sqlmap/pos_db_check_SqlMap.xml" />	
	<sqlMap resource="sybase/sqlmap/pos_BBY_TARGET_GROUPS_SqlMap.xml" />
	<sqlMap resource="sybase/sqlmap/pos_PROMOTIONS_BONUS_BUY_SqlMap.xml" />
	<sqlMap resource="sybase/sqlmap/pos_BBY_PRE_REQUISITE_TYPES_SqlMap.xml" />
	<sqlMap resource="sybase/sqlmap/pos_PROMOTIONS_INVOICE_LEVEL_SqlMap.xml" />     
	<sqlMap resource="sybase/sqlmap/pos_job_scheduling_register_SqlMap.xml" />
	<sqlMap resource="sybase/sqlmap/pos_LOST_FOUND_REGISTER_SqlMap.xml" />
	<sqlMap resource="sybase/sqlmap/pos_APPLN_CONFIGURATION_SqlMap.xml" />
	<!--  <sqlMap resource="sybase/sqlmap/pos_REASON_CODE_MASTER_SqlMap.xml" />-->
	<sqlMap resource="sybase/sqlmap/pos_ARTICLE_HIER_MASTER_SqlMap.xml" />
	<sqlMap resource="sybase/sqlmap/pos_PROMOTIONS_MC_LEVEL_SqlMap.xml" />
  <sqlMap resource="sybase/sqlmap/pos_MERCH_ARTICLE_PROMOVALUES_SqlMap.xml" />
  <sqlMap resource="sybase/sqlmap/pos_ITEM_BRANDED_DETAILS_SqlMap.xml" />
<!--  <sqlMap resource="sybase/sqlmap/pos_CUST_SEG_PROMO_SqlMap.xml" />   -->  
  	<sqlMap resource="sybase/sqlmap/pos_PROMO_HEADER_SqlMap.xml" />
  	<sqlMap resource="sybase/sqlmap/pos_PROMO_GROUP_SqlMap.xml" />
 	<sqlMap resource="sybase/sqlmap/pos_PROMO_DETAIL_SqlMap.xml" />
	<sqlMap resource="sybase/sqlmap/pos_INVOICE_PROMO_FG_ISSUED_SqlMap.xml" />
	<!-- <sqlMap resource="sybase/sqlmap/pos_INVOICE_ITEM_PROMO_SqlMap.xml" /> --> 
		<sqlMap resource="sybase/sqlmap/pos_CUSTOMER_DETAILS_SqlMap.xml" /> 	
	<!--  <sqlMap resource="sybase/sqlmap/pos_LOCATION_MASTER_SqlMap.xml" />-->
	<sqlMap resource="sybase/sqlmap/pos_TEMP_CUSTOMER_DETAILS_SqlMap.xml" />
	  <sqlMap resource="sybase/sqlmap/pos_CUSTOMER_ADDR_SqlMap.xml" />
	  <sqlMap resource="sybase/sqlmap/pos_INVOICE_ITEM_DELIVERY_SqlMap.xml" />
	 <!--  <sqlMap resource="sybase/sqlmap/pos_XREF_CUSTOMER_CARD_GROUP_SqlMap.xml" /> --> 
	  <!-- Added by Sudhansu on 16-12-2010 for PCI implementation update for PCI -->
	 <!-- <sqlMap resource="sybase/sqlmap/pos_PCI_CARD_DETAILS_SqlMap.xml" />-->
           <sqlMap resource="sybase/sqlmap/pos_CARD_PAYMENT_DETAILS_SqlMap.xml" />
	   <sqlMap resource="sybase/sqlmap/pos_LOGIN_REGISTER_AUDIT_SqlMap.xml" />
	   <sqlMap resource="sybase/sqlmap/pos_USER_AUDIT_SqlMap.xml" />
	   <!-- <sqlMap resource="sybase/sqlmap/pos_DAY_BEGIN_END_AUDIT_SqlMap.xml" /> -->
	   <sqlMap resource="sybase/sqlmap/pos_GIFT_RECEIPT_AUDIT_SqlMap.xml" />
	   <sqlMap resource="sybase/sqlmap/pos_GIFT_RECEIPT_ITEM_AUDIT_SqlMap.xml" />
	   <sqlMap resource="sybase/sqlmap/pos_DECLARATION_TILL_AUDIT_SqlMap.xml" />
	   <sqlMap resource="sybase/sqlmap/pos_CARD_PAYMENT_DETAILS_AUDIT_SqlMap.xml" />
	  <sqlMap resource="sybase/sqlmap/dop_destination_cost_master_SqlMap.xml" />
	 <!-- Added by 560324 -->
	  <sqlMap resource="sybase/sqlmap/POSTAL_ADDITIONAL_SERVICE_MASTER_SqlMap.xml" />

	   <sqlMap resource="sybase/sqlmap/POSTAL_WORK_ALLOCATION_SqlMap.xml" />
	    	<!-- Added by Sneha for DOP Business Post -->
	  <sqlMap resource="sybase/sqlmap/DOP_BUSINESS_POST_SqlMap.xml" />
	  <sqlMap resource="sybase/sqlmap/DOP_BUSINESS_POST_SERVICE_MASTER_SqlMap.xml" />
	   <sqlMap resource="sybase/sqlmap/DOP_BUSINESS_POST_ASSOCIATED_SERVICES_SqlMap.xml" />
	  <!-- End of addition -->
	  
	 
    <sqlMap resource="sybase/sqlmap/pos_ADV_INVOICE_CUST_ORDER_MAPPING_SqlMap.xml" />
  	<sqlMap resource="sybase/sqlmap/applicability_master_SqlMap.xml" />
	<sqlMap resource="sybase/sqlmap/config_value_master_SqlMap.xml" />
	<sqlMap resource="sybase/sqlmap/configuration_master_SqlMap.xml" />
	<sqlMap resource="sybase/sqlmap/till_config_hier_SqlMap.xml" />
	<!-- <sqlMap resource="sybase/sqlmap/till_hier_master_SqlMap.xml" /> -->
	<sqlMap resource="sybase/sqlmap/dop_polilcy_premium_master_SqlMap.xml" />
	<sqlMap resource="sybase/sqlmap/dop_polilcy_tenure_master_SqlMap.xml" />
	<sqlMap resource="sybase/sqlmap/dop_postal_life_insurance_SqlMap.xml" />
	<sqlMap resource="sybase/sqlmap/dop_polilcy_type_master_SqlMap.xml" />
	<sqlMap resource="sybase/sqlmap/pos_dop_utility_bill_sqlMap.xml" />
	<sqlMap resource="sybase/sqlmap/dop_speed_post_SqlMap.xml" />
	 <!-- Added for Compare & Book by 591494-->
	<sqlMap resource="sybase/sqlmap/POSTAL_SERVICE_MASTER_SqlMap.xml" />
	<sqlMap resource="sybase/sqlmap/POSTAL_SERVICE_CHARGE_MASTER_SqlMap.xml" />
	<sqlMap resource="sybase/sqlmap/POSTAL_SOURCE_DESTINATION_DISTANCE_MASTER_SqlMap.xml" />
	 <sqlMap resource="sybase/sqlmap/POSTAL_MAIL_SERVICE_SqlMap.xml" />
	  <sqlMap resource="sybase/sqlmap/POSTAL_SERVICE_MASTER_ADDITIONAL_SERVICE_MAPPING_SqlMap.xml" />
	  <sqlMap resource="sybase/sqlmap/POSTAL_MAIL_ADDITIONAL_SERVICE_SqlMap.xml" />
	<sqlMap resource="sybase/sqlmap/POSTAL_SERVICE_MASTER_ADDL_SERVICE_MAPPING_SqlMap.xml" />
	<sqlMap resource="sybase/sqlmap/POSTAL_ADDL_SERVICE_MASTER_SqlMap.xml" />
	<!-- Added for ThirdParty Services -->
	<sqlMap resource="sybase/sqlmap/POSTAL_UTILITY_TRANSACTION_SqlMap.xml"/>
	<sqlMap resource="sybase/sqlmap/POSTAL_BILLER_RECEIPT_NO_SqlMap.xml"/>
	<sqlMap resource="sybase/sqlmap/POSTAL_UTILITY_BARCODE_MASTER_SqlMap.xml"/>
	<sqlMap resource="sybase/sqlmap/POSTAL_UTILITY_BILL_MASTER_SqlMap.xml"/>
	<sqlMap resource="sybase/sqlmap/POSTAL_UTILITY_CONFIGURATION_MASTER_SqlMap.xml"/>
	<sqlMap resource="sybase/sqlmap/POSTAL_UTILITY_WS_CONFIGURATION_MASTER_SqlMap.xml"/>
	
	
	<!-- For RBA Till implementation -->
	<!-- 
 	<sqlMap resource="sybase/rba/sqlmap/rba_role_master_audit_SqlMap.xml" />
	<sqlMap resource="sybase/rba/sqlmap/rba_role_master_SqlMap.xml" />
	<sqlMap resource="sybase/rba/sqlmap/rba_secure_oprn_master_audit_SqlMap.xml" />
	<sqlMap resource="sybase/rba/sqlmap/rba_secure_oprn_master_SqlMap.xml" />
	<sqlMap resource="sybase/rba/sqlmap/rba_xref_secure_oprn_role_audit_SqlMap.xml" />
	<sqlMap resource="sybase/rba/sqlmap/rba_xref_secure_oprn_role_SqlMap.xml" />
	<sqlMap resource="sybase/rba/sqlmap/rba_xref_user_role_audit_SqlMap.xml" />
	<sqlMap resource="sybase/rba/sqlmap/rba_xref_user_role_SqlMap.xml" />
   	<sqlMap resource="sybase/rba/sqlmap/rba_request_master_SqlMap.xml" />	
   	<sqlMap resource="sybase/rba/sqlmap/rba_xref_group_request_SqlMap.xml" />
   -->
   	
    <!-- Added by 560324 -->
	  <sqlMap resource="sybase/sqlmap/POSTAL_MONEYTARY_ITEM_DISTRIBUTION_SqlMap.xml" />
   	  <sqlMap resource="sybase/sqlmap/POSTAL_MONEYTARY_DENOMINATION_MASTER_SqlMap.xml" />
   	<!-- Added by Subhajit for Postal Money Transfer -->
   	  <sqlMap resource="sybase/sqlmap/POSTAL_MONEY_TRANSFER_SqlMap.xml" />
	
   	<!-- Added by Aniruddha for EIOD -->
   	<sqlMap resource="sybase/sqlmap/DOP_EIOD_TRANSACTION_SqlMap.xml" />
   	
   	<!-- Added by Aniruddha for E-Post -->
   	<sqlMap resource="sybase/sqlmap/DOP_EPOST_DETAILS_SqlMap.xml" />
   	
   	<!-- Added by Aniruddha for Frequently used address -->
   	<sqlMap resource="sybase/sqlmap/POSTAL_FREQUENTLY_USED_ADDRESS_MASTER_SqlMap.xml" />
   	
   	<!-- Added by Aniruddha for Tax tables -->
   	<sqlMap resource="sybase/sqlmap/POSTAL_TAX_MASTER_SqlMap.xml" />
   	<sqlMap resource="sybase/sqlmap/POSTAL_TAX_SERVICE_MAPPING_SqlMap.xml" />
   	
   	<!-- Added by Aniruddha for Transaction Log -->
   	<sqlMap resource="sybase/sqlmap/DOP_POS_TRANSACTION_LOG_INTERMEDIATE_SqlMap.xml" />
   	<sqlMap resource="sybase/sqlmap/DOP_POS_TRANSACTION_LOG_SqlMap.xml" />
   	
   	<!-- Added by varsha for IPO Sale Development -->
   	<sqlMap resource="sybase/sqlmap/POSTAL_POSTALORDER_INVENTORY_SqlMap.xml" />
   	<sqlMap resource="sybase/sqlmap/POSTAL_POSTALORDER_SALE_SqlMap.xml" />
  
   	  <!-- Added by Bibek for DOP CASH APPROVAL -->
   	  <sqlMap resource="sybase/sqlmap/DOP_CASH_APPROVAL_SqlMap.xml" />
   	  <!-- Added by 591494 for Speed Post -->
   	  <sqlMap resource="sybase/sqlmap/POSTAL_WEIGHT_MASTER_SqlMap.xml" />
   	  <sqlMap resource="sybase/sqlmap/POSTAL_DISTANCE_MASTER_SqlMap.xml" />
   	  <sqlMap resource="sybase/sqlmap/DOP_MO_MESSAGE_CODE_MASTER_SqlMap.xml" />
   	  	<!-- Added for Direct Post by Rumpa -->
   <sqlMap resource="sybase/sqlmap/DOP_DIRECT_POST_USER_GROUP_MASTER_SqlMap.xml" />
   <sqlMap resource="sybase/sqlmap/DOP_DIRECT_POST_TARGET_GROUP_MASTER_SqlMap.xml" />
   <sqlMap resource="sybase/sqlmap/DOP_DIRECT_POST_PURPOSE_MASTER_SqlMap.xml" />
   <sqlMap resource="sybase/sqlmap/DOP_DIRECT_POST_SqlMap.xml" />
   	
   	<!-- Added by varsha for IPO Payment Development -->
   	<sqlMap resource="sybase/sqlmap/POSTAL_POSTALORDER_PAYMENT_SqlMap.xml" />
   	<!-- Added for International speedPost by Rumpa -->
   <sqlMap resource="sybase/sqlmap/POSTAL_INTERNATIONAL_COUNTRY_MASTER_SqlMap.xml" />
   <sqlMap resource="sybase/sqlmap/POSTAL_INTERNATIONAL_SERVICE_CHARGE_MASTER_SqlMap.xml" />
   	<!-- Added for Bill Mail by Dona -->
   	<sqlMap resource="sybase/sqlmap/DOP_BILL_MAIL_SqlMap.xml" />
   	<sqlMap resource="sybase/sqlmap/HOMEPAGE_TEST_TABLE_SqlMap.xml" />
    <sqlMap resource="sybase/sqlmap/DOP_BILL_MAIL_TRANSPORT_SERVICES_SqlMap.xml" />
    <sqlMap resource="sybase/sqlmap/DOP_BILL_MAIL_TRANSPORT_SqlMap.xml" />
    
   
   	
   	<!-- Added for Miscellaneous Service sale -->
   	<sqlMap resource="sybase/sqlmap/POSTAL_MISC_SERVICE_SALE_CONFIG_MASTER_SqlMap.xml" />
   	<sqlMap resource="sybase/sqlmap/POSTAL_MISC_SERVICE_SALE_TRANSACTION_SqlMap.xml" />
   	
   	<sqlMap resource="sybase/sqlmap/TEST_SERVICE_TEMPLATE_MAPPING_SqlMap.xml" />
   	<sqlMap resource="sybase/sqlmap/TEST_USER_SVC_ORDER_MAPPING_SqlMap.xml" />
   	<sqlMap resource="sybase/sqlmap/TEMPLATE_MASTER_SqlMap.xml" />
   	<!-- Added by 591494 for Test Template Master -->
		<sqlMap resource="sybase/sqlmap/TEST_TEMPLATE_MASTER_SqlMap.xml" />
		<sqlMap resource="sybase/sqlmap/TEST_TEMPLATE_SUBTEMPLATE_VISIBILITY_MAPPING_SqlMap.xml" />
   	<sqlMap resource="sybase/sqlmap/POSTAL_INTL_SERVICE_CHARGE_MASTER_SqlMap.xml" />
   		<sqlMap resource="sybase/sqlmap/POSTAL_INTL_COUNTRY_MASTER_SqlMap.xml" />
   		<sqlMap resource="sybase/sqlmap/POSTAL_MONEY_TRANSFER_ADDL_SERVICE_SqlMap.xml"/>
   			<!-- Added by 591494 for AAB Template -->
			<sqlMap resource="sybase/sqlmap/DOP_SERVICE_TEMPLATE_MAPPING_SqlMap.xml" />
			<sqlMap resource="sybase/sqlmap/DOP_SERVICE_TEMPLATE_SUBTEMPLATE_VISIBILITY_SqlMap.xml" />
			<sqlMap resource="sybase/sqlmap/DOP_TEMPLATE_MASTER_SqlMap.xml" />
			<sqlMap resource="sybase/sqlmap/POSTAL_SERVICE_GROUP_MASTER_SqlMap.xml" />
			<sqlMap resource="sybase/sqlmap/POSTAL_USER_SERVICE_MAPPING_SqlMap.xml" />
			<sqlMap resource="sybase/sqlmap/POSTAL_INTL_ADDL_SERVICE_CHARGE_MASTER_SqlMap.xml" />
			<sqlMap resource="sybase/sqlmap/POSTAL_TILL_LANGUAGE_MAPPING_SqlMap.xml" />
			<sqlMap resource="sybase/sqlmap/POSTAL_LANGUAGE_MASTER_SqlMap.xml" />
			
			<!-- Added by Varsha for Walk in Cust ID -->
			<sqlMap resource="sybase/sqlmap/DOP_STATE_CUSTOMER_MASTER_SqlMap.xml" />
			<sqlMap resource="sybase/sqlmap/DOP_PIN_CODE_MASTER_SqlMap.xml" />
	<!-- Added for International Money Order -->
	<sqlMap resource="sybase/sqlmap/POSTAL_INTL_MONEY_TRANSFER_OCCUPATION_MASTER_SqlMap.xml"/>
	<sqlMap resource="sybase/sqlmap/POSTAL_INTL_MONEY_TRANSFER_PURPOSE_MASTER_SqlMap.xml"/>
	<sqlMap resource="sybase/sqlmap/POSTAL_INTL_MONEY_TRANSFER_SOURCE_OF_FUNDS_MASTER_SqlMap.xml"/>
	<sqlMap resource="sybase/sqlmap/POSTAL_INTL_MONEY_TRANSFER_TYPE_MASTER_SqlMap.xml"/>
	<sqlMap resource="sybase/sqlmap/POSTAL_INTL_SERVICE_PROVIDER_BANK_MASTER_SqlMap.xml"/>
	<sqlMap resource="sybase/sqlmap/POSTAL_INTL_CURRENCY_MASTER_SqlMap.xml"/>
	<sqlMap resource="sybase/sqlmap/POSTAL_INTL_MONEY_TRANSFER_SqlMap.xml"/>
	<sqlMap resource="sybase/sqlmap/POSTAL_INTL_IFS_PRODUCT_CODE_SqlMap.xml"/>
	<sqlMap resource="sybase/sqlmap/POSTAL_INTL_IFS_BILATERAL_AGREEMENT_MASTER_SqlMap.xml"/>
		<sqlMap resource="sybase/sqlmap/POSTAL_INTL_CUSTOMS_ARTICLE_TYPE_MASTER_SqlMap.xml"/>
		<sqlMap resource="sybase/sqlmap/POSTAL_INTL_CUSTOMS_ARTICLE_TYPE_SELECTED_SqlMap.xml"/>
		<sqlMap resource="sybase/sqlmap/DOP_SERVICE_SALE_SqlMap.xml"/>
	
	<sqlMap resource="sybase/sqlmap/POSTAL_ITEM_DISTRIBUTION_SqlMap.xml"/>
	<sqlMap resource="sybase/sqlmap/POSTAL_CASH_DISTRIBUTION_SqlMap.xml"/>
	<sqlMap resource="sybase/sqlmap/POSTAL_CASH_MANAGEMENT_SqlMap.xml"/>
	<sqlMap resource="sybase/sqlmap/POSTAL_INTL_MONEY_TRANSFER_ADDL_SERVICE_SqlMap.xml"/>
	<!-- Added for IPVS POS BOOKING INTERFACE -->
	<sqlMap resource="sybase/sqlmap/IPVS_POS_BOOKING_INTERFACE_SqlMap.xml"/>
	<sqlMap resource="sybase/sqlmap/POSTAL_USER_TILL_MAPPING_SqlMap.xml"/>
	<!--  DOP_MISCELLANEOUS_SERVICE_SALE -->
	<sqlMap resource="sybase/sqlmap/DOP_MISCELLANEOUS_SERVICE_SALE_SqlMap.xml"/>
	<sqlMap resource="sybase/sqlmap/POSTAL_STAMP_INVENTORY_SqlMap.xml"/>
	<!-- Added for IPO -->
	<sqlMap resource="sybase/sqlmap/POSTAL_REASON_CODE_MASTER_SqlMap.xml"/>
	<sqlMap resource="sybase/sqlmap/POSTAL_REASON_TYPE_MASTER_SqlMap.xml"/>
		<sqlMap resource="sybase/sqlmap/POSTAL_COUNTER_SUBMISSION_SqlMap.xml"/>
	<!--  POSTAL_BULK_MAIL_STAGING -->
	<sqlMap resource="sybase/sqlmap/POSTAL_BULK_MAIL_STAGING_SqlMap.xml"/>
	<!--  POSTAL_BULK_MAIL_BOOKING -->
	<sqlMap resource="sybase/sqlmap/POSTAL_BULK_MAIL_BOOKING_SqlMap.xml"/>
	<!--  POSTAL_OFFICE_MASTER -->
	<sqlMap resource="sybase/sqlmap/POSTAL_OFFICE_MASTER_SqlMap.xml"/>
	<!--  DOP_PARTNER_SERVICE_BOOKING -->
	<sqlMap resource="sybase/sqlmap/DOP_PARTNER_SERVICE_BOOKING_SqlMap.xml"/>
	<sqlMap resource="sybase/sqlmap/IPVS_ROUTING_PIN_RANGE_MASTER_SqlMap.xml"/>
	<sqlMap resource="sybase/sqlmap/IPVS_FACILITY_MASTER_SqlMap.xml"/>
	<!-- Added for FrankingMachine -->
	<sqlMap resource="sybase/sqlmap/DOP_FRANKING_CONFIGURATION_MASTER_SqlMap.xml"/>	
	
	<sqlMap resource="sybase/sqlmap/POSTAL_DURATION_MASTER_SqlMap.xml"/>	
	<sqlMap resource="sybase/sqlmap/POSTAL_VALUE_MASTER_SqlMap.xml"/>
		<sqlMap resource="sybase/sqlmap/DOP_FRANKING_LA_DIVISON_MAPPING_SqlMap.xml"/>
	<sqlMap resource="sybase/sqlmap/DOP_FRANKING_LICENSING_AUTHORITY_MASTER_SqlMap.xml"/>
	<sqlMap resource="sybase/sqlmap/DOP_FRANKING_PURPOSE_MASTER_SqlMap.xml"/>
	<sqlMap resource="sybase/sqlmap/DOP_FRANKING_PURPOSE_SERVICE_MAPPING_SqlMap.xml"/>
	<!-- <sqlMap resource="sybase/sqlmap/POSTAL_ADDL_SERVICE_CHARGE_MASTER_SqlMap.xml"/> -->
	<sqlMap resource="sybase/sqlmap/POSTAL_FACILITY_TO_FACILITY_DELIVERY_SqlMap.xml"/>
	<sqlMap resource="sybase/sqlmap/POSTAL_SERVICE_DELIVERY_TYPE_MASTER_SqlMap.xml"/>
	<sqlMap resource="sybase/sqlmap/DOP_EXPRESS_OR_BUSINESS_PARCEL_SqlMap.xml"/>
	<sqlMap resource="sybase/sqlmap/DOP_NEIGHBOUR_STATE_MASTER_SqlMap.xml"/>
	<sqlMap resource="sybase/sqlmap/DOP_FRANKING_MACHINE_SqlMap.xml"/>
	<sqlMap resource="sybase/sqlmap/POSTAL_INTL_COUNTRY_SERVICE_MAPPING_SqlMap.xml"/>
	<sqlMap resource="sybase/sqlmap/POSTAL_AGENT_MASTER_SqlMap.xml"/>
	<sqlMap resource="sybase/sqlmap/DOP_ASSOCIATED_TRANSPORT_SERVICES_SqlMap.xml"/>
	<sqlMap resource="sybase/sqlmap/DOP_ASSOCIATED_MAIL_TRANSPORT_SqlMap.xml"/>
	<sqlMap resource="sybase/sqlmap/DOP_DISTRICT_MASTER_SqlMap.xml"/>
	<sqlMap resource="sybase/sqlmap/POSTAL_CONTRACT_SERVICE_ORDER_TYPE_MASTER_SqlMap.xml"/>
	<sqlMap resource="sybase/sqlmap/POSTAL_INTL_IBAN_COUNTRY_MASTER_SqlMap.xml"/>
	<sqlMap resource="sybase/sqlmap/POSTAL_IDENTITY_TYPE_MASTER_SqlMap.xml"/>
	<sqlMap resource="sybase/sqlmap/POSTAL_EPOST_TEMPLATE_MASTER_SqlMap.xml"/>
	
	<!-- Added for International Money Order -->
	<sqlMap resource="sybase/sqlmap/POSTAL_INTL_BANK_CURRENCY_MAPPING_SqlMap.xml"/>
	<sqlMap resource="sybase/sqlmap/POSTAL_INTL_BANK_SERVICE_MAPPING_SqlMap.xml"/>
	
	<!-- Added for Restricted Article -->
	<sqlMap resource="sybase/sqlmap/POSTAL_INTL_RESTRICTED_ARTICLE_MASTER_SqlMap.xml"/>
	
	
	<!--Added for Cheque Allocation-->
	<sqlMap resource="sybase/sqlmap/POSTAL_CHEQUE_DISTRIBUTION_SqlMap.xml"/>
	<sqlMap resource="sybase/sqlmap/DOP_LOCAL_PIN_CODE_MASTER_SqlMap.xml"/>
	
	<sqlMap resource="sybase/sqlmap/DOP_SERVICE_SORT_PROGRAM_TYPE_MAPPING_SqlMap.xml"/>
	<sqlMap resource="sybase/sqlmap/DOP_SORTING_HUB_MASTER_SqlMap.xml"/>
	<sqlMap resource="sybase/sqlmap/POSTAL_SERVICE_SLA_MASTER_SqlMap.xml"/>
	
	<!-- Added for World Net Express -->
	<sqlMap resource="sybase/sqlmap/POSTAL_WNX_AWB_NO_SERIES_MASTER_SqlMap.xml"/>
	<sqlMap resource="sybase/sqlmap/POSTAL_WNX_COUNTRY_STATE_CITY_MAPPING_SqlMap.xml"/>
	<sqlMap resource="sybase/sqlmap/POSTAL_WNX_FINAL_AWB_NO_SqlMap.xml"/>
	<sqlMap resource="sybase/sqlmap/POSTAL_WNX_FINAL_PIECE_ID_SqlMap.xml"/>
	<sqlMap resource="sybase/sqlmap/POSTAL_WNX_IATA_MASTER_SqlMap.xml"/>
	<sqlMap resource="sybase/sqlmap/POSTAL_WNX_PIECE_ID_SERIES_MASTER_SqlMap.xml"/>
	<sqlMap resource="sybase/sqlmap/POSTAL_WNX_SERVICE_PIECE_DETAILS_SqlMap.xml"/>
	<sqlMap resource="sybase/sqlmap/POSTAL_WNX_SERVICE_SqlMap.xml"/>
	<sqlMap resource="sybase/sqlmap/POSTAL_WNX_PRODUCT_CODE_MASTER_SqlMap.xml"/>
	<!-- World Net Express  ends-->
	<sqlMap resource="sybase/sqlmap/POSTAL_CIRCLE_HOLIDAY_MASTER_SqlMap.xml"/>
	<!-- Added for Philately -->
	<sqlMap resource="sybase/sqlmap/POSTAL_PHILATELY_FREQUENCY_MASTER_SqlMap.xml"/>
	<sqlMap resource="sybase/sqlmap/POSTAL_PHILATELY_ACCOUNT_TYPE_MASTER_SqlMap.xml"/>
	<sqlMap resource="sybase/sqlmap/POSTAL_PHILATELY_DISPATCH_MODE_MASTER_SqlMap.xml"/>
	<sqlMap resource="sybase/sqlmap/POSTAL_PHILATELY_PURPOSE_MASTER_SqlMap.xml"/>
	<sqlMap resource="sybase/sqlmap/POSTAL_HINT_QUESTION_MASTER_SqlMap.xml"/>
	<sqlMap resource="sybase/sqlmap/POSTAL_PHILATELY_STANDING_INSTRUCTION_MASTER_SqlMap.xml"/>
	<sqlMap resource="sybase/sqlmap/POSTAL_PHILATELY_THEME_MASTER_SqlMap.xml"/>
	<sqlMap resource="sybase/sqlmap/POSTAL_PHILATELY_THEME_TYPE_MASTER_SqlMap.xml"/>
	<sqlMap resource="sybase/sqlmap/POSTAL_ITEM_INVENTORY_SqlMap.xml"/>
	<sqlMap resource="sybase/sqlmap/DOP_NPS_SERVICE_TYPE_MASTER_SqlMap.xml"/>
	<sqlMap resource="sybase/sqlmap/DOP_NPS_TRANSACTIONS_SqlMap.xml"/>
	<sqlMap resource="sybase/sqlmap/DOP_EMD_TENDER_MASTER_SqlMap.xml"/>
	<sqlMap resource="sybase/sqlmap/POSTAL_INTL_IFS_VALUE_COMMISSION_MASTER_SqlMap.xml"/>
	<sqlMap resource="sybase/sqlmap/POSTAL_MAIL_SERVICE_SOM_DETAILS_SqlMap.xml"/>
	<!-- Added for Philately -->
	<sqlMap resource="sybase/sqlmap/DOP_FRANKING_REFUND_REBATE_REASON_MASTER_SqlMap.xml"/>
	<sqlMap resource="sybase/sqlmap/DOP_FRANKING_REFUND_REBATE_TYPE_MASTER_SqlMap.xml"/>
	<sqlMap resource="sybase/sqlmap/DOP_FRANKING_REFUND_REBATE_TYPE_REASON_MAPPING_SqlMap.xml"/>
	<sqlMap resource="sybase/sqlmap/POSTAL_CUSTOM_DECLARATION_DETAILS_SqlMap.xml"/>
	<sqlMap resource="sybase/sqlmap/POSTAL_BILLER_PRODUCT_MASTER_SqlMap.xml"/>
	<sqlMap resource="sybase/sqlmap/POSTAL_PORTAL_BOOKED_ARTICLE_SqlMap.xml"/>
	<sqlMap resource="sybase/sqlmap/POSTAL_INTL_COUNTRY_ZIP_RULE_MAPPING_SqlMap.xml"/>
	<sqlMap resource="sybase/sqlmap/POSTAL_MANUAL_MASTER_SqlMap.xml"/>
	<sqlMap resource="sybase/sqlmap/POSTAL_PDA_CLOSURE_REFUND_MODE_MASTER_SqlMap.xml"/>
	<sqlMap resource="sybase/sqlmap/POSTAL_PDA_CLOSURE_REASON_MASTER_SqlMap.xml"/>
	<sqlMap resource="sybase/sqlmap/DOP_POS_FSI_MAPPING_SqlMap.xml"/>
	<sqlMap resource="sybase/sqlmap/POSTAL_ITEM_LEDGER_SqlMap.xml"/>
	<sqlMap resource="sybase/sqlmap/POSTAL_FSI_TRANSACTION_SqlMap.xml"/>
	<sqlMap resource="sybase/sqlmap/POSTAL_BILLER_TENDER_MAPPING_SqlMap.xml"/>
	<sqlMap resource="sybase/sqlmap/POSTAL_MO_BOOKING_TYPE_MASTER_SqlMap.xml"/>
	<sqlMap resource="sybase/sqlmap/DOP_ACK_SLIP_PURPOSE_MASTER_SqlMap.xml"/>
	<sqlMap resource="sybase/sqlmap/DOP_ACK_SLIP_TRANSACTION_SqlMap.xml"/>
	<sqlMap resource="sybase/sqlmap/POSTAL_GLCODE_MASTER_SqlMap.xml"/>
	<sqlMap resource="sybase/sqlmap/DAILY_STOCK_INVENTORY_SqlMap.xml"/>
	<sqlMap resource="sybase/sqlmap/STOCK_INVENTORY_LOG_SqlMap.xml"/>
	</sqlMapConfig>
