<?xml version="1.0" encoding="UTF-8" ?>
<!DOCTYPE sqlMap PUBLIC "-//ibatis.apache.org//DTD SQL Map 2.0//EN" "http://ibatis.apache.org/dtd/sql-map-2.dtd" >
<sqlMap namespace="POSTAL_FSI_TRANSACTION" >
  <resultMap id="abatorgenerated_PostalFsiTransactionResult" class="com.tcs.dop.pos.common.data.fsimapping.PostalFsiTransaction" >
    <!--
      WARNING - This element is automatically generated by Abator for iBATIS, do not modify.
      This element was generated on Thu Feb 12 14:32:01 IST 2015.
    -->
    <result column="FSI_TRANSACTION_ID" property="fsiTransactionId" jdbcType="VARCHAR" />
    <result column="USER_ID" property="userId" jdbcType="VARCHAR" />
    <result column="SHIFT_NO" property="shiftNo" jdbcType="VARCHAR" />
    <result column="TRANSACTION_DATE" property="transactionDate" jdbcType="TIMESTAMP" />
    <result column="TRANSACTION_DESC" property="transactionDesc" jdbcType="VARCHAR" />
    <result column="TRANSACTION_TYPE" property="transactionType" jdbcType="CHAR" />
    <result column="TRANSACTION_AMOUNT" property="transactionAmount" jdbcType="NUMERIC" />
    <result column="CREATED_BY" property="createdBy" jdbcType="VARCHAR" />
    <result column="CREATED_ON" property="createdOn" jdbcType="TIMESTAMP" />
    <result column="MODIFIED_BY" property="modifiedBy" jdbcType="VARCHAR" />
    <result column="MODIFIED_ON" property="modifiedOn" jdbcType="TIMESTAMP" />
    <result column="BEGIN_TRANS_ID" property="beginTransId" jdbcType="VARCHAR" />
    <result column="TILL_NO" property="tillNo" jdbcType="INTEGER" />
    <result column="OFFICE_ID" property="officeId" jdbcType="VARCHAR" />
  </resultMap>
  
  <resultMap id="consolitedReportPLI" class="com.tcs.dop.pos.common.data.fsimapping.PostalFsiTransaction" >
 
    <result column="FSI_TRANSACTION_ID" property="fsiTransactionId" jdbcType="VARCHAR" />
    <result column="SHIFT_NO" property="shiftNo" jdbcType="VARCHAR" />
    <result column="TRANSACTION_TYPE" property="transactionType" jdbcType="CHAR" />
    <result column="TRANSACTION_AMOUNT" property="transactionAmount" jdbcType="NUMERIC" />
    <result column="CREATED_ON" property="createdOn" jdbcType="TIMESTAMP" />
    
  </resultMap>
  
  <select id="abatorgenerated_selectByPrimaryKey" resultMap="abatorgenerated_PostalFsiTransactionResult" parameterClass="com.tcs.dop.pos.common.data.fsimapping.PostalFsiTransaction" >
    <!--
      WARNING - This element is automatically generated by Abator for iBATIS, do not modify.
      This element was generated on Thu Feb 12 14:32:01 IST 2015.
    -->
    select FSI_TRANSACTION_ID, USER_ID, SHIFT_NO, TRANSACTION_DATE, TRANSACTION_DESC,
      TRANSACTION_TYPE, TRANSACTION_AMOUNT, CREATED_BY, CREATED_ON, MODIFIED_BY, MODIFIED_ON,
      BEGIN_TRANS_ID, TILL_NO, OFFICE_ID
    from POSTAL_FSI_TRANSACTION
    where FSI_TRANSACTION_ID = #fsiTransactionId:VARCHAR# and TRANSACTION_DATE=#transactionDate:TIMESTAMP#
  </select>
  <delete id="abatorgenerated_deleteByPrimaryKey" parameterClass="com.tcs.dop.pos.common.data.fsimapping.PostalFsiTransaction" >
    <!--
      WARNING - This element is automatically generated by Abator for iBATIS, do not modify.
      This element was generated on Thu Feb 12 14:32:01 IST 2015.
    -->
    delete from POSTAL_FSI_TRANSACTION
    where FSI_TRANSACTION_ID = #fsiTransactionId:VARCHAR#
  </delete>
  <insert id="abatorgenerated_insert" parameterClass="com.tcs.dop.pos.common.data.fsimapping.PostalFsiTransaction" >
    <!--
      WARNING - This element is automatically generated by Abator for iBATIS, do not modify.
      This element was generated on Thu Feb 12 14:32:01 IST 2015.
    -->
    insert into POSTAL_FSI_TRANSACTION (FSI_TRANSACTION_ID, USER_ID, SHIFT_NO, TRANSACTION_DATE,
      TRANSACTION_DESC, TRANSACTION_TYPE, TRANSACTION_AMOUNT, CREATED_BY, CREATED_ON, MODIFIED_BY,
      MODIFIED_ON, BEGIN_TRANS_ID, TILL_NO,OFFICE_ID,TRAN_PARTICULAR)
    values (#fsiTransactionId:VARCHAR#, #userId:VARCHAR#, #shiftNo:VARCHAR#,
      #transactionDate:TIMESTAMP#, #transactionDesc:VARCHAR#, #transactionType:CHAR#,
      #transactionAmount:NUMERIC#, #createdBy:VARCHAR#, getdate(), #modifiedBy:VARCHAR#,
      getdate(), #beginTransId:VARCHAR#, #tillNo:INTEGER#, #officeId:VARCHAR#, #tranParticular:VARCHAR#)
  </insert>
  <update id="abatorgenerated_updateByPrimaryKey" parameterClass="com.tcs.dop.pos.common.data.fsimapping.PostalFsiTransaction" >
    <!--
      WARNING - This element is automatically generated by Abator for iBATIS, do not modify.
      This element was generated on Thu Feb 12 14:32:01 IST 2015.
    -->
    update POSTAL_FSI_TRANSACTION
    set USER_ID = #userId:VARCHAR#,
      SHIFT_NO = #shiftNo:VARCHAR#,
      TRANSACTION_DATE = #transactionDate:TIMESTAMP#,
      TRANSACTION_DESC = #transactionDesc:VARCHAR#,
      TRANSACTION_TYPE = #transactionType:CHAR#,
      TRANSACTION_AMOUNT = #transactionAmount:NUMERIC#,
      CREATED_BY = #createdBy:VARCHAR#,
      CREATED_ON = getdate(),
      MODIFIED_BY = #modifiedBy:VARCHAR#,
      MODIFIED_ON = getdate(),
      BEGIN_TRANS_ID = #beginTransId:VARCHAR#,
      TILL_NO = #tillNo:INTEGER#,
      OFFICE_ID = #officeId:VARCHAR#
    where FSI_TRANSACTION_ID = #fsiTransactionId:VARCHAR#
  </update>
  <update id="abatorgenerated_updateByPrimaryKeySelective" parameterClass="com.tcs.dop.pos.common.data.fsimapping.PostalFsiTransaction" >
    <!--
      WARNING - This element is automatically generated by Abator for iBATIS, do not modify.
      This element was generated on Thu Feb 12 14:32:01 IST 2015.
    -->
    update POSTAL_FSI_TRANSACTION
    <dynamic prepend="set" >
      <isNotNull prepend="," property="userId" >
        USER_ID = #userId:VARCHAR#
      </isNotNull>
      <isNotNull prepend="," property="shiftNo" >
        SHIFT_NO = #shiftNo:VARCHAR#
      </isNotNull>
      <isNotNull prepend="," property="transactionDate" >
        TRANSACTION_DATE = #transactionDate:TIMESTAMP#
      </isNotNull>
      <isNotNull prepend="," property="transactionDesc" >
        TRANSACTION_DESC = #transactionDesc:VARCHAR#
      </isNotNull>
      <isNotNull prepend="," property="transactionType" >
        TRANSACTION_TYPE = #transactionType:CHAR#
      </isNotNull>
      <isNotNull prepend="," property="transactionAmount" >
        TRANSACTION_AMOUNT = #transactionAmount:NUMERIC#
      </isNotNull>
      <isNotNull prepend="," property="createdBy" >
        CREATED_BY = #createdBy:VARCHAR#
      </isNotNull>
      <isNotNull prepend="," property="createdOn" >
        CREATED_ON = getdate()
      </isNotNull>
      <isNotNull prepend="," property="modifiedBy" >
        MODIFIED_BY = #modifiedBy:VARCHAR#
      </isNotNull>
      <isNotNull prepend="," property="modifiedOn" >
        MODIFIED_ON = getdate()
      </isNotNull>
      <isNotNull prepend="," property="beginTransId" >
        BEGIN_TRANS_ID = #beginTransId:VARCHAR#
      </isNotNull>
      <isNotNull prepend="," property="tillNo" >
        TILL_NO = #tillNo:INTEGER#
      </isNotNull>
      <isNotNull prepend="," property="officeId" >
        OFFICE_ID = #officeId:VARCHAR#
      </isNotNull>
    </dynamic>
    where FSI_TRANSACTION_ID = #fsiTransactionId:VARCHAR#
  </update>
  
  <resultMap id="result_selectLastFsiTranId" class="com.tcs.dop.pos.common.data.fsimapping.PostalFsiTransaction" >
    <result column="FSI_TRANSACTION_ID" property="fsiTransactionId" jdbcType="VARCHAR" />
    <result column="TRANSACTION_DATE" property="transactionDate" jdbcType="TIMESTAMP" />
  </resultMap>
   <select id="selectLastFsiTranId" resultMap="result_selectLastFsiTranId" parameterClass="com.tcs.dop.pos.common.data.fsimapping.PostalFsiTransaction" >
    select top 1 FSI_TRANSACTION_ID,TRANSACTION_DATE
    from POSTAL_FSI_TRANSACTION
    where <!--  SHIFT_NO = #shiftNo:VARCHAR# and -->
    TILL_NO = #tillNo:INTEGER# and
    USER_ID = #userId:VARCHAR# and
    TRANSACTION_DESC = #transactionDesc:VARCHAR# and
    OFFICE_ID = #officeId:VARCHAR# and
    convert(date,TRANSACTION_DATE) = #transactionDate:DATE# 
    ORDER BY TRANSACTION_DATE desc FOR READ ONLY
    <!-- OFFICE_ID = #fsiTransactionId:VARCHAR#  -->
    
  </select>
  
  <select id="selectAllPliRecords" resultMap="abatorgenerated_PostalFsiTransactionResult" parameterClass="com.tcs.dop.pos.common.data.fsimapping.PostalFsiTransaction" >
    
    select FSI_TRANSACTION_ID, USER_ID, SHIFT_NO, TRANSACTION_DATE, TRANSACTION_DESC,
      TRANSACTION_TYPE, TRANSACTION_AMOUNT, CREATED_BY, CREATED_ON, MODIFIED_BY, MODIFIED_ON,
      BEGIN_TRANS_ID, TILL_NO, OFFICE_ID
    from POSTAL_FSI_TRANSACTION
    where 
     TILL_NO = #tillNo:INTEGER# and
     SHIFT_NO = #shiftNo:VARCHAR# and
    USER_ID = #userId:VARCHAR# and
    TRANSACTION_DESC = #transactionDesc:VARCHAR# and
    OFFICE_ID = #officeId:VARCHAR# and
    convert(date,TRANSACTION_DATE) = #transactionDate:DATE#
    
  </select>
  
  <select id="selectPLIConsolidated" resultMap="consolitedReportPLI" parameterClass="com.tcs.dop.pos.common.data.fsimapping.PostalFsiTransaction" >
    
    select FSI_TRANSACTION_ID = NULL , SHIFT_NO, TRANSACTION_TYPE, SUM(TRANSACTION_AMOUNT) AS TRANSACTION_AMOUNT , DATEFORMAT(CREATED_ON, 'yyyy-MM-dd HH:mm')as CREATED_ON
    from POSTAL_FSI_TRANSACTION
    where 
     TILL_NO = #tillNo:INTEGER# and
     SHIFT_NO = #shiftNo:VARCHAR# and
    USER_ID = #userId:VARCHAR# and
    TRANSACTION_DESC = #transactionDesc:VARCHAR# and
    OFFICE_ID = #officeId:VARCHAR# and
    convert(date,TRANSACTION_DATE) = #transactionDate:DATE#
    GROUP BY SHIFT_NO, TRANSACTION_TYPE, CREATED_ON
  </select>
  
   <select id="getTotalAmtPBSPLI" resultClass = "java.lang.Double" parameterClass="com.tcs.dop.pos.common.data.fsimapping.PostalFsiTransaction" >
    
    select SUM(TRANSACTION_AMOUNT) AS TRANSACTION_AMOUNT
    from POSTAL_FSI_TRANSACTION
    where 
     TILL_NO = #tillNo:INTEGER# and
     SHIFT_NO = #shiftNo:VARCHAR# and
    USER_ID = #userId:VARCHAR# and
    TRANSACTION_DESC = #transactionDesc:VARCHAR# and
    OFFICE_ID = #officeId:VARCHAR# and
    convert(date,TRANSACTION_DATE) = #transactionDate:DATE#
    
  </select>
  
    <select id="getTotalAmtPLIConsolidated" resultClass = "java.lang.Double" parameterClass="com.tcs.dop.pos.common.data.fsimapping.PostalFsiTransaction" >
    
    select SUM(TRANSACTION_AMOUNT) AS TRANSACTION_AMOUNT
    from POSTAL_FSI_TRANSACTION
    where 
     TILL_NO = #tillNo:INTEGER# and
     SHIFT_NO = #shiftNo:VARCHAR# and
    USER_ID = #userId:VARCHAR# and
    TRANSACTION_DESC = #transactionDesc:VARCHAR# and
    OFFICE_ID = #officeId:VARCHAR# and
    convert(date,TRANSACTION_DATE) = #transactionDate:DATE#
  </select>
</sqlMap>