<?xml version="1.0" encoding="UTF-8" ?>
<!DOCTYPE sqlMap PUBLIC "-//ibatis.apache.org//DTD SQL Map 2.0//EN" "http://ibatis.apache.org/dtd/sql-map-2.dtd" >
<sqlMap namespace="DOP_SERVICE_SORT_PROGRAM_TYPE_MAPPING" >
  <resultMap id="abatorgenerated_DopServiceSortProgramTypeMappingResult" class="com.tcs.postal.common.data.mail.DopServiceSortProgramTypeMapping" >
    <!--
      WARNING - This element is automatically generated by Abator for iBATIS, do not modify.
      This element was generated on Fri Jun 27 13:57:14 IST 2014.
    -->
    <result column="SERVICE_ID" property="serviceId" jdbcType="VARCHAR" />
    <result column="SORT_PROGRAM_TYPE" property="sortProgramType" jdbcType="VARCHAR" />
    <result column="CREATED_BY" property="createdBy" jdbcType="VARCHAR" />
    <result column="CREATED_ON" property="createdOn" jdbcType="TIMESTAMP" />
    <result column="MODIFIED_BY" property="modifiedBy" jdbcType="VARCHAR" />
    <result column="MODIFIED_ON" property="modifiedOn" jdbcType="TIMESTAMP" />
  </resultMap>
  <select id="abatorgenerated_selectByPrimaryKey" resultMap="abatorgenerated_DopServiceSortProgramTypeMappingResult" parameterClass="com.tcs.postal.common.data.mail.DopServiceSortProgramTypeMapping" >
    <!--
      WARNING - This element is automatically generated by Abator for iBATIS, do not modify.
      This element was generated on Fri Jun 27 13:57:14 IST 2014.
    -->
    select SERVICE_ID, SORT_PROGRAM_TYPE, CREATED_BY, CREATED_ON, MODIFIED_BY, MODIFIED_ON
    from DOP_SERVICE_SORT_PROGRAM_TYPE_MAPPING
    where SERVICE_ID = #serviceId:VARCHAR#
  </select>
  <delete id="abatorgenerated_deleteByPrimaryKey" parameterClass="com.tcs.postal.common.data.mail.DopServiceSortProgramTypeMapping" >
    <!--
      WARNING - This element is automatically generated by Abator for iBATIS, do not modify.
      This element was generated on Fri Jun 27 13:57:14 IST 2014.
    -->
    delete from DOP_SERVICE_SORT_PROGRAM_TYPE_MAPPING
    where SERVICE_ID = #serviceId:VARCHAR#
  </delete>
  <insert id="abatorgenerated_insert" parameterClass="com.tcs.postal.common.data.mail.DopServiceSortProgramTypeMapping" >
    <!--
      WARNING - This element is automatically generated by Abator for iBATIS, do not modify.
      This element was generated on Fri Jun 27 13:57:14 IST 2014.
    -->
    insert into DOP_SERVICE_SORT_PROGRAM_TYPE_MAPPING (SERVICE_ID, SORT_PROGRAM_TYPE, CREATED_BY,
      CREATED_ON, MODIFIED_BY, MODIFIED_ON)
    values (#serviceId:VARCHAR#, #sortProgramType:VARCHAR#, #createdBy:VARCHAR#,
      getdate(), #modifiedBy:VARCHAR#, getdate())
  </insert>
  <update id="abatorgenerated_updateByPrimaryKey" parameterClass="com.tcs.postal.common.data.mail.DopServiceSortProgramTypeMapping" >
    <!--
      WARNING - This element is automatically generated by Abator for iBATIS, do not modify.
      This element was generated on Fri Jun 27 13:57:14 IST 2014.
    -->
    update DOP_SERVICE_SORT_PROGRAM_TYPE_MAPPING
    set SORT_PROGRAM_TYPE = #sortProgramType:VARCHAR#,
      CREATED_BY = #createdBy:VARCHAR#,
      CREATED_ON = getdate(),
      MODIFIED_BY = #modifiedBy:VARCHAR#,
      MODIFIED_ON = getdate()
    where SERVICE_ID = #serviceId:VARCHAR#
  </update>
  <update id="abatorgenerated_updateByPrimaryKeySelective" parameterClass="com.tcs.postal.common.data.mail.DopServiceSortProgramTypeMapping" >
    <!--
      WARNING - This element is automatically generated by Abator for iBATIS, do not modify.
      This element was generated on Fri Jun 27 13:57:14 IST 2014.
    -->
    update DOP_SERVICE_SORT_PROGRAM_TYPE_MAPPING
    <dynamic prepend="set" >
      <isNotNull prepend="," property="sortProgramType" >
        SORT_PROGRAM_TYPE = #sortProgramType:VARCHAR#
      </isNotNull>
      <isNotNull prepend="," property="createdBy" >
        CREATED_BY = #createdBy:VARCHAR#
      </isNotNull>
      <isNotNull prepend="," property="createdOn" >
        CREATED_ON = getdate()
      </isNotNull>
      <isNotNull prepend="," property="modifiedBy" >
        MODIFIED_BY = #modifiedBy:VARCHAR#
      </isNotNull>
      <isNotNull prepend="," property="modifiedOn" >
        MODIFIED_ON = getdate()
      </isNotNull>
    </dynamic>
    where SERVICE_ID = #serviceId:VARCHAR#
  </update>
</sqlMap>