<?xml version="1.0" encoding="UTF-8" ?>
<!DOCTYPE sqlMap PUBLIC "-//ibatis.apache.org//DTD SQL Map 2.0//EN" "http://ibatis.apache.org/dtd/sql-map-2.dtd" >
<sqlMap namespace="POSTAL_HINT_QUESTION_MASTER" >
  <resultMap id="abatorgenerated_PostalHintQuestionMasterResult" class="com.tcs.pos.common.data.philately.PostalHintQuestionMaster" >
    <!--
      WARNING - This element is automatically generated by Abator for iBATIS, do not modify.
      This element was generated on Thu Aug 07 13:06:22 GMT+05:30 2014.
    -->
    <result column="HINT_QUESTION_CODE" property="hintQuestionCode" jdbcType="VARCHAR" />
    <result column="HINT_QUESTION" property="hintQuestion" jdbcType="VARCHAR" />
    <result column="CATEGORY" property="category" jdbcType="VARCHAR" />
    <result column="CREATED_BY" property="createdBy" jdbcType="VARCHAR" />
    <result column="CREATED_ON" property="createdOn" jdbcType="TIMESTAMP" />
    <result column="MODIFIED_BY" property="modifiedBy" jdbcType="VARCHAR" />
    <result column="MODIFIED_ON" property="modifiedOn" jdbcType="TIMESTAMP" />
  </resultMap>
  <select id="abatorgenerated_selectByPrimaryKey" resultMap="abatorgenerated_PostalHintQuestionMasterResult" parameterClass="com.tcs.pos.common.data.philately.PostalHintQuestionMaster" >
    <!--
      WARNING - This element is automatically generated by Abator for iBATIS, do not modify.
      This element was generated on Thu Aug 07 13:06:22 GMT+05:30 2014.
    -->
    select HINT_QUESTION_CODE, HINT_QUESTION, CATEGORY, CREATED_BY, CREATED_ON, MODIFIED_BY,
      MODIFIED_ON
    from POSTAL_HINT_QUESTION_MASTER
    where HINT_QUESTION_CODE = #hintQuestionCode:VARCHAR#
  </select>
  <delete id="abatorgenerated_deleteByPrimaryKey" parameterClass="com.tcs.pos.common.data.philately.PostalHintQuestionMaster" >
    <!--
      WARNING - This element is automatically generated by Abator for iBATIS, do not modify.
      This element was generated on Thu Aug 07 13:06:22 GMT+05:30 2014.
    -->
    delete from POSTAL_HINT_QUESTION_MASTER
    where HINT_QUESTION_CODE = #hintQuestionCode:VARCHAR#
  </delete>
  <insert id="abatorgenerated_insert" parameterClass="com.tcs.pos.common.data.philately.PostalHintQuestionMaster" >
    <!--
      WARNING - This element is automatically generated by Abator for iBATIS, do not modify.
      This element was generated on Thu Aug 07 13:06:22 GMT+05:30 2014.
    -->
    insert into POSTAL_HINT_QUESTION_MASTER (HINT_QUESTION_CODE, HINT_QUESTION, CATEGORY,
      CREATED_BY, CREATED_ON, MODIFIED_BY, MODIFIED_ON)
    values (#hintQuestionCode:VARCHAR#, #hintQuestion:VARCHAR#, #category:VARCHAR#,
      #createdBy:VARCHAR#, getdate(), #modifiedBy:VARCHAR#, getdate())
  </insert>
  <update id="abatorgenerated_updateByPrimaryKey" parameterClass="com.tcs.pos.common.data.philately.PostalHintQuestionMaster" >
    <!--
      WARNING - This element is automatically generated by Abator for iBATIS, do not modify.
      This element was generated on Thu Aug 07 13:06:22 GMT+05:30 2014.
    -->
    update POSTAL_HINT_QUESTION_MASTER
    set HINT_QUESTION = #hintQuestion:VARCHAR#,
      CATEGORY = #category:VARCHAR#,
      CREATED_BY = #createdBy:VARCHAR#,
      CREATED_ON = getdate(),
      MODIFIED_BY = #modifiedBy:VARCHAR#,
      MODIFIED_ON = getdate()
    where HINT_QUESTION_CODE = #hintQuestionCode:VARCHAR#
  </update>
  <update id="abatorgenerated_updateByPrimaryKeySelective" parameterClass="com.tcs.pos.common.data.philately.PostalHintQuestionMaster" >
    <!--
      WARNING - This element is automatically generated by Abator for iBATIS, do not modify.
      This element was generated on Thu Aug 07 13:06:22 GMT+05:30 2014.
    -->
    update POSTAL_HINT_QUESTION_MASTER
    <dynamic prepend="set" >
      <isNotNull prepend="," property="hintQuestion" >
        HINT_QUESTION = #hintQuestion:VARCHAR#
      </isNotNull>
      <isNotNull prepend="," property="category" >
        CATEGORY = #category:VARCHAR#
      </isNotNull>
      <isNotNull prepend="," property="createdBy" >
        CREATED_BY = #createdBy:VARCHAR#
      </isNotNull>
      <isNotNull prepend="," property="createdOn" >
        CREATED_ON = getdate()
      </isNotNull>
      <isNotNull prepend="," property="modifiedBy" >
        MODIFIED_BY = #modifiedBy:VARCHAR#
      </isNotNull>
      <isNotNull prepend="," property="modifiedOn" >
        MODIFIED_ON = getdate()
      </isNotNull>
    </dynamic>
    where HINT_QUESTION_CODE = #hintQuestionCode:VARCHAR#
  </update>
  
  <select id="abatorgenerated_getAllQuestion" resultMap="abatorgenerated_PostalHintQuestionMasterResult" parameterClass="com.tcs.pos.common.data.philately.PostalHintQuestionMaster" >
  select * from POSTAL_HINT_QUESTION_MASTER
  </select>
  
</sqlMap>