<?xml version="1.0" encoding="UTF-8" ?>
<!DOCTYPE sqlMap PUBLIC "-//ibatis.apache.org//DTD SQL Map 2.0//EN" "http://ibatis.apache.org/dtd/sql-map-2.dtd" >
<sqlMap namespace="POSTAL_INTERNATIONAL_RESTRICTED_ARTICLE_MASTER" >
  <resultMap id="abatorgenerated_PostalInternationalRestrictedArticleMasterResult" class="com.tcs.postal.common.data.mail.PostalInternationalRestrictedArticleMaster" >
    <!--
      WARNING - This element is automatically generated by Abator for iBATIS, do not modify.
      This element was generated on Mon Sep 23 18:59:14 IST 2013.
    -->
    <result column="RESTRICTED_ARTICLE_ID" property="restrictedArticleId" jdbcType="VARCHAR" />
    <result column="COUNTRY_ID" property="countryId" jdbcType="VARCHAR" />
    <result column="RESTRICTED_ARTICLE" property="restrictedArticle" jdbcType="VARCHAR" />
    <result column="CREATED_BY" property="createdBy" jdbcType="VARCHAR" />
    <result column="CREATED_ON" property="createdOn" jdbcType="TIMESTAMP" />
    <result column="MODIFIED_BY" property="modifiedBy" jdbcType="VARCHAR" />
    <result column="MODIFIED_ON" property="modifiedOn" jdbcType="TIMESTAMP" />
  </resultMap>
  <select id="abatorgenerated_selectByPrimaryKey" resultMap="abatorgenerated_PostalInternationalRestrictedArticleMasterResult" parameterClass="com.tcs.postal.common.data.mail.PostalInternationalRestrictedArticleMaster" >
    <!--
      WARNING - This element is automatically generated by Abator for iBATIS, do not modify.
      This element was generated on Mon Sep 23 18:59:14 IST 2013.
    -->
    select RESTRICTED_ARTICLE_ID, COUNTRY_ID, RESTRICTED_ARTICLE, CREATED_BY, CREATED_ON,
      MODIFIED_BY, MODIFIED_ON
    from POSTAL_INTERNATIONAL_RESTRICTED_ARTICLE_MASTER
    where RESTRICTED_ARTICLE_ID = #restrictedArticleId:VARCHAR# FOR READ ONLY
  </select>
  <delete id="abatorgenerated_deleteByPrimaryKey" parameterClass="com.tcs.postal.common.data.mail.PostalInternationalRestrictedArticleMaster" >
    <!--
      WARNING - This element is automatically generated by Abator for iBATIS, do not modify.
      This element was generated on Mon Sep 23 18:59:14 IST 2013.
    -->
    delete from POSTAL_INTERNATIONAL_RESTRICTED_ARTICLE_MASTER
    where RESTRICTED_ARTICLE_ID = #restrictedArticleId:VARCHAR#
  </delete>
  <insert id="abatorgenerated_insert" parameterClass="com.tcs.postal.common.data.mail.PostalInternationalRestrictedArticleMaster" >
    <!--
      WARNING - This element is automatically generated by Abator for iBATIS, do not modify.
      This element was generated on Mon Sep 23 18:59:14 IST 2013.
    -->
    insert into POSTAL_INTERNATIONAL_RESTRICTED_ARTICLE_MASTER (RESTRICTED_ARTICLE_ID, COUNTRY_ID,
      RESTRICTED_ARTICLE, CREATED_BY, CREATED_ON, MODIFIED_BY, MODIFIED_ON)
    values (#restrictedArticleId:VARCHAR#, #countryId:VARCHAR#, #restrictedArticle:VARCHAR#,
      #createdBy:VARCHAR#, getdate(), #modifiedBy:VARCHAR#, getdate())
  </insert>
  <update id="abatorgenerated_updateByPrimaryKey" parameterClass="com.tcs.postal.common.data.mail.PostalInternationalRestrictedArticleMaster" >
    <!--
      WARNING - This element is automatically generated by Abator for iBATIS, do not modify.
      This element was generated on Mon Sep 23 18:59:14 IST 2013.
    -->
    update POSTAL_INTERNATIONAL_RESTRICTED_ARTICLE_MASTER
    set COUNTRY_ID = #countryId:VARCHAR#,
      RESTRICTED_ARTICLE = #restrictedArticle:VARCHAR#,
      CREATED_BY = #createdBy:VARCHAR#,
      CREATED_ON = getdate(),
      MODIFIED_BY = #modifiedBy:VARCHAR#,
      MODIFIED_ON = getdate()
    where RESTRICTED_ARTICLE_ID = #restrictedArticleId:VARCHAR#
  </update>
  <update id="abatorgenerated_updateByPrimaryKeySelective" parameterClass="com.tcs.postal.common.data.mail.PostalInternationalRestrictedArticleMaster" >
    <!--
      WARNING - This element is automatically generated by Abator for iBATIS, do not modify.
      This element was generated on Mon Sep 23 18:59:14 IST 2013.
    -->
    update POSTAL_INTERNATIONAL_RESTRICTED_ARTICLE_MASTER
    <dynamic prepend="set" >
      <isNotNull prepend="," property="countryId" >
        COUNTRY_ID = #countryId:VARCHAR#
      </isNotNull>
      <isNotNull prepend="," property="restrictedArticle" >
        RESTRICTED_ARTICLE = #restrictedArticle:VARCHAR#
      </isNotNull>
      <isNotNull prepend="," property="createdBy" >
        CREATED_BY = #createdBy:VARCHAR#
      </isNotNull>
      <isNotNull prepend="," property="createdOn" >
        CREATED_ON = getdate()
      </isNotNull>
      <isNotNull prepend="," property="modifiedBy" >
        MODIFIED_BY = #modifiedBy:VARCHAR#
      </isNotNull>
      <isNotNull prepend="," property="modifiedOn" >
        MODIFIED_ON = getdate()
      </isNotNull>
    </dynamic>
    where RESTRICTED_ARTICLE_ID = #restrictedArticleId:VARCHAR#
  </update>
</sqlMap>