<?xml version="1.0" encoding="UTF-8" ?>
<!DOCTYPE sqlMap PUBLIC "-//ibatis.apache.org//DTD SQL Map 2.0//EN" "http://ibatis.apache.org/dtd/sql-map-2.dtd" >
<sqlMap namespace="POSTAL_CHEQUE_DISTRIBUTION" >
  <resultMap id="abatorgenerated_PostalChequeDistributionResult" class="com.tcs.pos.common.data.dayactivites.workallocation.PostalChequeDistribution" >
    <!--
      WARNING - This element is automatically generated by Abator for iBATIS, do not modify.
      This element was generated on Tue Jun 17 21:14:17 GMT+05:30 2014.
    -->
    <result column="CHEQUE_DISTRIBUTION_ID" property="chequeDistributionId" jdbcType="BIGINT" />
    <result column="FORMAT_ID" property="formatId" jdbcType="VARCHAR" />
    <result column="STORE_ID" property="storeId" jdbcType="VARCHAR" />
    <result column="TILL_NO" property="tillNo" jdbcType="INTEGER" />
    <result column="USER_ID" property="userId" jdbcType="VARCHAR" />
    <result column="SHIFT_NO" property="shiftNo" jdbcType="INTEGER" />
    <result column="SHIFT_DATE" property="shiftDate" jdbcType="DATE" />
    <result column="SHIFT_TIME" property="shiftTime" jdbcType="TIME" />
    <result column="SHIFT_STATUS" property="shiftStatus" jdbcType="VARCHAR" />
    <result column="STATUS" property="status" jdbcType="VARCHAR" />
    <result column="CHEQUE_DATE" property="chequeDate" jdbcType="TIMESTAMP" />
    <result column="CHEQUE_NO" property="chequeNo" jdbcType="VARCHAR" />
    <result column="CHEQUE_DRAWER" property="chequeDrawer" jdbcType="VARCHAR" />
    <result column="CHEQUE_BANK_NAME" property="chequeBankName" jdbcType="VARCHAR" />
    <result column="CHEQUE_AMT_PAID" property="chequeAmtPaid" jdbcType="NUMERIC" />
    <result column="CREATED_BY" property="createdBy" jdbcType="VARCHAR" />
    <result column="CREATED_ON" property="createdOn" jdbcType="TIMESTAMP" />
    <result column="MODIFIED_BY" property="modifiedBy" jdbcType="VARCHAR" />
    <result column="MODIFIED_ON" property="modifiedOn" jdbcType="TIMESTAMP" />
    <result column="IFSC" property="ifsc" jdbcType="VARCHAR" />
    <result column="MICR" property="micr" jdbcType="VARCHAR" />
    <result column="CHEQUE_TRANSACTION_CODE" property="transactionCode" jdbcType="VARCHAR" />
  </resultMap>
  
  <resultMap id="workAllocChequeResult" class="com.tcs.pos.common.data.dayactivites.workallocation.PostalChequeDistribution" >
    <!--
      WARNING - This element is automatically generated by Abator for iBATIS, do not modify.
      This element was generated on Tue Jun 17 21:14:17 GMT+05:30 2014.
    -->
    <result column="CHEQUE_DISTRIBUTION_ID" property="chequeDistributionId" jdbcType="BIGINT" />
    <result column="TILL_NO" property="tillNo" jdbcType="INTEGER" />
    <result column="USER_ID" property="userId" jdbcType="VARCHAR" />
    <result column="SHIFT_NO" property="shiftNo" jdbcType="INTEGER" />
    <result column="SHIFT_DATE" property="shiftDate" jdbcType="DATE" />
    <result column="STATUS" property="status" jdbcType="VARCHAR" />
    <result column="CHEQUE_DATE" property="chequeDate" jdbcType="TIMESTAMP" />
    <result column="CHEQUE_NO" property="chequeNo" jdbcType="VARCHAR" />
    <result column="CHEQUE_DRAWER" property="chequeDrawer" jdbcType="VARCHAR" />
    <result column="CHEQUE_BANK_NAME" property="chequeBankName" jdbcType="VARCHAR" />
    <result column="CHEQUE_AMT_PAID" property="chequeAmtPaid" jdbcType="NUMERIC" />
    <result column="CREATED_BY" property="createdBy" jdbcType="VARCHAR" />
  </resultMap>
   
   <resultMap id="ChequeResult" class="com.tcs.pos.common.data.dayactivites.workallocation.PostalChequeDistribution" >   
    <result column="CHEQUE_DISTRIBUTION_ID" property="chequeDistributionId" jdbcType="BIGINT" />
   </resultMap>
   
  <select id="abatorgenerated_selectByPrimaryKey" resultMap="abatorgenerated_PostalChequeDistributionResult" parameterClass="com.tcs.pos.common.data.dayactivites.workallocation.PostalChequeDistributionKey" >
    <!--
      WARNING - This element is automatically generated by Abator for iBATIS, do not modify.
      This element was generated on Tue Jun 17 21:14:17 GMT+05:30 2014.
    -->
    select CHEQUE_DISTRIBUTION_ID, FORMAT_ID, STORE_ID, TILL_NO, USER_ID, SHIFT_NO, SHIFT_DATE,
      SHIFT_TIME, SHIFT_STATUS, STATUS, CHEQUE_DATE, CHEQUE_NO, CHEQUE_DRAWER, CHEQUE_BANK_NAME,
      CHEQUE_AMT_PAID, CREATED_BY, CREATED_ON, MODIFIED_BY, MODIFIED_ON
    from POSTAL_CHEQUE_DISTRIBUTION
    where CHEQUE_DISTRIBUTION_ID = #chequeDistributionId:BIGINT#
      and FORMAT_ID = #formatId:VARCHAR#
      and STORE_ID = #storeId:VARCHAR#
      FOR READ ONLY
  </select>
  <delete id="abatorgenerated_deleteByPrimaryKey" parameterClass="com.tcs.pos.common.data.dayactivites.workallocation.PostalChequeDistributionKey" >
    <!--
      WARNING - This element is automatically generated by Abator for iBATIS, do not modify.
      This element was generated on Tue Jun 17 21:14:17 GMT+05:30 2014.
    -->
    delete from POSTAL_CHEQUE_DISTRIBUTION
    where CHEQUE_DISTRIBUTION_ID = #chequeDistributionId:BIGINT#
      and FORMAT_ID = #formatId:VARCHAR#
      and STORE_ID = #storeId:VARCHAR#
  </delete>
  <insert id="abatorgenerated_insert" parameterClass="com.tcs.pos.common.data.dayactivites.workallocation.PostalChequeDistribution" >
    <!--
      WARNING - This element is automatically generated by Abator for iBATIS, do not modify.
      This element was generated on Tue Jun 17 21:14:17 GMT+05:30 2014.
    -->
    insert into POSTAL_CHEQUE_DISTRIBUTION (CHEQUE_DISTRIBUTION_ID, FORMAT_ID, STORE_ID, TILL_NO,
      USER_ID, SHIFT_NO, SHIFT_DATE, SHIFT_TIME, SHIFT_STATUS, STATUS, CHEQUE_DATE, CHEQUE_NO,
      CHEQUE_DRAWER, CHEQUE_BANK_NAME, CHEQUE_AMT_PAID, CREATED_BY, CREATED_ON, MODIFIED_BY,
      MODIFIED_ON,IFSC,MICR,SYS_INVOICE_NO,PAYMENT_TRANS_SEQ,CHEQUE_TRANSACTION_CODE)
    values (#chequeDistributionId:BIGINT#, #formatId:VARCHAR#, #storeId:VARCHAR#, #tillNo:INTEGER#,
      #userId:VARCHAR#, #shiftNo:INTEGER#, #shiftDate:DATE#, #shiftTime:TIME#,
      #shiftStatus:VARCHAR#, #status:VARCHAR#, #chequeDate:TIMESTAMP#, #chequeNo:VARCHAR#,
      #chequeDrawer:VARCHAR#, #chequeBankName:VARCHAR#, #chequeAmtPaid:NUMERIC#,
      #createdBy:VARCHAR#, getdate(), #modifiedBy:VARCHAR#, getdate(),
      #ifsc:VARCHAR#,#micr:VARCHAR#,#sysInvoiceNo:VARCHAR#,#paymentTransSeq:INTEGER#,#transactionCode:VARCHAR#)
  </insert>
  <update id="abatorgenerated_updateByPrimaryKey" parameterClass="com.tcs.pos.common.data.dayactivites.workallocation.PostalChequeDistribution" >
    <!--
      WARNING - This element is automatically generated by Abator for iBATIS, do not modify.
      This element was generated on Tue Jun 17 21:14:17 GMT+05:30 2014.
    -->
    update POSTAL_CHEQUE_DISTRIBUTION
    set TILL_NO = #tillNo:INTEGER#,
      USER_ID = #userId:VARCHAR#,
      SHIFT_NO = #shiftNo:INTEGER#,
      SHIFT_DATE = #shiftDate:DATE#,
      SHIFT_TIME = #shiftTime:TIME#,
      SHIFT_STATUS = #shiftStatus:VARCHAR#,
      STATUS = #status:VARCHAR#,
      CHEQUE_DATE = #chequeDate:TIMESTAMP#,
      CHEQUE_NO = #chequeNo:VARCHAR#,
      CHEQUE_DRAWER = #chequeDrawer:VARCHAR#,
      CHEQUE_BANK_NAME = #chequeBankName:VARCHAR#,
      CHEQUE_AMT_PAID = #chequeAmtPaid:NUMERIC#,
      CREATED_BY = #createdBy:VARCHAR#,
      CREATED_ON = getdate(),
      MODIFIED_BY = #modifiedBy:VARCHAR#,
      MODIFIED_ON = getdate()
    where CHEQUE_DISTRIBUTION_ID = #chequeDistributionId:BIGINT#
      and FORMAT_ID = #formatId:VARCHAR#
      and STORE_ID = #storeId:VARCHAR#
  </update>
  <update id="abatorgenerated_updateByPrimaryKeySelective" parameterClass="com.tcs.pos.common.data.dayactivites.workallocation.PostalChequeDistribution" >
    <!--
      WARNING - This element is automatically generated by Abator for iBATIS, do not modify.
      This element was generated on Tue Jun 17 21:14:17 GMT+05:30 2014.
    -->
    update POSTAL_CHEQUE_DISTRIBUTION
    <dynamic prepend="set" >
      <isNotNull prepend="," property="tillNo" >
        TILL_NO = #tillNo:INTEGER#
      </isNotNull>
      <isNotNull prepend="," property="userId" >
        USER_ID = #userId:VARCHAR#
      </isNotNull>
      <isNotNull prepend="," property="shiftNo" >
        SHIFT_NO = #shiftNo:INTEGER#
      </isNotNull>
      <isNotNull prepend="," property="shiftDate" >
        SHIFT_DATE = #shiftDate:DATE#
      </isNotNull>
      <isNotNull prepend="," property="shiftTime" >
        SHIFT_TIME = #shiftTime:TIME#
      </isNotNull>
      <isNotNull prepend="," property="shiftStatus" >
        SHIFT_STATUS = #shiftStatus:VARCHAR#
      </isNotNull>
      <isNotNull prepend="," property="status" >
        STATUS = #status:VARCHAR#
      </isNotNull>
      <isNotNull prepend="," property="chequeDate" >
        CHEQUE_DATE = #chequeDate:TIMESTAMP#
      </isNotNull>
      <isNotNull prepend="," property="chequeNo" >
        CHEQUE_NO = #chequeNo:VARCHAR#
      </isNotNull>
      <isNotNull prepend="," property="chequeDrawer" >
        CHEQUE_DRAWER = #chequeDrawer:VARCHAR#
      </isNotNull>
      <isNotNull prepend="," property="chequeBankName" >
        CHEQUE_BANK_NAME = #chequeBankName:VARCHAR#
      </isNotNull>
      <isNotNull prepend="," property="chequeAmtPaid" >
        CHEQUE_AMT_PAID = #chequeAmtPaid:NUMERIC#
      </isNotNull>
      <isNotNull prepend="," property="createdBy" >
        CREATED_BY = #createdBy:VARCHAR#
      </isNotNull>
      <isNotNull prepend="," property="createdOn" >
        CREATED_ON = getdate()
      </isNotNull>
      <isNotNull prepend="," property="modifiedBy" >
        MODIFIED_BY = #modifiedBy:VARCHAR#
      </isNotNull>
      <isNotNull prepend="," property="modifiedOn" >
        MODIFIED_ON = getdate()
      </isNotNull>
    </dynamic>
    where CHEQUE_DISTRIBUTION_ID = #chequeDistributionId:BIGINT#
      and FORMAT_ID = #formatId:VARCHAR#
      and STORE_ID = #storeId:VARCHAR#
  </update>

  <select id="processForSelectionForCheque" resultMap="workAllocChequeResult" parameterClass="com.tcs.pos.common.data.dayactivites.workallocation.PostalChequeDistribution" >
    select CHEQUE_DISTRIBUTION_ID, USER_ID, SHIFT_NO, SHIFT_DATE,TILL_NO,
      STATUS, CHEQUE_DATE, CHEQUE_NO, CHEQUE_DRAWER, CHEQUE_BANK_NAME,
      CHEQUE_AMT_PAID,CREATED_BY
    from POSTAL_CHEQUE_DISTRIBUTION
    where 
     	FORMAT_ID = #formatId:VARCHAR#
      	and STORE_ID = #storeId:VARCHAR#
      	and SHIFT_DATE = #shiftDate:DATE#
      	and USER_ID = #userId:VARCHAR#
      	and	STATUS = #status:VARCHAR#
    FOR READ ONLY
  </select>
  
  <update id="processForUpdateAcceptRejectCheque" parameterClass="com.tcs.pos.common.data.dayactivites.workallocation.PostalChequeDistribution" >
    <!--
      WARNING - This element is automatically generated by Abator for iBATIS, do not modify.
      This element was generated on Tue Jun 17 21:14:17 GMT+05:30 2014.
    -->
    update POSTAL_CHEQUE_DISTRIBUTION
    set 
      STATUS = #status:VARCHAR#,
      MODIFIED_BY = #modifiedBy:VARCHAR#,
      MODIFIED_ON = getdate(),
      TILL_NO = #tillNo:INTEGER#,
      SHIFT_NO = #shiftNo:INTEGER#
    where USER_ID = #userId:VARCHAR#
      and CHEQUE_DISTRIBUTION_ID = #chequeDistributionId:BIGINT#
  </update>
  
  <select id="chequeAccepted" resultClass="java.lang.Double" parameterClass="com.tcs.pos.common.data.dayactivites.workallocation.PostalChequeDistribution" >
    select sum(CHEQUE_AMT_PAID)
    from POSTAL_CHEQUE_DISTRIBUTION
    where 
    FORMAT_ID = #formatId:VARCHAR#
     and STORE_ID = #storeId:VARCHAR#
     and SHIFT_DATE = #shiftDate:DATE#
     and USER_ID = #userId:VARCHAR#
     and	(STATUS = #status:VARCHAR# or STATUS = 'Z')
     and (STATUS != 'Q' or STATUS != 'H')
     and SHIFT_NO = #shiftNo:INTEGER#
     and TILL_NO = #tillNo:INTEGER#
     FOR READ ONLY
  </select> 
  
  <select id="chequeForPayment" resultClass="java.lang.Double" parameterClass="com.tcs.pos.common.data.dayactivites.workallocation.PostalChequeDistribution" >
    select sum(CHEQUE_AMT_PAID)
    from POSTAL_CHEQUE_DISTRIBUTION
    where 
    FORMAT_ID = #formatId:VARCHAR#
     and STORE_ID = #storeId:VARCHAR#
     and SHIFT_DATE = #shiftDate:DATE#
     and USER_ID = #userId:VARCHAR#
     and STATUS='P'
     and (STATUS != 'Q' or STATUS != 'H')
     and SHIFT_NO = #shiftNo:INTEGER#
     and TILL_NO = #tillNo:INTEGER#
     FOR READ ONLY
  </select> 
 
  <select id="getAvailableCheques" resultMap="abatorgenerated_PostalChequeDistributionResult" parameterClass="com.tcs.pos.common.data.dayactivites.workallocation.PostalChequeDistribution" >	
	<!--  SELECT * FROM POSTAL_CHEQUE_DISTRIBUTION
	WHERE TILL_NO=#tillNo:INTEGER# 
	 AND SHIFT_DATE=#shiftDate:DATE# 
	 AND USER_ID=#userId:VARCHAR# 
	 AND STORE_ID=#storeId:VARCHAR# 
	 AND FORMAT_ID=#formatId:VARCHAR# 
	 AND SHIFT_NO=#shiftNo:INTEGER#
	 AND STATUS='A'		
	 FOR READ ONLY 
	 
	 SELECT * FROM POSTAL_CHEQUE_DISTRIBUTION pcd 
	 WHERE pcd.TILL_NO=#tillNo:INTEGER#
     AND pcd.CHEQUE_NO not in (select dca.ADDL_VARCHAR_4 from DOP_CASH_APPROVAL dca where dca.TRANSFERRED_TO in ('S','T') and dca.TRANSFERRED_TO_USER_ID is not null )
	 AND SHIFT_DATE=#shiftDate:DATE# 
	 AND USER_ID=#userId:VARCHAR# 
	 AND STORE_ID=#storeId:VARCHAR# 
	 AND FORMAT_ID=#formatId:VARCHAR# 
	 AND SHIFT_NO=#shiftNo:INTEGER#
	 AND STATUS='A'
	 
	 SELECT * FROM POSTAL_CHEQUE_DISTRIBUTION pcd 
	 WHERE pcd.TILL_NO=#tillNo:INTEGER#
     AND pcd.CHEQUE_NO in (select dca.ADDL_VARCHAR_4 
            from DOP_CASH_APPROVAL dca join POSTAL_CHEQUE_DISTRIBUTION pcd
            on dca.ADDL_VARCHAR_4 = pcd.CHEQUE_NO
            where pcd.STATUS='A'
            	and dca.PICKUP_DATE = #shiftDate:DATE# 
            	and dca.CREATED_BY = #userId:VARCHAR# 
            	and dca.STORE_ID = #storeId:VARCHAR# 
            	and dca.TRANSFERRED_FROM_SHIFT_NO=#shiftNo:VARCHAR#
            	and (dca.ACCEPTANCE_FLAG = 'A' or dca.ACCEPTANCE_FLAG = 'S'))
	 AND SHIFT_DATE=#shiftDate:DATE# 
	 AND USER_ID=#userId:VARCHAR# 
	 AND STORE_ID=#storeId:VARCHAR#
     and FORMAT_ID=#formatId:VARCHAR#  
	 AND SHIFT_NO=#shiftNo:INTEGER#
	 AND STATUS='A'		-->	
	 
	 
	     SELECT * FROM POSTAL_CHEQUE_DISTRIBUTION pcd 
	 WHERE pcd.TILL_NO=#tillNo:INTEGER#
     AND pcd.CHEQUE_NO not in (select dca.ADDL_VARCHAR_4 from DOP_CASH_APPROVAL dca where dca.TRANSFERRED_TO in ('S','T') and dca.ADDL_VARCHAR_4 is not null )
	 AND SHIFT_DATE=#shiftDate:DATE# 
	 AND USER_ID=#userId:VARCHAR# 
	 AND STORE_ID=#storeId:VARCHAR# 
	 AND FORMAT_ID=#formatId:VARCHAR# 
	 AND SHIFT_NO=#shiftNo:INTEGER#
	 AND STATUS='A'
		
		
	 FOR READ ONLY
   </select>
   
     <resultMap id="abatorgenerated_PostalChequeDistributionResultFrmCustomer" class="com.tcs.pos.common.data.dayactivites.workallocation.PostalChequeDistribution" >
    <!--
      WARNING - This element is automatically generated by Abator for iBATIS, do not modify.
      This element was generated on Tue Jun 17 21:14:17 GMT+05:30 2014.
    -->

    <result column="CHEQUE_NO" property="chequeNo" jdbcType="VARCHAR" />
    <result column="CHEQUE_AMT_PAID" property="chequeAmtPaid" jdbcType="NUMERIC" />
    <result column="IFSC" property="ifsc" jdbcType="VARCHAR" />
    <result column="MICR" property="micr" jdbcType="VARCHAR" />
    <result column="CHEQUE_TRANSACTION_CODE" property="transactionCode" jdbcType="VARCHAR" />
     <result column="CHEQUE_DATE" property="chequeDate" jdbcType="TIMESTAMP" />
      <result column="CHEQUE_DRAWER" property="chequeDrawer" jdbcType="VARCHAR" />
    <result column="CHEQUE_BANK_NAME" property="chequeBankName" jdbcType="VARCHAR" />
  </resultMap>
   
   
   <select id="getAvailableChequesFrmCustomer" resultMap="abatorgenerated_PostalChequeDistributionResultFrmCustomer" parameterClass="com.tcs.pos.common.data.dayactivites.workallocation.PostalChequeDistribution" >	
    
   SELECT p.CHEQUE_NO,
    p.CHEQUE_AMT_PAID,p.IFSC,p.MICR,
    p.TRANSACTION_CODE as CHEQUE_TRANSACTION_CODE,p.CHEQUE_DATE,p.CHEQUE_DRAWER,p.CHEQUE_BANK_NAME
    FROM invoice i,
    payment_details p 
    WHERE 
    i.SYS_INVOICE_NO = p.SYS_INVOICE_NO
    and (i.bill_on_hold_flg  is null or i.bill_on_hold_flg = 'N') 
    and (i.BILL_VOID_FLG  is null or i.BILL_VOID_FLG = 'N')  
    and p.PAYMENT_VOID_FLG='N'
    and i.status = 'I'
    and i.invoice_date = #shiftDate:DATE# 
    and i.cashier_id = #userId:VARCHAR#           
    and i.store_id = #storeId:VARCHAR#
    and i.shift_no=#shiftNo:VARCHAR#
    and (p.TENDER_ID = 'R' or p.TENDER_ID = 'Q')
    and (i.INVOICE_TYPE_ID='1' or i.INVOICE_TYPE_ID='5')
    and p.CHEQUE_NO not in 
            (select dop.ADDL_VARCHAR_4 
            from DOP_CASH_APPROVAL dop,payment_details p
            where dop.ADDL_VARCHAR_4 = p.CHEQUE_NO
            and (dop.ACCEPTANCE_FLAG = 'S' or dop.ACCEPTANCE_FLAG = 'A')
            and dop.PICKUP_DATE = #shiftDate:DATE# 
            and dop.CREATED_BY = #userId:VARCHAR#
            and dop.STORE_ID = #storeId:VARCHAR#
            and dop.TRANSFERRED_FROM_SHIFT_NO=#shiftNo:VARCHAR#)
    and p.CHEQUE_NO  not in
            (select p.CHEQUE_NO 
            from payment_details p,invoice i
            where i.SYS_INVOICE_NO = p.SYS_INVOICE_NO
            and i.invoice_date = #shiftDate:DATE# 
            and i.cashier_id = #userId:VARCHAR#
            and i.store_id = #storeId:VARCHAR#
            and i.shift_no = #shiftNo:VARCHAR#
            and p.CHEQUE_NO is NOT null
            and (i.INVOICE_TYPE_ID='2' or i.INVOICE_TYPE_ID='3'))
    group by    i.INVOICE_TYPE_ID,
                p.CHEQUE_AMT_PAID,
                p.TENDER_ID,
                i.SYS_INVOICE_NO,
                p.CHEQUE_NO,
                 p.IFSC,p.TRANSACTION_CODE,p.MICR,p.CHEQUE_DATE,p.CHEQUE_DRAWER,p.CHEQUE_BANK_NAME
    FOR READ ONLY 
   
   
    </select>
   <update id="updateStatusOfPostalChequeDistribution" parameterClass="com.tcs.pos.common.data.dayactivites.workallocation.PostalChequeDistribution" >
   update POSTAL_CHEQUE_DISTRIBUTION
    set STATUS = #status:VARCHAR#,
      MODIFIED_BY = #modifiedBy:VARCHAR#,
      MODIFIED_ON = getdate()
    WHERE
    CHEQUE_DISTRIBUTION_ID=#chequeDistributionId:BIGINT#
    AND STORE_ID=#storeId:VARCHAR# 
	AND FORMAT_ID=#formatId:VARCHAR# 
   </update>

   <select id="isWorkAllocationAcceptedForCheque" resultMap="ChequeResult" parameterClass="com.tcs.pos.common.data.dayactivites.workallocation.PostalChequeDistribution" >		
	SELECT CHEQUE_DISTRIBUTION_ID 
	FROM POSTAL_CHEQUE_DISTRIBUTION
	WHERE SHIFT_DATE=#shiftDate:DATE# 
	 AND USER_ID=#userId:VARCHAR# 
	 AND STORE_ID=#storeId:VARCHAR# 
	 AND FORMAT_ID=#formatId:VARCHAR# 
	 AND STATUS='S'		
	 FOR READ ONLY
   </select>

  <select id="chequeAmtReq" resultClass = "java.lang.Double" parameterClass="com.tcs.pos.common.data.dayactivites.workallocation.PostalChequeDistribution" >
    select sum(CHEQUE_AMT_PAID) As CHEQUE_AMT_PAID
    from POSTAL_CHEQUE_DISTRIBUTION
    where 
      FORMAT_ID = #formatId:VARCHAR#
      and STORE_ID = #storeId:VARCHAR#
      and SHIFT_DATE = #shiftDate:DATE#
      and USER_ID = #userId:VARCHAR#
      and SHIFT_NO=#shiftNo:INTEGER#
      and TILL_NO=#tillNo:INTEGER# 
      and	(STATUS = 'Q' or STATUS = 'H')
    FOR READ ONLY
  </select>
</sqlMap>