<?xml version="1.0" encoding="UTF-8" ?>
<!DOCTYPE sqlMap PUBLIC "-//ibatis.apache.org//DTD SQL Map 2.0//EN" "http://ibatis.apache.org/dtd/sql-map-2.dtd" >
<sqlMap namespace="DOP_FRANKING_CONFIGURATION_MASTER" >
  <resultMap id="abatorgenerated_DopFrankingConfigurationMasterResult" class="com.tcs.dop.pos.common.data.frankingmachine.configuration.DopFrankingConfigurationMaster" >
    <!--
      WARNING - This element is automatically generated by Abator for iBATIS, do not modify.
      This element was generated on Fri Mar 28 11:52:13 IST 2014.
    -->
    <result column="CONFIGURATION_ID" property="configurationId" jdbcType="INTEGER" />
    <result column="SERVICE_ID" property="serviceId" jdbcType="VARCHAR" />
    <result column="ACTIVATION_DATE" property="activationDate" jdbcType="DATE" />
    <result column="EXPIRY_DATE" property="expiryDate" jdbcType="DATE" />
    <result column="CREATED_BY" property="createdBy" jdbcType="VARCHAR" />
    <result column="CREATED_ON" property="createdOn" jdbcType="TIMESTAMP" />
    <result column="MODIFIED_BY" property="modifiedBy" jdbcType="VARCHAR" />
    <result column="MODIFIED_ON" property="modifiedOn" jdbcType="TIMESTAMP" />
  </resultMap>
  <resultMap id="abatorgenerated_DopFrankingConfigurationMasterResultWithBLOBs" class="com.tcs.dop.pos.common.data.frankingmachine.configuration.DopFrankingConfigurationMaster" extends="DOP_FRANKING_CONFIGURATION_MASTER.abatorgenerated_DopFrankingConfigurationMasterResult" >
    <!--
      WARNING - This element is automatically generated by Abator for iBATIS, do not modify.
      This element was generated on Fri Mar 28 11:52:13 IST 2014.
    -->
    <result column="CONFIGURATION_DESIGN" property="configurationDesign" jdbcType="BLOB" />
  </resultMap>
  <select id="abatorgenerated_selectByPrimaryKey" resultMap="abatorgenerated_DopFrankingConfigurationMasterResultWithBLOBs" parameterClass="com.tcs.dop.pos.common.data.frankingmachine.configuration.DopFrankingConfigurationMaster" >
    <!--
      WARNING - This element is automatically generated by Abator for iBATIS, do not modify.
      This element was generated on Fri Mar 28 11:52:13 IST 2014.
    -->
    select CONFIGURATION_ID, SERVICE_ID, ACTIVATION_DATE, EXPIRY_DATE, CREATED_BY, CREATED_ON,
      MODIFIED_BY, MODIFIED_ON, CONFIGURATION_DESIGN
    from DOP_FRANKING_CONFIGURATION_MASTER
    where CONFIGURATION_ID = #configurationId:INTEGER# FOR READ ONLY
  </select>
  <delete id="abatorgenerated_deleteByPrimaryKey" parameterClass="com.tcs.dop.pos.common.data.frankingmachine.configuration.DopFrankingConfigurationMaster" >
    <!--
      WARNING - This element is automatically generated by Abator for iBATIS, do not modify.
      This element was generated on Fri Mar 28 11:52:13 IST 2014.
    -->
    delete from DOP_FRANKING_CONFIGURATION_MASTER
    where CONFIGURATION_ID = #configurationId:INTEGER#
  </delete>
  <insert id="abatorgenerated_insert" parameterClass="com.tcs.dop.pos.common.data.frankingmachine.configuration.DopFrankingConfigurationMaster" >
    <!--
      WARNING - This element is automatically generated by Abator for iBATIS, do not modify.
      This element was generated on Fri Mar 28 11:52:13 IST 2014.
    -->
    insert into DOP_FRANKING_CONFIGURATION_MASTER (CONFIGURATION_ID, SERVICE_ID, ACTIVATION_DATE,
      EXPIRY_DATE, CREATED_BY, CREATED_ON, MODIFIED_BY, MODIFIED_ON, CONFIGURATION_DESIGN)
    values (#configurationId:INTEGER#, #serviceId:VARCHAR#, #activationDate:DATE#,
      #expiryDate:DATE#, #createdBy:VARCHAR#, getdate(), #modifiedBy:VARCHAR#,
      getdate(), #configurationDesign:BLOB#)
  </insert>
  <update id="abatorgenerated_updateByPrimaryKeyWithBLOBs" parameterClass="com.tcs.dop.pos.common.data.frankingmachine.configuration.DopFrankingConfigurationMaster" >
    <!--
      WARNING - This element is automatically generated by Abator for iBATIS, do not modify.
      This element was generated on Fri Mar 28 11:52:13 IST 2014.
    -->
    update DOP_FRANKING_CONFIGURATION_MASTER
    set SERVICE_ID = #serviceId:VARCHAR#,
      ACTIVATION_DATE = #activationDate:DATE#,
      EXPIRY_DATE = #expiryDate:DATE#,
      CREATED_BY = #createdBy:VARCHAR#,
      CREATED_ON = getdate(),
      MODIFIED_BY = #modifiedBy:VARCHAR#,
      MODIFIED_ON = getdate(),
      CONFIGURATION_DESIGN = #configurationDesign:BLOB#
    where CONFIGURATION_ID = #configurationId:INTEGER#
  </update>
  <update id="abatorgenerated_updateByPrimaryKey" parameterClass="com.tcs.dop.pos.common.data.frankingmachine.configuration.DopFrankingConfigurationMaster" >
    <!--
      WARNING - This element is automatically generated by Abator for iBATIS, do not modify.
      This element was generated on Fri Mar 28 11:52:13 IST 2014.
    -->
    update DOP_FRANKING_CONFIGURATION_MASTER
    set SERVICE_ID = #serviceId:VARCHAR#,
      ACTIVATION_DATE = #activationDate:DATE#,
      EXPIRY_DATE = #expiryDate:DATE#,
      CREATED_BY = #createdBy:VARCHAR#,
      CREATED_ON = getdate(),
      MODIFIED_BY = #modifiedBy:VARCHAR#,
      MODIFIED_ON = getdate()
    where CONFIGURATION_ID = #configurationId:INTEGER#
  </update>
  <update id="abatorgenerated_updateByPrimaryKeySelective" parameterClass="com.tcs.dop.pos.common.data.frankingmachine.configuration.DopFrankingConfigurationMaster" >
    <!--
      WARNING - This element is automatically generated by Abator for iBATIS, do not modify.
      This element was generated on Fri Mar 28 11:52:13 IST 2014.
    -->
    update DOP_FRANKING_CONFIGURATION_MASTER
    <dynamic prepend="set" >
      <isNotNull prepend="," property="serviceId" >
        SERVICE_ID = #serviceId:VARCHAR#
      </isNotNull>
      <isNotNull prepend="," property="activationDate" >
        ACTIVATION_DATE = #activationDate:DATE#
      </isNotNull>
      <isNotNull prepend="," property="expiryDate" >
        EXPIRY_DATE = #expiryDate:DATE#
      </isNotNull>
      <isNotNull prepend="," property="createdBy" >
        CREATED_BY = #createdBy:VARCHAR#
      </isNotNull>
      <isNotNull prepend="," property="createdOn" >
        CREATED_ON = getdate()
      </isNotNull>
      <isNotNull prepend="," property="modifiedBy" >
        MODIFIED_BY = #modifiedBy:VARCHAR#
      </isNotNull>
      <isNotNull prepend="," property="modifiedOn" >
        MODIFIED_ON = getdate()
      </isNotNull>
      <isNotNull prepend="," property="configurationDesign" >
        CONFIGURATION_DESIGN = #configurationDesign:BLOB#
      </isNotNull>
    </dynamic>
    where CONFIGURATION_ID = #configurationId:INTEGER#
  </update>
  
  
   <select id="abatorgenerated_getConfigXml" resultMap="abatorgenerated_DopFrankingConfigurationMasterResultWithBLOBs" parameterClass="com.tcs.dop.pos.common.data.frankingmachine.configuration.DopFrankingConfigurationMaster" >
    <!--
      WARNING - This element is automatically generated by Abator for iBATIS, do not modify.
      This element was generated on Fri Mar 28 11:52:13 IST 2014.
    -->
    select CONFIGURATION_ID, SERVICE_ID, ACTIVATION_DATE, EXPIRY_DATE, CREATED_BY, CREATED_ON,
      MODIFIED_BY, MODIFIED_ON, CONFIGURATION_DESIGN
    from DOP_FRANKING_CONFIGURATION_MASTER
    where SERVICE_ID = #serviceId:VARCHAR# FOR READ ONLY
  </select>
  
</sqlMap>