<?xml version="1.0" encoding="UTF-8" ?>
<!DOCTYPE sqlMap PUBLIC "-//ibatis.apache.org//DTD SQL Map 2.0//EN" "http://ibatis.apache.org/dtd/sql-map-2.dtd" >
<sqlMap namespace="DOP_ACK_SLIP_PURPOSE_MASTER" >
  <resultMap id="abatorgenerated_DopAckSlipPurposeMasterResult" class="com.tcs.pos.common.data.ackprint.DopAckSlipPurposeMaster" >
    <!--
      WARNING - This element is automatically generated by Abator for iBATIS, do not modify.
      This element was generated on Mon May 25 11:12:09 IST 2015.
    -->
    <result column="PURPOSE_ID" property="purposeId" jdbcType="INTEGER" />
    <result column="PURPOSE_NAME" property="purposeName" jdbcType="VARCHAR" />
    <result column="IS_ACTIVE" property="isActive" jdbcType="BIT" />
    <result column="CREATED_BY" property="createdBy" jdbcType="VARCHAR" />
    <result column="CREATED_ON" property="createdOn" jdbcType="TIMESTAMP" />
    <result column="MODIFIED_BY" property="modifiedBy" jdbcType="VARCHAR" />
    <result column="MODIFIED_ON" property="modifiedOn" jdbcType="TIMESTAMP" />
  </resultMap>
  <select id="abatorgenerated_selectByPrimaryKey" resultMap="abatorgenerated_DopAckSlipPurposeMasterResult" parameterClass="com.tcs.pos.common.data.ackprint.DopAckSlipPurposeMaster" >
    <!--
      WARNING - This element is automatically generated by Abator for iBATIS, do not modify.
      This element was generated on Mon May 25 11:12:09 IST 2015.
    -->
    select PURPOSE_ID, PURPOSE_NAME, IS_ACTIVE, CREATED_BY, CREATED_ON, MODIFIED_BY, MODIFIED_ON
    from DOP_ACK_SLIP_PURPOSE_MASTER
    where PURPOSE_ID = #purposeId:INTEGER#
  </select>
  <delete id="abatorgenerated_deleteByPrimaryKey" parameterClass="com.tcs.pos.common.data.ackprint.DopAckSlipPurposeMaster" >
    <!--
      WARNING - This element is automatically generated by Abator for iBATIS, do not modify.
      This element was generated on Mon May 25 11:12:09 IST 2015.
    -->
    delete from DOP_ACK_SLIP_PURPOSE_MASTER
    where PURPOSE_ID = #purposeId:INTEGER#
  </delete>
  <insert id="abatorgenerated_insert" parameterClass="com.tcs.pos.common.data.ackprint.DopAckSlipPurposeMaster" >
    <!--
      WARNING - This element is automatically generated by Abator for iBATIS, do not modify.
      This element was generated on Mon May 25 11:12:09 IST 2015.
    -->
    insert into DOP_ACK_SLIP_PURPOSE_MASTER (PURPOSE_ID, PURPOSE_NAME, IS_ACTIVE, CREATED_BY,
      CREATED_ON, MODIFIED_BY, MODIFIED_ON)
    values (#purposeId:INTEGER#, #purposeName:VARCHAR#, #isActive:BIT#, #createdBy:VARCHAR#,
      getdate(), #modifiedBy:VARCHAR#, getdate())
  </insert>
  <update id="abatorgenerated_updateByPrimaryKey" parameterClass="com.tcs.pos.common.data.ackprint.DopAckSlipPurposeMaster" >
    <!--
      WARNING - This element is automatically generated by Abator for iBATIS, do not modify.
      This element was generated on Mon May 25 11:12:09 IST 2015.
    -->
    update DOP_ACK_SLIP_PURPOSE_MASTER
    set PURPOSE_NAME = #purposeName:VARCHAR#,
      IS_ACTIVE = #isActive:BIT#,
      CREATED_BY = #createdBy:VARCHAR#,
      CREATED_ON = getdate(),
      MODIFIED_BY = #modifiedBy:VARCHAR#,
      MODIFIED_ON = getdate()
    where PURPOSE_ID = #purposeId:INTEGER#
  </update>
  <update id="abatorgenerated_updateByPrimaryKeySelective" parameterClass="com.tcs.pos.common.data.ackprint.DopAckSlipPurposeMaster" >
    <!--
      WARNING - This element is automatically generated by Abator for iBATIS, do not modify.
      This element was generated on Mon May 25 11:12:09 IST 2015.
    -->
    update DOP_ACK_SLIP_PURPOSE_MASTER
    <dynamic prepend="set" >
      <isNotNull prepend="," property="purposeName" >
        PURPOSE_NAME = #purposeName:VARCHAR#
      </isNotNull>
      <isNotNull prepend="," property="isActive" >
        IS_ACTIVE = #isActive:BIT#
      </isNotNull>
      <isNotNull prepend="," property="createdBy" >
        CREATED_BY = #createdBy:VARCHAR#
      </isNotNull>
      <isNotNull prepend="," property="createdOn" >
        CREATED_ON = getdate()
      </isNotNull>
      <isNotNull prepend="," property="modifiedBy" >
        MODIFIED_BY = #modifiedBy:VARCHAR#
      </isNotNull>
      <isNotNull prepend="," property="modifiedOn" >
        MODIFIED_ON = getdate()
      </isNotNull>
    </dynamic>
    where PURPOSE_ID = #purposeId:INTEGER#
  </update>
  
    <select id="fetchPurpose" resultMap="abatorgenerated_DopAckSlipPurposeMasterResult" parameterClass="com.tcs.pos.common.data.ackprint.DopAckSlipPurposeMaster" >

    select * FROM DOP_ACK_SLIP_PURPOSE_MASTER FOR READ ONLY
  </select>	
</sqlMap>