<?xml version="1.0" encoding="UTF-8" ?>
<!DOCTYPE sqlMap PUBLIC "-//ibatis.apache.org//DTD SQL Map 2.0//EN" "http://ibatis.apache.org/dtd/sql-map-2.dtd" >
<sqlMap namespace="DOP_MO_MESSAGE_CODE_MASTER" >
  <resultMap id="abatorgenerated_DopMoMessageCodeMasterResult" class="com.tcs.postal.common.data.mail.DopMoMessageCodeMaster" >
    <!--
      WARNING - This element is automatically generated by Abator for iBATIS, do not modify.
      This element was generated on Tue Nov 26 15:47:01 GMT+05:30 2013.
    -->
    <result column="MESSAGE_ID" property="messageId" jdbcType="INTEGER" />
    <result column="MO_MESSAGE" property="moMessage" jdbcType="VARCHAR" />
    <result column="SERVICE_ID" property="serviceId" jdbcType="VARCHAR" />
  </resultMap>
  <resultMap id="abatorgenerated_DopMoMessageCodeMasterResult1" class="com.tcs.postal.common.data.mail.DopMoMessageCodeMaster" >
    <!--
      WARNING - This element is automatically generated by Abator for iBATIS, do not modify.
      This element was generated on Tue Nov 26 15:47:01 GMT+05:30 2013.
    -->
    <result column="MESSAGE_ID" property="messageId" jdbcType="INTEGER" />
    <result column="MO_MESSAGE" property="moMessage" jdbcType="VARCHAR" />
   
  </resultMap>
  <select id="abatorgenerated_selectByPrimaryKey" resultMap="abatorgenerated_DopMoMessageCodeMasterResult" parameterClass="com.tcs.postal.common.data.mail.DopMoMessageCodeMaster" >
    <!--
      WARNING - This element is automatically generated by Abator for iBATIS, do not modify.
      This element was generated on Tue Nov 26 15:47:01 GMT+05:30 2013.
    -->
    select MESSAGE_ID, MO_MESSAGE
    from DOP_MO_MESSAGE_CODE_MASTER
    where MESSAGE_ID = #messageId:INTEGER# FOR READ ONLY
  </select>
  <!-- Added by 591494 for Messages -->
<select id="abatorgenerated_selectMessages" resultMap="abatorgenerated_DopMoMessageCodeMasterResult1" parameterClass="com.tcs.postal.common.data.mail.DopMoMessageCodeMaster" >
    <!--
      WARNING - This element is automatically generated by Abator for iBATIS, do not modify.
      This element was generated on Tue Nov 26 15:47:01 GMT+05:30 2013.
    -->
  	 select MESSAGE_ID, MO_MESSAGE
    from DOP_MO_MESSAGE_CODE_MASTER where SERVICE_ID=#serviceId:VARCHAR# FOR READ ONLY
  </select>  
  <delete id="abatorgenerated_deleteByPrimaryKey" parameterClass="com.tcs.postal.common.data.mail.DopMoMessageCodeMaster" >
    <!--
      WARNING - This element is automatically generated by Abator for iBATIS, do not modify.
      This element was generated on Tue Nov 26 15:47:01 GMT+05:30 2013.
    -->
    delete from DOP_MO_MESSAGE_CODE_MASTER
    where MESSAGE_ID = #messageId:INTEGER#
  </delete>
  <insert id="abatorgenerated_insert" parameterClass="com.tcs.postal.common.data.mail.DopMoMessageCodeMaster" >
    <!--
      WARNING - This element is automatically generated by Abator for iBATIS, do not modify.
      This element was generated on Tue Nov 26 15:47:01 GMT+05:30 2013.
    -->
    insert into DOP_MO_MESSAGE_CODE_MASTER (MESSAGE_ID, MO_MESSAGE)
    values (#messageId:INTEGER#, #moMessage:VARCHAR#)
  </insert>
  <update id="abatorgenerated_updateByPrimaryKey" parameterClass="com.tcs.postal.common.data.mail.DopMoMessageCodeMaster" >
    <!--
      WARNING - This element is automatically generated by Abator for iBATIS, do not modify.
      This element was generated on Tue Nov 26 15:47:01 GMT+05:30 2013.
    -->
    update DOP_MO_MESSAGE_CODE_MASTER
    set MO_MESSAGE = #moMessage:VARCHAR#
    where MESSAGE_ID = #messageId:INTEGER#
  </update>
  <update id="abatorgenerated_updateByPrimaryKeySelective" parameterClass="com.tcs.postal.common.data.mail.DopMoMessageCodeMaster" >
    <!--
      WARNING - This element is automatically generated by Abator for iBATIS, do not modify.
      This element was generated on Tue Nov 26 15:47:01 GMT+05:30 2013.
    -->
    update DOP_MO_MESSAGE_CODE_MASTER
    <dynamic prepend="set" >
      <isNotNull prepend="," property="moMessage" >
        MO_MESSAGE = #moMessage:VARCHAR#
      </isNotNull>
    </dynamic>
    where MESSAGE_ID = #messageId:INTEGER#
  </update>
</sqlMap>