<?xml version="1.0"?>
<FactoryDataBindings>
	<Factory name="Service">
		<Binding
			interfaceName="com.tcs.pos.common.service.common.ApplicationConfigSvc">
			<Option name="Local"
			value="com.tcs.pos.server.daosvc.common.ApplicationConfigSvcImpl" />
		</Binding>
		
		<Binding
			interfaceName="com.tcs.pos.common.service.others.declaration.Ideclaration_Helper">
			<Option name="Local"
				value="com.tcs.pos.server.serviceimpl.others.declaration.Declaration_HelperImpl" />
		</Binding>
        <Binding
			interfaceName="com.tcs.pos.common.orc.compareandbook.CompareAndBookOrchestration">
			<Option name="Local"
			value="com.tcs.pos.server.orcimpl.compareandbook.CompareAndBookOrchestrationImpl" />
		</Binding>  <!-- by amit -->
		<Binding
			interfaceName="com.tcs.pos.common.service.dayactivities.shiftbegin.IforcedShiftEndAction">
			<Option name="Local"
				value="com.tcs.pos.server.serviceimpl.dayactivities.shiftbegin.ForcedShiftEndAction" />
		</Binding>

		<Binding
			interfaceName="com.tcs.pos.common.service.others.declaration.ItillOperations">
			<Option name="Local"
				value="com.tcs.pos.server.serviceimpl.others.declaration.TillOperationsImpl" />
		</Binding>

		<Binding
			interfaceName="com.tcs.pos.common.service.others.declaration.Ishift_Management_Helper">
			<Option name="Local"
				value="com.tcs.pos.server.serviceimpl.others.declaration.Shift_Management_HelperImpl" />
		</Binding>
		<Binding
			interfaceName="com.tcs.pos.common.orc.invoice.itemlookup.IitemLookUpOrchestration">
			<Option name="Local"
				value="com.tcs.pos.server.orcimpl.invoice.itemLookUp.ItemlookUpOrchestrationImpl" />
		</Binding>
		<Binding
			interfaceName="com.tcs.pos.common.orc.invoice.billvoid.BillVoidOrchestration">
			<Option name="Local"
				value="com.tcs.pos.server.orcimpl.invoice.billvoid.BillVoidOrchestrationImpl" />
		</Binding>
		<Binding
			interfaceName="com.tcs.pos.common.orc.invoice.billhold.BillHoldOrchestration">
			<Option name="Local"
				value="com.tcs.pos.server.orcimpl.invoice.billhold.BillHoldOrchestrationImpl" />
		</Binding>
		<Binding
			interfaceName="com.tcs.pos.common.orc.invoice.quantitychange.QuantityChangeOrchestration">
			<Option name="Local"
				value="com.tcs.pos.server.orcimpl.invoice.quantitychange.QuantityChangeOrchestrationImpl" />
		</Binding>
		<Binding
			interfaceName="com.tcs.pos.common.orc.invoice.itemvoid.ItemVoidOrchestrator">
			<Option name="Local"
				value="com.tcs.pos.server.orcimpl.invoice.itemvoid.ItemVoidOrchestratorImpl" />
		</Binding>
		<Binding
			interfaceName="com.tcs.pos.common.orc.authorization.manager.AuthorizationOrchestration">
			<Option name="Local"
				value="com.tcs.pos.server.orcimpl.authorization.manager.AuthorizationOrchestrationImpl" />
		</Binding>
		<Binding
			interfaceName="com.tcs.pos.common.orc.cashieroperation.login.LoginOrc">
			<Option name="Local"
				value="com.tcs.pos.server.orcimpl.cashieroperation.login.LoginOrcImpl" />
		</Binding>
		<Binding
			interfaceName="com.tcs.pos.common.orc.cashieroperation.logout.LogoutOrc">
			<Option name="Local"
				value="com.tcs.pos.server.orcimpl.cashieroperation.logout.LogoutOrcImpl" />
		</Binding>
		<Binding
			interfaceName="com.tcs.pos.common.orc.cashieroperation.changepassword.ChangePasswordOrc">
			<Option name="Local"
				value="com.tcs.pos.server.orcimpl.cashieroperation.changepassword.ChangePasswordOrcImpl" />
		</Binding>
		<Binding
			interfaceName="com.tcs.pos.common.orc.invoice.giftreceipt.GiftReceiptDefaultOrchestration">
			<Option name="Local"
				value="com.tcs.pos.server.orcimpl.invoice.giftreceipt.GiftReceiptDefaultOrchestrationImpl" />
		</Binding>
		<Binding
			interfaceName="com.tcs.pos.common.orc.invoice.giftreceipt.GiftReceiptOrchestration">
			<Option name="Local"
				value="com.tcs.pos.server.orcimpl.invoice.giftreceipt.GiftReceiptOrchestrationImpl" />
		</Binding>
		<Binding interfaceName="com.tcs.pos.common.orc.dayactivities.shiftbegin.ShiftBeginInitOrc">
			<Option name="Local" value="com.tcs.pos.server.orcimpl.dayactivities.shiftbegin.ShiftBeginInitOrcImpl"/>
		</Binding>
		<Binding interfaceName="com.tcs.pos.common.orc.dayactivities.shiftbegin.ShiftBeginOrc">
			<Option name="Local" value="com.tcs.pos.server.orcimpl.dayactivities.shiftbegin.ShiftBeginOrcImpl"/>
		</Binding>

		<Binding interfaceName="com.tcs.pos.common.orc.dayactivities.shiftend.ShiftEndOrc">
			<Option name="Local" value="com.tcs.pos.server.orcimpl.dayactivities.shiftend.ShiftEndOrcImpl"/>
		</Binding>
		<Binding interfaceName="com.tcs.pos.common.orc.dayactivities.shiftend.ShiftEndInitOrc">
			<Option name="Local" value="com.tcs.pos.server.orcimpl.dayactivities.shiftend.ShiftEndInitOrcImpl"/>
		</Binding>
		<Binding
			interfaceName="com.tcs.pos.common.orc.dayactivities.tillend.TillEndSaveOrc">
			<Option name="Local"
				value="com.tcs.pos.server.orcimpl.dayactivities.tillend.TillEndSaveOrcImpl" />
		</Binding>
		<Binding
			interfaceName="com.tcs.pos.common.orc.invoicelevel.viewheldbills.BillHeldCancelOrchestrator">
			<Option name="Local"
				value="com.tcs.pos.server.orcimpl.invoicelevel.viewheldbills.BillHeldCancelOrchestratorImpl" />
		</Binding>
		<Binding
			interfaceName="com.tcs.pos.common.orc.dayactivities.tillend.TillEndOrc">
			<Option name="Local"
				value="com.tcs.pos.server.orcimpl.dayactivities.tillend.TillEndOrcImpl" />
		</Binding>
		<Binding
			interfaceName="com.tcs.pos.common.orc.dayactivities.tillbegin.TillBeginInitOrc">
			<Option name="Local"
				value="com.tcs.pos.server.orcimpl.dayactivities.tillbegin.TillBeginInitOrcImpl" />
		</Binding>
		<Binding
			interfaceName="com.tcs.pos.common.orc.dayactivities.tillbegin.TillBeginSaveOrc">
			<Option name="Local"
				value="com.tcs.pos.server.orcimpl.dayactivities.tillbegin.TillBeginSaveOrcImpl" />
		</Binding>
		<Binding
			interfaceName="com.tcs.pos.common.orc.invoice.BillLevelManualDiscountOrchestrator">
			<Option name="Local"
				value="com.tcs.pos.server.orcimpl.invoice.BillLevelManualDiscountOrchestratorImpl" />
		</Binding>
		<Binding
			interfaceName="com.tcs.pos.common.orc.invoice.promotions.ItemLevelDiscountOrchestration">
			<Option name="Local"
				value="com.tcs.pos.server.orcimpl.invoice.promotions.ItemLevelDiscountOrchestrationImpl" />
		</Binding>
		<Binding
			interfaceName="com.tcs.pos.common.orc.invoice.pricechange.PriceChangeOrchestration">
			<Option name="Local"
				value="com.tcs.pos.server.orcimpl.invoice.pricechange.PriceChangeOrchestrationImpl" />
		</Binding>
		<Binding
			interfaceName="com.tcs.pos.common.orc.payment.tenderLookup.TenderLookUpOrchestrator">
			<Option name="Local"
				value="com.tcs.pos.server.orcimpl.payment.tenderLookup.TenderLookUpOrchestratorImpl" />
		</Binding>
		<Binding
			interfaceName="com.tcs.pos.common.orc.payment.tenderextension.TenderExtensionOrchestrator">
			<Option name="Local"
				value="com.tcs.pos.server.orcimpl.payment.tenderextension.TenderExtensionOrchestratorImpl" />
		</Binding>
		<Binding
			interfaceName="com.tcs.pos.common.orc.payment.addpayment.AddPaymentOrchestrator">
			<Option name="Local"
				value="com.tcs.pos.server.orcimpl.payment.addpayment.AddPaymentOrchestratorImpl" />
		</Binding>

		<Binding
			interfaceName="com.tcs.pos.common.orc.others.declaration.DeclarationOrc">
			<Option name="Local"
				value="com.tcs.pos.server.orcimpl.others.declaration.DeclarationOrcImpl" />
		</Binding>
		<Binding
			interfaceName="com.tcs.pos.common.orc.payment.reversepayment.ReversePaymentOrchestrator">
			<Option name="Local"
				value="com.tcs.pos.server.orcimpl.payment.reversepayment.ReversePaymentOrchestratorImpl" />
		</Binding>
		<Binding
			interfaceName="com.tcs.pos.common.orc.payment.printbill.InvoicePrintOrchestrator">
			<Option name="Local"
				value="com.tcs.pos.server.orcimpl.printbill.InvoicePrintOrchestratorImpl" />

		</Binding>
		<Binding
			interfaceName="com.tcs.pos.common.orc.payment.back.PaymentBackOrchestration">
			<Option name="Local"
				value="com.tcs.pos.server.orcimpl.payment.back.PaymentBackOrchestrationImpl" />
		</Binding>
		<Binding
			interfaceName="com.tcs.pos.common.orc.payment.viewconsolidatedlist.ViewConsolidatedListOrchestration">
			<Option name="Local"
				value="com.tcs.pos.server.orcimpl.payment.viewconsolidatedlist.ViewConsolidatedListOrchestrationImpl" />
		</Binding>

		<Binding
			interfaceName="com.tcs.tpos.orchestration.invoice.billpop.InvoiceOrchestrator">
			<Option name="Local"
				value="com.tcs.pos.server.orcimpl.invoice.PostInvoiceOrchestratorImpl" />
		</Binding>
		<Binding
			interfaceName="com.tcs.pos.common.orc.invoicelevel.viewheldbills.BillPopLoadOrchestrator">
			<Option name="Local"
				value="com.tcs.pos.server.orcimpl.invoicelevel.viewheldbills.BillPopLoadOrchestratorImpl" />
		</Binding>
		<Binding
			interfaceName="com.tcs.pos.common.orc.invoicelevel.billlookup.BillLookUpOrchestration">
			<Option name="Local"
				value="com.tcs.pos.server.orcimpl.invoicelevel.billlookup.BillLookUpOrchestrationImpl" />
		</Binding>
		<Binding
			interfaceName="com.tcs.pos.common.orc.invoice.common.InitialiseSaleOrchestration">
			<Option name="Local"
				value="com.tcs.pos.server.orcimpl.invoice.common.InitialiseSaleOrchestrationImpl" />
		</Binding>
		<Binding
			interfaceName="com.tcs.pos.common.orc.invoice.b2bInvoice.B2BInvoicePopUpOrchestration">
			<Option name="Local"
				value="com.tcs.pos.server.orcimpl.invoice.b2bInvoice.B2BInvoicePopUpOrchestrationImpl" />
		</Binding>
		<Binding
			interfaceName="com.tcs.pos.common.orc.invoice.PostInvoiceOrchestrator">
			<Option name="Local"
				value="com.tcs.pos.server.orcimpl.invoice.PostInvoiceOrchestratorImpl" />
		</Binding>
		<Binding
			interfaceName="com.tcs.pos.common.orc.extendedwarranty.ExtendedWarrantyOrchestration">
			<Option name="Local"
				value="com.tcs.pos.server.orcimpl.extendedwarranty.ExtendedWarrantyOrchestrationImpl" />
		</Binding>
		<Binding
			interfaceName="com.tcs.pos.common.orc.payment.initpayment.InitPaymentOrchestrator">
			<Option name="Local"
				value="com.tcs.pos.server.orcimpl.payment.initpayment.InitPaymentOrchestratorImpl" />
		</Binding>
		<Binding
			interfaceName="com.tcs.pos.common.orc.payment.subcategory.SubCategoryOrchestration">
			<Option name="Local"
				value="com.tcs.pos.server.orcimpl.payment.subcategory.SubCategoryOrchestratorImpl" />
		</Binding>
		<Binding
			interfaceName="com.tcs.pos.common.orc.payment.Whcc_Card_orchestrator">
			<Option name="Local"
				value="com.tcs.pos.server.orcimpl.payment.Whcc_Card_orchestratorImpl" />
		</Binding>
		<!--SONAR violation fix class name refactored-->
		<Binding
			interfaceName="com.tcs.pos.common.orc.payment.SelectCardSubOrchestrator">
			<Option name="Local"
				value="com.tcs.pos.server.orcimpl.payment.SelectCardSubOrchestratorImpl" />
		</Binding>
		<Binding
			interfaceName="com.tcs.pos.common.orc.invoice.itemscan.ItemScanOrchestration">
			<Option name="Local"
				value="com.tcs.pos.server.orcimpl.invoice.itemscan.ItemScanOrchestrationImpl" />
		</Binding>
		<Binding
			interfaceName="com.tcs.pos.common.orc.dbSetup.DbSetupOrchestration">
			<Option name="Local"
				value="com.tcs.pos.server.orcimpl.dbSetup.DbSetupOrchestrationImpl" />
		</Binding>
		<Binding
			interfaceName="com.tcs.pos.common.orc.invoice.returnitemscan.ReturnItemScanProcessOrchestration">
			<Option name="Local"
				value="com.tcs.pos.server.orcimpl.invoice.returnItemScan.ReturnItemScanProcessOrchestrationImpl" />
		</Binding>
		<Binding
			interfaceName="com.tcs.pos.common.service.helper.invoice.IinvoiceHelper">
			<Option name="Local"
			value="com.tcs.pos.server.serviceimpl.helper.invoice.InvoiceHelperImpl" />
		</Binding>
		<Binding
			interfaceName="com.tcs.pos.common.orc.customerlookup.TrentCustomerlookupOrc">
			<Option name="Local"
			value="com.tcs.pos.server.orcimpl.invoice.customerlookup.TrentCustomerLookUpOrcImpl" />
		</Binding>
		<Binding
			interfaceName="com.tcs.pos.common.orc.customerlookup.CustomerLookOrch">
			<Option name="Local"
			value="com.tcs.pos.server.orcimpl.invoice.customerlookup.CustomerLookOrchImpl" />
		</Binding>
		<Binding
			interfaceName="com.tcs.pos.common.orc.authorization.manager.Authorization_Orc">
			<Option name="Local"
			value="com.tcs.pos.server.orcimpl.authorization.manager.Authorization_Orcimpl" />
		</Binding>
		<Binding
			interfaceName="com.tcs.pos.common.orc.customerOrder.OrderOrc">
			<Option name="Local"
			value="com.tcs.pos.server.orcimpl.customerOrder.OrderOrcImpl" />
		</Binding>
		<Binding
			interfaceName="com.tcs.pos.common.orc.customerservice.giftvoucher.TendersIssuedOrchestration">
			<Option name="Local"
			value="com.tcs.pos.server.orcimpl.customerservice.giftvoucher.TendersIssuedOrchestrationImpl" />
		</Binding>
                <Binding
			interfaceName="com.tcs.pos.common.orc.customerservice.creditnote.CreditNoteLkOrc">
			<Option name="Local"
			value="com.tcs.pos.server.orcimpl.customerservice.creditnote.CreditNoteLkOrcImpl" />
		</Binding>
<!--code merge from TRUNK_MAIN ejournal refactoring-->
		 <Binding
			interfaceName="com.tcs.pos.common.orc.store.electronicjournal.ElectronicJournalOrc">
			<Option name="Local"
			value="com.tcs.pos.server.orcimpl.store.electronicjournal.ElectronicJournalOrcImpl" />
		</Binding>
		
		 <Binding
			interfaceName="com.tcs.pos.prodconfig.orc.productconfiguration.ProdConfigOrc">
			<Option name="Local"
			value="com.tcs.pos.prodconfig.orcimpl.productconfiguration.ProdConfigOrcImpl" />
		</Binding>
		<!--  Added for Defect 6273 -->
		 <Binding
			interfaceName="com.tcs.pos.common.orc.invoice.correction.CorrectionInvoiceOrchestration">
			<Option name="Local"
			value="com.tcs.pos.server.orcimpl.invoice.correction.CorrectionInvoiceOrchestrationImpl" />
		</Binding>
		<!--  Added for rba -->
		 <Binding
			interfaceName="com.tcs.pos.common.orc.rba.RbaAccessOrc">
			<Option name="Local"
			value="com.tcs.pos.server.orcimpl.rba.RbaAccessOrcImpl" />
		</Binding>
		<!--  Added for licensing -->
		<Binding
			interfaceName="com.tcs.pos.common.orc.license.LicenseValidatorOrc">
			<Option name="Local"
			value="com.tcs.pos.server.orcimpl.license.LicenseValidatorOrcImpl" />
		</Binding>

	<!-- Added split the print methods into two orchestration -->
		<Binding
			interfaceName="com.tcs.pos.common.orc.invoice.print.AfterPrintOrc">
			<Option name="Local"
			value="com.tcs.pos.server.orcimpl.invoice.print.AfterPrintOrcImpl" />
		</Binding>
		<!-- Added by 560324 -->
		<Binding
			interfaceName="com.tcs.dop.pos.common.aab.AabAddServicesOrchestration">
			<Option name="Local"
			value="com.tcs.dop.pos.server.orcimpl.aab.AabAddServicesOrchestrationImpl" />
		</Binding>
		<!-- Added by Varsha for AAB Services -->
		<Binding
			interfaceName="com.tcs.dop.pos.common.orc.DoPOrchestration">
			<Option name="Local"
			value="com.tcs.dop.pos.server.orcimpl.DoPOrchestrationImpl" />
		</Binding>
				<!-- For DOP Payment @author 327033 -->
		<Binding
			interfaceName="com.tcs.dop.pos.common.orc.postalPayment.PostalPaymentOrchestration">
			<Option name="Local"
			value="com.tcs.dop.pos.server.orcimpl.postalPayment.PostalPaymentOrchestrationImpl" />
		</Binding>
		<!--  Added By Varsha for IPO Sale -->
		<Binding
			interfaceName="com.tcs.dop.pos.common.mailops.iposale.orchestration.IPOSaleAndPaymentOrch">
			<Option name="Local"
				value="com.tcs.dop.pos.server.mailops.iposale.orchimpl.IPOSaleAndPaymentOrchImpl" />
		</Binding>
		<!--  Added for ThirdParty Service -->
		<Binding
			interfaceName="com.tcs.dop.pos.common.thirdPartyServices.ThirdPartyServicesOrchestration">
			<Option name="Local"
				value="com.tcs.dop.pos.server.orcimpl.thirdPartyServices.ThirdPartyServicesOrchestrationImpl" />
		</Binding>
			<Binding
			interfaceName="com.tcs.dop.common.orc.bpost.BusinessPostOrch">
			<Option name="Local"
				value="com.tcs.pos.server.orcimpl.bpost.BusinessPostOrchImpl" />
		</Binding>
		<!--  Added By Rumpa for DirectPost -->
		<Binding
			interfaceName="com.tcs.dop.pos.orc.directpost.DirectCtrlOrchestractor">
			<Option name="Local"
				value="com.tcs.dop.pos.server.orcimpl.directpost.DirectCtrlOrchestractorImpl" />
		</Binding>
		<!-- Added by 591494 for Speed Post -->
		<Binding
			interfaceName="com.tcs.dop.pos.common.speedPost.SpeedPostOrchestration">
			<Option name="Local"
				value="com.tcs.dop.pos.server.orcimpl.speedPost.SpeedPostOrchestrationImpl" />
		</Binding>
		<!--  Added By Rumpa for InternationalspeedPost -->
		<Binding
			interfaceName="com.tcs.dop.pos.orc.internationalspeedpost.InternationalspeedPostOrchestractor">
			<Option name="Local"
				value="com.tcs.dop.pos.server.orcimpl.internationalspeedpost.InternationalspeedPostOrchestractorImpl" />
		</Binding>
		<!--  Added for Value Payable Post -->
		<Binding
			interfaceName="com.tcs.dop.pos.common.mailops.valuepayablepost.orchestration.ValuePayablePostOrc">
			<Option name="Local"
			value="com.tcs.dop.pos.server.mailops.valuepayablepost.orchimpl.ValuePayablePostOrcImpl" />
		</Binding>
		<!--  Added by Subhajit for Bulk Regd Post -->
		<Binding
			interfaceName="com.tcs.dop.pos.common.orc.bulk.registeredpost.BulkRegdPostOrc">
			<Option name="Local"
			value="com.tcs.dop.pos.server.orcimpl.bulk.registeredpost.BulkRegdPostOrcImpl" />
		</Binding>
		<!-- Added by Aniruddha for EIOD -->
		<Binding
			interfaceName="com.tcs.pos.common.orc.eiod.EiodOrchestration">
			<Option name="Local"
			value="com.tcs.pos.server.orcimpl.eiod.EiodOrchestrationImpl" />
		</Binding>
		<!-- Added by Aniruddha for E-Post -->
		<Binding
			interfaceName="com.tcs.pos.common.orc.epost.EPostOrchestration">
			<Option name="Local"
			value="com.tcs.pos.server.orcimpl.epost.EPostOrchestrationImpl" />
		</Binding>
		<!-- Added  for Misc Service Sale -->
		<Binding
			interfaceName="com.tcs.dop.pos.common.miscservicesale.orchestration.MiscServiceSaleOrc">
			<Option name="Local"
			value="com.tcs.dop.pos.server.miscservicesale.orchimpl.MiscServiceSaleOrcImpl" />
		</Binding>
		<!-- Added  for FirstClassMail  -->
		<Binding
			interfaceName="com.tcs.dop.pos.common.firstclassmail.FirstClassMailOrc">
			<Option name="Local"
			value="com.tcs.dop.pos.server.orcimpl.firstclassmail.FirstClassmailOrcImpl" />
		</Binding>
		<Binding
			interfaceName="com.tcs.dop.pos.common.firstclassmail.FirstClassMailOrc">
			<Option name="Local"
			value="com.tcs.dop.pos.server.orcimpl.firstclassmail.FirstClassmailOrcImpl" />
		</Binding>
		<Binding
			interfaceName="com.tcs.dop.pos.common.aabtemplate.intlparcel.InternationalParcelTemplateOrc">
			<Option name="Local"
			value="com.tcs.dop.pos.server.orcimpl.aabtemplate.intlparcel.InternationalParcelTemplateOrcImpl" />
		</Binding>
		<Binding
			interfaceName="com.tcs.dop.pos.common.aabtemplate.intlspeedpost.InternationalPostTemplateOrc">
			<Option name="Local"
			value="com.tcs.dop.pos.server.orcimpl.aabtemplate.intlspeedpost.InternationalPostTemplateOrcImpl" />
		</Binding>
		<Binding
			interfaceName="com.tcs.dop.pos.common.aabtemplate.premiumposttemplate.PremiumPostTemplateOrc">
			<Option name="Local"
			value="com.tcs.dop.pos.server.orcimpl.aabtemplate.premiumposttemplate.PremiumPostTemplateOrcImpl" />
		</Binding>
		<Binding
			interfaceName="com.tcs.dop.pos.common.aabtemplate.parceltemplate.ParcelTemplateOrc">
			<Option name="Local"
			value="com.tcs.dop.pos.server.orcimpl.aabtemplate.parceltemplate.ParcelTemplateOrcImpl" />
		</Binding>
		<Binding
			interfaceName="com.tcs.dop.pos.common.taxcalc.TaxCalculationOrc">
			<Option name="Local"
			value="com.tcs.dop.pos.server.orcimpl.aabtemplate.taxcalc.TaxCalculationOrcImpl" />
		</Binding>
		<!-- Added  for MoneyOrder by 594802  -->
		<Binding
			interfaceName="com.tcs.pos.common.orc.moneyorder.MoneyOrderOrc">
			<Option name="Local"
			value="com.tcs.pos.server.orcimpl.moneyorder.MoneyOrderOrcImpl" />
		</Binding>
	<Binding
			interfaceName="com.tcs.dop.pos.common.aabservices.AabServicesOrc">
			<Option name="Local"
			value="com.tcs.dop.pos.server.orcimpl.aabservices.AabServicesOrcImpl" />
		</Binding>
		<Binding
			interfaceName="com.tcs.dop.pos.common.moneyremittance.internationalmoneyorder.orchestration.InternationalMoneyOrderOrch">
			<Option name="Local"
			value="com.tcs.dop.pos.server.moneyremittance.internationalmoneyorder.orchestrationimpl.InternationalMoneyOrderOrchImpl" />
		</Binding>
		<Binding
			interfaceName="com.tcs.dop.common.international.additionalservice.orchestration.InternationalAddlServiceOrch">
			<Option name="Local"
			value="com.tcs.dop.common.international.orchimpl.InternationalAddlServiceOrchImpl" />
		</Binding>
			<Binding
			interfaceName="com.tcs.dop.pos.common.miscservices.MiscServicesOrc">
			<Option name="Local"
			value="com.tcs.dop.pos.server.orcimpl.miscservices.MiscServicesOrcImpl" />
		</Binding>
		<Binding
			interfaceName="com.tcs.dop.pos.common.comparenbook.ComparenBookOrc">
			<Option name="Local"
			value="com.tcs.dop.pos.server.orcimpl.comparenbook.ComparenBookOrcImpl" />
		</Binding>
			<Binding
			interfaceName="com.tcs.dop.pos.common.franking.orchestration.FrankingOrchestration">
			<Option name="Local"
			value="com.tcs.dop.pos.server.franking.orchestrationimpl.FrankingMachineOrchImpl" />
		</Binding>
		<Binding
			interfaceName="com.tcs.dop.pos.common.fsiintegration.FSIIntegrationOrc">
			<Option name="Local"
			value="com.tcs.dop.pos.server.orcimpl.fsiintegration.FSIintegrationOrcImpl" />
		</Binding>
		<Binding
			interfaceName="com.tcs.dop.pos.common.partnerservices.PartnerServicesOrc">
			<Option name="Local"
			value="com.tcs.dop.pos.server.orcimpl.partnerservices.PartnerServicesOrcImpl" />
		</Binding>
		<Binding
			interfaceName="com.tcs.pos.common.orc.bulkpost.BulkPostOrc">
			<Option name="Local"
			value="com.tcs.pos.server.orcimpl.bulkpost.BulkPostOrcImpl" />
		</Binding>
		<Binding
			interfaceName="com.tcs.dop.pos.common.articleno.ArticleNoOrc">
			<Option name="Local"
			value="com.tcs.dop.pos.server.orcimpl.articleno.ArticleNoOrcImpl" />
		</Binding>
		<Binding
			interfaceName="com.tcs.dop.pos.common.pinsearch.DopPinLookUpOrc">
			<Option name="Local"
			value="com.tcs.dop.pos.server.orcimpl.pinsearch.DopPinLookUpOrcImpl" />
		</Binding>
		<Binding
			interfaceName="com.tcs.dop.pos.common.orc.portalinduction.PortalInductionOrc">
			<Option name="Local"
			value="com.tcs.dop.pos.server.orcimpl.portalinductionorcimpl.PortalInductionOrcImpl" />
		</Binding>
		<Binding
			interfaceName="com.tcs.dop.pos.common.orc.freqaddress.FreqAddressOrc">
			<Option name="Local"
			value="com.tcs.dop.pos.server.orcimpl.freqaddress.FreqAddressOrcImpl" />
		</Binding>
		<Binding
			interfaceName="com.tcs.dop.pos.common.orc.canceltransaction.CancelTransactionOrc">
			<Option name="Local"
			value="com.tcs.dop.pos.server.orcimpl.canceltransactions.CancelTransactionOrcImpl" />
		</Binding>
		<Binding
			interfaceName="com.tcs.dop.pos.common.moneyremittance.internationalmoneyorder.orchestration.RebookOrch">
			<Option name="Local"
			value="com.tcs.dop.pos.server.moneyremittance.internationalmoneyorder.orchestrationimpl.RebookOrchImpl" />
		</Binding>
		<Binding
			interfaceName="com.tcs.pos.common.orc.philately.PhilatelyOrc">
			<Option name="Local"
			value="com.tcs.pos.server.orcimpl.philately.PhilatelyOrcImpl" />
		</Binding>
		<Binding
			interfaceName="com.tcs.pos.common.orc.worldnetexpress.WorldNetExpressOrc">
			<Option name="Local"
			value="com.tcs.pos.server.orcimpl.worldnetexpress.WorldNetExpressOrcImpl" />
		</Binding>
		<Binding
			interfaceName="com.tcs.dop.pos.common.NPS.NPSOrc">
			<Option name="Local"
			value="com.tcs.dop.pos.server.orcimpl.NPS.NPSOrcImpl" />
		</Binding>
		<Binding
			interfaceName="com.tcs.pos.common.orc.manualandform.ManualAndFormsOrc">
			<Option name="Local"
			value="com.tcs.pos.server.orcimpl.manualandform.ManualAndFormOrcImpl" />
		</Binding>
		<Binding
			interfaceName="com.tcs.dop.common.svc.advanceinvoice.AdvanceInvoiceOrchestration">
			<Option name="Local"
			value="com.tcs.dop.pos.server.orcimpl.advanceinvoice.AdvanceInvoiceOrchestrationImpl" />
		</Binding>
		<Binding
			interfaceName="com.tcs.pos.common.orc.ackprint.AckPrintOrc">
			<Option name="Local"
			value="com.tcs.pos.server.orcimpl.ackprint.AckPrintOrcImpl" />
		</Binding>

	</Factory>
</FactoryDataBindings>