<?xml version="1.0" encoding="UTF-8" ?>
<!DOCTYPE sqlMap PUBLIC "-//ibatis.apache.org//DTD SQL Map 2.0//EN" "http://ibatis.apache.org/dtd/sql-map-2.dtd" >
<sqlMap namespace="DOP_SERVICE_TEMPLATE_MAPPING" >
  <resultMap id="abatorgenerated_DopServiceTemplateMappingResult" class="com.tcs.postal.common.data.mail.DopServiceTemplateMapping" >
    <!--
      WARNING - This element is automatically generated by Abator for iBATIS, do not modify.
      This element was generated on Sat Jan 18 10:57:54 GMT+05:30 2014.
    -->
    <result column="SERVICE_ID" property="serviceId" jdbcType="VARCHAR" />
    <result column="TEMPLATE_ID" property="templateId" jdbcType="INTEGER" />
    <result column="IMAGE" property="image" jdbcType="VARCHAR" />
    <result column="TEXT" property="text" jdbcType="VARCHAR" />
    <result column="CREATED_BY" property="createdBy" jdbcType="VARCHAR" />
    <result column="CREATED_ON" property="createdOn" jdbcType="TIMESTAMP" />
    <result column="MODIFIED_BY" property="modifiedBy" jdbcType="VARCHAR" />
    <result column="MODIFIED_ON" property="modifiedOn" jdbcType="TIMESTAMP" />
  </resultMap>
   <resultMap id="abatorgenerated_TestServiceTemplateMappingResult1" class="com.tcs.postal.common.data.mail.DopServiceTemplateMapping" >
    <!--
      WARNING - This element is automatically generated by Abator for iBATIS, do not modify.
      This element was generated on Wed Jan 01 12:45:33 GMT+05:30 2014.
    -->
    <result column="SERVICE_ID" property="serviceId" jdbcType="VARCHAR" />
    <result column="TEMPLATE_ID" property="templateId" jdbcType="INTEGER" />
    <result column="TEXT" property="text" jdbcType="VARCHAR" />
    <result column="TEMPLATE_NAME" property="templateName" jdbcType="VARCHAR" />
    <result column="IMAGE" property="image" jdbcType="VARCHAR" />
     
 </resultMap>
   <resultMap id="abatorgenerated_TestServiceTemplateMappingResult2" class="com.tcs.postal.common.data.mail.DopServiceTemplateMapping" >
    <!--
      WARNING - This element is automatically generated by Abator for iBATIS, do not modify.
      This element was generated on Wed Jan 01 12:45:33 GMT+05:30 2014.
    -->
    <result column="SERVICE_ID" property="serviceId" jdbcType="VARCHAR" />
    <result column="IMAGE" property="image" jdbcType="VARCHAR" />
    <result column="TEXT" property="text" jdbcType="VARCHAR" />
    <result column="TEMPLATE_ID" property="templateId" jdbcType="INTEGER" />
    <result column="TEMPLATE_NAME" property="templateName" jdbcType="VARCHAR" />
    <result column="SERVICE_TYPE" property="serviceType" jdbcType="CHAR" />
    <result column="SLA_DELIVERY_TIME" property="slaDeliveryTime" jdbcType="REAL" />
    
  </resultMap>
  <select id="abatorgenerated_selectByPrimaryKey" resultMap="abatorgenerated_DopServiceTemplateMappingResult" parameterClass="com.tcs.postal.common.data.mail.DopServiceTemplateMappingKey" >
    <!--
      WARNING - This element is automatically generated by Abator for iBATIS, do not modify.
      This element was generated on Sat Jan 18 10:57:54 GMT+05:30 2014.
    -->
    select SERVICE_ID, TEMPLATE_ID, IMAGE, TEXT, CREATED_BY, CREATED_ON, MODIFIED_BY, MODIFIED_ON
    from DOP_SERVICE_TEMPLATE_MAPPING
    where SERVICE_ID = #serviceId:VARCHAR#
      and TEMPLATE_ID = #templateId:INTEGER# FOR READ ONLY
  </select>
  <delete id="abatorgenerated_deleteByPrimaryKey" parameterClass="com.tcs.postal.common.data.mail.DopServiceTemplateMappingKey" >
    <!--
      WARNING - This element is automatically generated by Abator for iBATIS, do not modify.
      This element was generated on Sat Jan 18 10:57:54 GMT+05:30 2014.
    -->
    delete from DOP_SERVICE_TEMPLATE_MAPPING
    where SERVICE_ID = #serviceId:VARCHAR#
      and TEMPLATE_ID = #templateId:INTEGER#
  </delete>
  <insert id="abatorgenerated_insert" parameterClass="com.tcs.postal.common.data.mail.DopServiceTemplateMapping" >
    <!--
      WARNING - This element is automatically generated by Abator for iBATIS, do not modify.
      This element was generated on Sat Jan 18 10:57:54 GMT+05:30 2014.
    -->
    insert into DOP_SERVICE_TEMPLATE_MAPPING (SERVICE_ID, TEMPLATE_ID, IMAGE, TEXT, CREATED_BY,
      CREATED_ON, MODIFIED_BY, MODIFIED_ON)
    values (#serviceId:VARCHAR#, #templateId:INTEGER#, #image:VARCHAR#, #text:VARCHAR#,
      #createdBy:VARCHAR#, getdate(), #modifiedBy:VARCHAR#, getdate())
  </insert>
  <update id="abatorgenerated_updateByPrimaryKey" parameterClass="com.tcs.postal.common.data.mail.DopServiceTemplateMapping" >
    <!--
      WARNING - This element is automatically generated by Abator for iBATIS, do not modify.
      This element was generated on Sat Jan 18 10:57:54 GMT+05:30 2014.
    -->
    update DOP_SERVICE_TEMPLATE_MAPPING
    set IMAGE = #image:VARCHAR#,
      TEXT = #text:VARCHAR#,
      CREATED_BY = #createdBy:VARCHAR#,
      CREATED_ON = getdate(),
      MODIFIED_BY = #modifiedBy:VARCHAR#,
      MODIFIED_ON = getdate()
    where SERVICE_ID = #serviceId:VARCHAR#
      and TEMPLATE_ID = #templateId:INTEGER#
  </update>
  <update id="abatorgenerated_updateByPrimaryKeySelective" parameterClass="com.tcs.postal.common.data.mail.DopServiceTemplateMapping" >
    <!--
      WARNING - This element is automatically generated by Abator for iBATIS, do not modify.
      This element was generated on Sat Jan 18 10:57:54 GMT+05:30 2014.
    -->
    update DOP_SERVICE_TEMPLATE_MAPPING
    <dynamic prepend="set" >
      <isNotNull prepend="," property="image" >
        IMAGE = #image:VARCHAR#
      </isNotNull>
      <isNotNull prepend="," property="text" >
        TEXT = #text:VARCHAR#
      </isNotNull>
      <isNotNull prepend="," property="createdBy" >
        CREATED_BY = #createdBy:VARCHAR#
      </isNotNull>
      <isNotNull prepend="," property="createdOn" >
        CREATED_ON = getdate()
      </isNotNull>
      <isNotNull prepend="," property="modifiedBy" >
        MODIFIED_BY = #modifiedBy:VARCHAR#
      </isNotNull>
      <isNotNull prepend="," property="modifiedOn" >
        MODIFIED_ON = getdate()
      </isNotNull>
    </dynamic>
    where SERVICE_ID = #serviceId:VARCHAR#
      and TEMPLATE_ID = #templateId:INTEGER#
  </update>
   <select id="abatorgenerated_selectByPrimaryKey1" resultMap="abatorgenerated_TestServiceTemplateMappingResult1" parameterClass="com.tcs.postal.common.data.mail.DopServiceTemplateMapping" >    
    
    select  Tab5.SERVICE_ID, Tab5.TEMPLATE_ID,Tab5.TEXT,Tab5.TEMPLATE_NAME,IMAGE=Tab5.SERVICE_ID+'.png'  from (select Tab4.* from (Select Tab2.* from (SELECT Tab1.*, dtm.TEMPLATE_NAME from 
(select  distinct psm.SERVICE_ID, dstsv.TEMPLATE_ID,psm.SERVICE_NAME As TEXT,psm.MIN_VALUE from DOP_SERVICE_TEMPLATE_SUBTEMPLATE_VISIBILITY as dstsv INNER JOIN POSTAL_SERVICE_MASTER as psm
ON dstsv.SERVICE_ID=psm.SERVICE_ID AND dstsv.Priority='P' )Tab1 INNER JOIN DOP_TEMPLATE_MASTER as dtm
ON Tab1.TEMPLATE_ID=dtm.TEMPLATE_ID)Tab2 INNER JOIN POSTAL_SERVICE_CATEGORY_MAPPING  as pscm
ON pscm.SERVICE_ID=Tab2.Service_ID where SERVICE_CATEGORY_NAME=#categoryName:VARCHAR#)Tab4 INNER JOIN postal.POSTAL_SERVICE_STORE_MAPPING pssm
ON Tab4.SERVICE_ID=pssm.SERVICE_ID and #systemTime:TIME# &gt;= pssm.START_TIME and #systemTime:TIME# &lt;= pssm.END_TIME  AND pssm.STORE_ID=#storeId:VARCHAR# AND (pssm.EXPIRY_DATE is NULL OR pssm.EXPIRY_DATE &gt;= getDate()))Tab5   ORDER BY Tab5.MIN_VALUE
 
  </select>
  
  <select id="abatorgenerated_selectForIntlServices" resultMap="abatorgenerated_TestServiceTemplateMappingResult1" parameterClass="com.tcs.postal.common.data.mail.DopServiceTemplateMapping" >    
    
    select  Tab5.SERVICE_ID, Tab5.TEMPLATE_ID,Tab5.TEXT,Tab5.TEMPLATE_NAME,IMAGE=Tab5.SERVICE_ID+'.png'  from (select Tab4.* from (Select Tab2.* from (SELECT Tab1.*, dtm.TEMPLATE_NAME from 
    (select  distinct psm.SERVICE_ID, dstsv.TEMPLATE_ID,psm.SERVICE_NAME As TEXT,psm.MIN_VALUE from DOP_SERVICE_TEMPLATE_SUBTEMPLATE_VISIBILITY as dstsv INNER JOIN POSTAL_SERVICE_MASTER as psm
	ON dstsv.SERVICE_ID=psm.SERVICE_ID AND dstsv.Priority='P' )Tab1 INNER JOIN DOP_TEMPLATE_MASTER as dtm
	ON Tab1.TEMPLATE_ID=dtm.TEMPLATE_ID)Tab2 INNER JOIN POSTAL_SERVICE_CATEGORY_MAPPING  as pscm
	ON pscm.SERVICE_ID=Tab2.Service_ID where SERVICE_CATEGORY_NAME IN('International EMS', 'International Parcel','International Letter'))Tab4 INNER JOIN postal.POSTAL_SERVICE_STORE_MAPPING pssm
	ON Tab4.SERVICE_ID=pssm.SERVICE_ID and #systemTime:TIME# &gt;= pssm.START_TIME and #systemTime:TIME# &lt;= pssm.END_TIME  AND pssm.STORE_ID=#storeId:VARCHAR# AND (pssm.EXPIRY_DATE is NULL OR pssm.EXPIRY_DATE &gt;= getDate()))Tab5   ORDER BY Tab5.MIN_VALUE
 
  </select>
  
  <resultMap id="abatorgenerated_TestServiceTemplateMappingResult3" class="com.tcs.postal.common.data.mail.DopServiceTemplateMapping" >
    <!--
      WARNING - This element is automatically generated by Abator for iBATIS, do not modify.
      This element was generated on Wed Jan 01 12:45:33 GMT+05:30 2014.
    -->
    <result column="SERVICE_ID" property="serviceId" jdbcType="VARCHAR" />

    
  </resultMap>
     <select id="abatorgenerated_selectByUserId" resultMap="abatorgenerated_TestServiceTemplateMappingResult3" parameterClass="com.tcs.postal.common.data.mail.DopServiceTemplateMapping" >    <!--
      WARNING - This element is automatically generated by Abator for iBATIS, do not modify.
      This element was generated on Fri Dec 27 11:51:03 GMT+05:30 2013.
    --><!--          
     select distinct dstm.SERVICE_ID, dstm.IMAGE, dstm.TEXT, dstm.TEMPLATE_ID,dtm.TEMPLATE_NAME,psm.SLA_DELIVERY_TIME AS SLA_DELIVERY_TIME ,psm.SERVICE_TYPE
    from DOP_SERVICE_TEMPLATE_MAPPING as dstm ,DOP_TEMPLATE_MASTER as dtm,POSTAL_SERVICE_MASTER as psm
    where dtm.TEMPLATE_ID=dstm.TEMPLATE_ID and dstm.SERVICE_ID=psm.SERVICE_ID
    --><!--  and psm.SERVICE_TYPE !='N' --><!--
    
    select SERVICE_ID from POSTAL_SERVICE_MASTER where SERVICE_TYPE =#serviceType:CHAR# FOR READ ONLY

  -->
   select * from POSTAL_SERVICE_MASTER as  psm,POSTAL_SERVICE_STORE_MAPPING as pssm
  where psm.SERVICE_ID=pssm.SERVICE_ID and psm.service_type=#serviceType:CHAR#
 and #systemTime:TIME# &gt;= pssm.START_TIME and #systemTime:TIME# &lt;= pssm.END_TIME  AND pssm.STORE_ID=#storeId:VARCHAR# AND (pssm.EXPIRY_DATE is NULL OR pssm.EXPIRY_DATE &gt;= getDate()) FOR READ ONLY
  
  
  </select>
  
     <resultMap id="abatorgenerated_TestServiceTemplateMappingResult4" class="com.tcs.postal.common.data.mail.DopServiceTemplateMapping" >
    <!--
      WARNING - This element is automatically generated by Abator for iBATIS, do not modify.
      This element was generated on Wed Jan 01 12:45:33 GMT+05:30 2014.
    -->
    <result column="SERVICE_ID" property="serviceId" jdbcType="VARCHAR" />
    <result column="IMAGE" property="image" jdbcType="VARCHAR" />
    <result column="TEXT" property="text" jdbcType="VARCHAR" />
    <result column="TEMPLATE_ID" property="templateId" jdbcType="INTEGER" />
    <result column="TEMPLATE_NAME" property="templateName" jdbcType="VARCHAR" />
    
  </resultMap>
  <select id="abatorgenerated_fetchTemplateDetails" resultMap="abatorgenerated_TestServiceTemplateMappingResult4" parameterClass="com.tcs.postal.common.data.mail.DopServiceTemplateMapping" >    
    
   select  dstm.SERVICE_ID, dstm.IMAGE, dstm.TEXT, dstm.TEMPLATE_ID,dtm.TEMPLATE_NAME
    from DOP_SERVICE_TEMPLATE_MAPPING as dstm ,DOP_TEMPLATE_MASTER as dtm
    where dtm.TEMPLATE_ID=dstm.TEMPLATE_ID and dstm.SERVICE_ID=#serviceId:VARCHAR# FOR READ ONLY
</select>
</sqlMap>