<?xml version="1.0" encoding="UTF-8" ?>
<!DOCTYPE sqlMap PUBLIC "-//ibatis.apache.org//DTD SQL Map 2.0//EN" "http://ibatis.apache.org/dtd/sql-map-2.dtd" >
<sqlMap namespace="DOP_PIN_CODE_MASTER" >
  <resultMap id="abatorgenerated_DopPinCodeMasterResult" class="com.tcs.postal.common.data.mail.DopPinCodeMaster" >
    <!--
      WARNING - This element is automatically generated by Abator for iBATIS, do not modify.
      This element was generated on Wed Jan 22 10:47:05 GMT+05:30 2014.
    -->
    <result column="PIN_CODE_ID" property="pinCodeId" jdbcType="INTEGER" />
    <result column="PIN_CODE" property="pinCode" jdbcType="INTEGER" />
    <result column="OFFICE_NAME" property="officeName" jdbcType="VARCHAR" />
    <result column="OFFICE_TYPE" property="officeType" jdbcType="VARCHAR" />
    <result column="DELIVERY_STATUS" property="deliveryStatus" jdbcType="VARCHAR" />
    <result column="DIVISION_NAME" property="divisionName" jdbcType="VARCHAR" />
    <result column="REGION_NAME" property="regionName" jdbcType="VARCHAR" />
    <result column="CIRCLE_NAME" property="circleName" jdbcType="VARCHAR" />
    <result column="TALUK" property="taluk" jdbcType="VARCHAR" />
    <result column="DISTRICT" property="district" jdbcType="VARCHAR" />
    <result column="STATE" property="state" jdbcType="VARCHAR" />
    <result column="CREATED_BY" property="createdBy" jdbcType="VARCHAR" />
    <result column="CREATED_ON" property="createdOn" jdbcType="TIMESTAMP" />
    <result column="MODIFIED_BY" property="modifiedBy" jdbcType="VARCHAR" />
    <result column="MODIFIED_ON" property="modifiedOn" jdbcType="TIMESTAMP" />
    
  </resultMap>
  <resultMap id="abatorgenerated_DopPinCodeMasterResultNew" class="com.tcs.postal.common.data.mail.DopPinCodeMaster" >
    <!--
      WARNING - This element is automatically generated by Abator for iBATIS, do not modify.
      This element was generated on Wed Jan 22 10:47:05 GMT+05:30 2014.
    -->
    <result column="PIN_CODE" property="pinCode" jdbcType="INTEGER" />    
    <result column="TALUK" property="taluk" jdbcType="VARCHAR" />
    <result column="DISTRICT" property="district" jdbcType="VARCHAR" />
    <result column="STATE" property="state" jdbcType="VARCHAR" />    
    <result column="STATE_NAME" property="stateName" jdbcType="VARCHAR" />
    <result column="OFFICE_ID" property="officeId" jdbcType="VARCHAR" />
     <result column="OFFICE_NAME" property="officeName" jdbcType="VARCHAR" />
     <result column="OFFICE_TYPE" property="officeType" jdbcType="VARCHAR" />
  </resultMap> 
  <select id="abatorgenerated_selectByPrimaryKey" resultMap="abatorgenerated_DopPinCodeMasterResult" parameterClass="com.tcs.postal.common.data.mail.DopPinCodeMaster" >
    <!--
      WARNING - This element is automatically generated by Abator for iBATIS, do not modify.
      This element was generated on Wed Jan 22 10:47:05 GMT+05:30 2014.
    -->
    select PIN_CODE_ID, PIN_CODE, OFFICE_NAME, OFFICE_TYPE, DELIVERY_STATUS, DIVISION_NAME,
      REGION_NAME, CIRCLE_NAME, TALUK, DISTRICT, STATE, CREATED_BY, CREATED_ON, MODIFIED_BY,
      MODIFIED_ON
    from DOP_PIN_CODE_MASTER
    where PIN_CODE_ID = #pinCodeId:INTEGER# FOR READ ONLY
  </select>
  
    <select id="abatorgenerated_selectByPinCode" resultMap="abatorgenerated_DopPinCodeMasterResultNew" parameterClass="com.tcs.postal.common.data.mail.DopPinCodeMaster" >
    
    
    SELECT t1.PIN_CODE, t1.TALUK, t1.DISTRICT, t1.STATE,t1.STATE_NAME,t1.OFFICE_TYPE ,t2.OFFICE_ID,t2.OFFICE_NAME,t2.LEVEL_ID FROM
	    (SELECT dpcm.PIN_CODE, dpcm.TALUK, dpcm.DISTRICT, dpcm.STATE,dscm.STATE_NAME ,dpcm.OFFICE_TYPE
	        FROM
	        (SELECT ZIP as PIN_CODE, EMAIL as TALUK, CITY as DISTRICT, STATE,LEVEL_ID as OFFICE_TYPE
	            FROM POSTAL_OFFICE_MASTER     
				WHERE ZIp =#pinCode:INTEGER#
	        ) dpcm 
		    INNER JOIN DOP_STATE_CUSTOMER_MASTER dscm
			ON dpcm.STATE = dscm.STATE_CODE
		    ) t1
	JOIN 
	    (SELECT  ZIP, OFFICE_ID,OFFICE_NAME,LEVEL_ID
	        FROM POSTAL.POSTAL_OFFICE_MASTER        
	        WHERE DELIVERY_OFFICE='D'	         
	        AND (LEVEL_ID='HO' OR LEVEL_ID='PO')
            AND ZIP =  #pinCode:INTEGER#			
	    ) t2
	ON t1.PIN_CODE=t2.ZIP
	ORDER BY t1.TALUK    
	FOR READ ONLY
  </select>
  
  <delete id="abatorgenerated_deleteByPrimaryKey" parameterClass="com.tcs.postal.common.data.mail.DopPinCodeMaster" >
    <!--
      WARNING - This element is automatically generated by Abator for iBATIS, do not modify.
      This element was generated on Wed Jan 22 10:47:05 GMT+05:30 2014.
    -->
    delete from DOP_PIN_CODE_MASTER
    where PIN_CODE_ID = #pinCodeId:INTEGER#
  </delete>
  <insert id="abatorgenerated_insert" parameterClass="com.tcs.postal.common.data.mail.DopPinCodeMaster" >
    <!--
      WARNING - This element is automatically generated by Abator for iBATIS, do not modify.
      This element was generated on Wed Jan 22 10:47:05 GMT+05:30 2014.
    -->
    insert into DOP_PIN_CODE_MASTER (PIN_CODE_ID, PIN_CODE, OFFICE_NAME, OFFICE_TYPE,
      DELIVERY_STATUS, DIVISION_NAME, REGION_NAME, CIRCLE_NAME, TALUK, DISTRICT, STATE, CREATED_BY,
      CREATED_ON, MODIFIED_BY, MODIFIED_ON)
    values (#pinCodeId:INTEGER#, #pinCode:INTEGER#, #officeName:VARCHAR#, #officeType:VARCHAR#,
      #deliveryStatus:VARCHAR#, #divisionName:VARCHAR#, #regionName:VARCHAR#, #circleName:VARCHAR#,
      #taluk:VARCHAR#, #district:VARCHAR#, #state:VARCHAR#, #createdBy:VARCHAR#,
      getdate(), #modifiedBy:VARCHAR#, getdate())
  </insert>
  <update id="abatorgenerated_updateByPrimaryKey" parameterClass="com.tcs.postal.common.data.mail.DopPinCodeMaster" >
    <!--
      WARNING - This element is automatically generated by Abator for iBATIS, do not modify.
      This element was generated on Wed Jan 22 10:47:05 GMT+05:30 2014.
    -->
    update DOP_PIN_CODE_MASTER
    set PIN_CODE = #pinCode:INTEGER#,
      OFFICE_NAME = #officeName:VARCHAR#,
      OFFICE_TYPE = #officeType:VARCHAR#,
      DELIVERY_STATUS = #deliveryStatus:VARCHAR#,
      DIVISION_NAME = #divisionName:VARCHAR#,
      REGION_NAME = #regionName:VARCHAR#,
      CIRCLE_NAME = #circleName:VARCHAR#,
      TALUK = #taluk:VARCHAR#,
      DISTRICT = #district:VARCHAR#,
      STATE = #state:VARCHAR#,
      CREATED_BY = #createdBy:VARCHAR#,
      CREATED_ON = getdate(),
      MODIFIED_BY = #modifiedBy:VARCHAR#,
      MODIFIED_ON = getdate()
    where PIN_CODE_ID = #pinCodeId:INTEGER#
  </update>
  <update id="abatorgenerated_updateByPrimaryKeySelective" parameterClass="com.tcs.postal.common.data.mail.DopPinCodeMaster" >
    <!--
      WARNING - This element is automatically generated by Abator for iBATIS, do not modify.
      This element was generated on Wed Jan 22 10:47:05 GMT+05:30 2014.
    -->
    update DOP_PIN_CODE_MASTER
    <dynamic prepend="set" >
      <isNotNull prepend="," property="pinCode" >
        PIN_CODE = #pinCode:INTEGER#
      </isNotNull>
      <isNotNull prepend="," property="officeName" >
        OFFICE_NAME = #officeName:VARCHAR#
      </isNotNull>
      <isNotNull prepend="," property="officeType" >
        OFFICE_TYPE = #officeType:VARCHAR#
      </isNotNull>
      <isNotNull prepend="," property="deliveryStatus" >
        DELIVERY_STATUS = #deliveryStatus:VARCHAR#
      </isNotNull>
      <isNotNull prepend="," property="divisionName" >
        DIVISION_NAME = #divisionName:VARCHAR#
      </isNotNull>
      <isNotNull prepend="," property="regionName" >
        REGION_NAME = #regionName:VARCHAR#
      </isNotNull>
      <isNotNull prepend="," property="circleName" >
        CIRCLE_NAME = #circleName:VARCHAR#
      </isNotNull>
      <isNotNull prepend="," property="taluk" >
        TALUK = #taluk:VARCHAR#
      </isNotNull>
      <isNotNull prepend="," property="district" >
        DISTRICT = #district:VARCHAR#
      </isNotNull>
      <isNotNull prepend="," property="state" >
        STATE = #state:VARCHAR#
      </isNotNull>
      <isNotNull prepend="," property="createdBy" >
        CREATED_BY = #createdBy:VARCHAR#
      </isNotNull>
      <isNotNull prepend="," property="createdOn" >
        CREATED_ON = getdate()
      </isNotNull>
      <isNotNull prepend="," property="modifiedBy" >
        MODIFIED_BY = #modifiedBy:VARCHAR#
      </isNotNull>
      <isNotNull prepend="," property="modifiedOn" >
        MODIFIED_ON = getdate()
      </isNotNull>
    </dynamic>
    where PIN_CODE_ID = #pinCodeId:INTEGER#
  </update>
  
   <select id="getPinCodeList" resultMap="abatorgenerated_DopPinCodeMasterResultNew" parameterClass="com.tcs.postal.common.data.mail.DopPinCodeMaster" >

   <!-- select dpcm.*, dscm.STATE_NAME from
    (select OFFICE_TYPE, OFFICE_NAME, PIN_CODE, TALUK, DISTRICT, STATE, OFFICE_ID
    from DOP_PIN_CODE_MASTER 
    
    <dynamic prepend="WHERE">
     <isNotNull prepend="AND" property="searchCity" >
        DISTRICT like #searchCity#||'%' 
      </isNotNull>
      <isNotNull prepend="AND" property="pinCode" >
        PIN_CODE like #pinCode#||'%'
      </isNotNull>
      <isNotNull prepend="AND" property="searchOfficeName" >
        OFFICE_NAME like '%'||#searchOfficeName#||'%'
      </isNotNull>
       <isNotNull prepend="AND" property="taluk" >
        TALUK like #taluk#||'%'
      </isNotNull>
      </dynamic>) dpcm inner join DOP_STATE_CUSTOMER_MASTER dscm
	on dpcm.STATE = dscm.STATE_CODE ORDER by PIN_CODE, OFFICE_TYPE DESC, OFFICE_NAME
       FOR READ ONLY-->
       
	SELECT t1.PIN_CODE, t1.TALUK, t1.DISTRICT, t1.STATE,t1.STATE_NAME ,t2.OFFICE_ID,t1.OFFICE_NAME,t1.OFFICE_TYPE FROM
	    (SELECT dpcm.PIN_CODE, dpcm.TALUK, dpcm.DISTRICT, dpcm.STATE, dscm.STATE_NAME,dpcm.OFFICE_NAME, dpcm.OFFICE_TYPE 
	        FROM
	        (SELECT PIN_CODE, TALUK, DISTRICT, STATE, OFFICE_NAME, OFFICE_TYPE
	            FROM DOP_PIN_CODE_MASTER     
				<dynamic prepend="WHERE">
					<isNotNull prepend="AND" property="pinCode" >
						PIN_CODE like #pinCode:INTEGER#||'%'
					</isNotNull>
					<isNotNull prepend="AND" property="searchCity" >
						DISTRICT like #searchCity:VARCHAR#||'%' 
					</isNotNull>					
					<isNotNull prepend="AND" property="taluk" >
						TALUK like #taluk:VARCHAR#||'%'
					</isNotNull>
					<isNotNull prepend="AND" property="searchOfficeName" >
					OFFICE_NAME like '%'||#searchOfficeName:VARCHAR#||'%'
					</isNotNull>
				</dynamic>
	        ) dpcm 
		    INNER JOIN DOP_STATE_CUSTOMER_MASTER dscm
			ON dpcm.STATE = dscm.STATE_CODE
		    ) t1
	JOIN 
	    (SELECT  ZIP, OFFICE_ID
	        FROM POSTAL.POSTAL_OFFICE_MASTER        
	        WHERE DELIVERY_OFFICE='D'	         
	        AND (LEVEL_ID='HO' OR LEVEL_ID='PO')
			<dynamic>
				<isNotNull prepend="AND" property="pinCode" >
					ZIP like #pinCode:INTEGER#||'%'
				</isNotNull>				
			</dynamic>
	    ) t2
	ON t1.PIN_CODE=t2.ZIP
	ORDER BY t1.TALUK    
	FOR READ ONLY
  </select>
  
      <select id="abatorgenerated_selectByPinCodeState" resultMap="abatorgenerated_DopPinCodeMasterResult" parameterClass="com.tcs.postal.common.data.mail.DopPinCodeMaster" >
    <!--
      WARNING - This element is automatically generated by Abator for iBATIS, do not modify.
      This element was generated on Wed Jan 22 10:47:05 GMT+05:30 2014.
    -->
    select PIN_CODE_ID, PIN_CODE, OFFICE_NAME, OFFICE_TYPE, DELIVERY_STATUS, DIVISION_NAME,
      REGION_NAME, CIRCLE_NAME, TALUK, DISTRICT, STATE, CREATED_BY, CREATED_ON, MODIFIED_BY,
      MODIFIED_ON
    from DOP_PIN_CODE_MASTER
    where PIN_CODE = #pinCode:INTEGER# and 
    CIRCLE_NAME=#circleName:VARCHAR# FOR READ ONLY
  </select>
   <resultMap id="abatorgenerated_DopPinCodeMasterResultForStateCode" class="com.tcs.postal.common.data.mail.DopPinCodeMaster" >
   
    <result column="STATE" property="state" jdbcType="VARCHAR" />

  </resultMap>
  <select id="abatorgenerated_selectStateCode" resultMap="abatorgenerated_DopPinCodeMasterResultForStateCode" parameterClass="com.tcs.postal.common.data.mail.DopPinCodeMaster" >
    select distinct STATE
    from DOP_PIN_CODE_MASTER
    where PIN_CODE = #pinCode:INTEGER#
  </select>
  
  <!--  
    Moved to POSTAL_OFFICE_MASTER March 2017
    .........................................
    
   <resultMap id="result_getDeliveryPinCodes" class="com.tcs.postal.common.data.mail.DopPinCodeMaster" >

    <result column="LEVEL_ID" property="levelId" jdbcType="VARCHAR" />
    <result column="OFFICE_NAME" property="officeName" jdbcType="VARCHAR" />
    <result column="CITY" property="city" jdbcType="VARCHAR" />
    <result column="STATE_NAME" property="stateName" jdbcType="VARCHAR" />
    <result column="ZIP" property="pinCode" jdbcType="INTEGER" />
    <result column="DELIVERY_OFFICE" property="deliverOffice" jdbcType="CHAR" />
    
  </resultMap>
  <select id="getDeliveryPinCodes" resultMap="result_getDeliveryPinCodes" parameterClass="com.tcs.postal.common.data.mail.DopPinCodeMaster" >
  select  pom.LEVEL_ID,pom.OFFICE_NAME,pom.CITY,dscm.STATE_NAME,pom.ZIP,pom.DELIVERY_OFFICE from POSTAL.POSTAL_OFFICE_MASTER pom
  INNER JOIN postal.DOP_STATE_CUSTOMER_MASTER dscm
  ON pom.STATE=dscm.STATE_CODE 
  WHERE pom.DELIVERY_OFFICE='D'	 AND (pom.LEVEL_ID='HO' OR pom.LEVEL_ID='PO' ) and pom.ZIP=#pinCode:INTEGER#  
    
  </select>
  
  -->
  
  
  
</sqlMap>