<?xml version="1.0" encoding="UTF-8" ?>
<!DOCTYPE sqlMap PUBLIC "-//ibatis.apache.org//DTD SQL Map 2.0//EN" "http://ibatis.apache.org/dtd/sql-map-2.dtd" >
<sqlMap namespace="POSTAL_CIRCLE_HOLIDAY_MASTER" >
  <resultMap id="abatorgenerated_PostalCircleHolidayMasterResult" class="com.tcs.postal.common.data.mail.PostalCircleHolidayMaster" >
    <!--
      WARNING - This element is automatically generated by Abator for iBATIS, do not modify.
      This element was generated on Wed Aug 06 18:24:27 GMT+05:30 2014.
    -->
    <result column="CIRCLE_HOLIDAY_ID" property="circleHolidayId" jdbcType="INTEGER" />
    <result column="CIRCLE_OFFICE_NAME" property="circleOfficeName" jdbcType="VARCHAR" />
    <result column="HOLIDAY_DATE" property="holidayDate" jdbcType="DATE" />
    <result column="CREATED_BY" property="createdBy" jdbcType="VARCHAR" />
    <result column="CREATED_ON" property="createdOn" jdbcType="TIMESTAMP" />
    <result column="MODIFIED_BY" property="modifiedBy" jdbcType="VARCHAR" />
    <result column="MODIFIED_ON" property="modifiedOn" jdbcType="TIMESTAMP" />
  </resultMap>
  <select id="abatorgenerated_selectByPrimaryKey" resultMap="abatorgenerated_PostalCircleHolidayMasterResult" parameterClass="com.tcs.postal.common.data.mail.PostalCircleHolidayMaster" >
    <!--
      WARNING - This element is automatically generated by Abator for iBATIS, do not modify.
      This element was generated on Wed Aug 06 18:24:27 GMT+05:30 2014.
    -->
    select CIRCLE_HOLIDAY_ID, CIRCLE_OFFICE_NAME, HOLIDAY_DATE, CREATED_BY, CREATED_ON, MODIFIED_BY,
      MODIFIED_ON
    from POSTAL_CIRCLE_HOLIDAY_MASTER
    where CIRCLE_HOLIDAY_ID = #circleHolidayId:INTEGER#
  </select>
  <delete id="abatorgenerated_deleteByPrimaryKey" parameterClass="com.tcs.postal.common.data.mail.PostalCircleHolidayMaster" >
    <!--
      WARNING - This element is automatically generated by Abator for iBATIS, do not modify.
      This element was generated on Wed Aug 06 18:24:27 GMT+05:30 2014.
    -->
    delete from POSTAL_CIRCLE_HOLIDAY_MASTER
    where CIRCLE_HOLIDAY_ID = #circleHolidayId:INTEGER#
  </delete>
  <insert id="abatorgenerated_insert" parameterClass="com.tcs.postal.common.data.mail.PostalCircleHolidayMaster" >
    <!--
      WARNING - This element is automatically generated by Abator for iBATIS, do not modify.
      This element was generated on Wed Aug 06 18:24:27 GMT+05:30 2014.
    -->
    insert into POSTAL_CIRCLE_HOLIDAY_MASTER (CIRCLE_HOLIDAY_ID, CIRCLE_OFFICE_NAME, HOLIDAY_DATE,
      CREATED_BY, CREATED_ON, MODIFIED_BY, MODIFIED_ON)
    values (#circleHolidayId:INTEGER#, #circleOfficeName:VARCHAR#, #holidayDate:DATE#,
      #createdBy:VARCHAR#, getdate(), #modifiedBy:VARCHAR#, getdate())
  </insert>
  <update id="abatorgenerated_updateByPrimaryKey" parameterClass="com.tcs.postal.common.data.mail.PostalCircleHolidayMaster" >
    <!--
      WARNING - This element is automatically generated by Abator for iBATIS, do not modify.
      This element was generated on Wed Aug 06 18:24:27 GMT+05:30 2014.
    -->
    update POSTAL_CIRCLE_HOLIDAY_MASTER
    set CIRCLE_OFFICE_NAME = #circleOfficeName:VARCHAR#,
      HOLIDAY_DATE = #holidayDate:DATE#,
      CREATED_BY = #createdBy:VARCHAR#,
      CREATED_ON = getdate(),
      MODIFIED_BY = #modifiedBy:VARCHAR#,
      MODIFIED_ON = getdate()
    where CIRCLE_HOLIDAY_ID = #circleHolidayId:INTEGER#
  </update>
  <update id="abatorgenerated_updateByPrimaryKeySelective" parameterClass="com.tcs.postal.common.data.mail.PostalCircleHolidayMaster" >
    <!--
      WARNING - This element is automatically generated by Abator for iBATIS, do not modify.
      This element was generated on Wed Aug 06 18:24:27 GMT+05:30 2014.
    -->
    update POSTAL_CIRCLE_HOLIDAY_MASTER
    <dynamic prepend="set" >
      <isNotNull prepend="," property="circleOfficeName" >
        CIRCLE_OFFICE_NAME = #circleOfficeName:VARCHAR#
      </isNotNull>
      <isNotNull prepend="," property="holidayDate" >
        HOLIDAY_DATE = #holidayDate:DATE#
      </isNotNull>
      <isNotNull prepend="," property="createdBy" >
        CREATED_BY = #createdBy:VARCHAR#
      </isNotNull>
      <isNotNull prepend="," property="createdOn" >
        CREATED_ON = getdate()
      </isNotNull>
      <isNotNull prepend="," property="modifiedBy" >
        MODIFIED_BY = #modifiedBy:VARCHAR#
      </isNotNull>
      <isNotNull prepend="," property="modifiedOn" >
        MODIFIED_ON = getdate()
      </isNotNull>
    </dynamic>
    where CIRCLE_HOLIDAY_ID = #circleHolidayId:INTEGER#
  </update>
  
   <select id="abatorgenerated_selectByDate" resultMap="abatorgenerated_PostalCircleHolidayMasterResult" parameterClass="com.tcs.postal.common.data.mail.PostalCircleHolidayMaster" >
    <!--
      WARNING - This element is automatically generated by Abator for iBATIS, do not modify.
      This element was generated on Wed Aug 06 18:24:27 GMT+05:30 2014.
    -->
   select CIRCLE_HOLIDAY_ID, CIRCLE_OFFICE_NAME, HOLIDAY_DATE, CREATED_BY, CREATED_ON, MODIFIED_BY,MODIFIED_ON
    from POSTAL_CIRCLE_HOLIDAY_MASTER
    where  HOLIDAY_DATE=CURRENT DATE and CIRCLE_OFFICE_NAME=#circleOfficeName:VARCHAR#
  </select>
</sqlMap>