<?xml version="1.0" encoding="UTF-8" ?>
<!DOCTYPE sqlMap PUBLIC "-//ibatis.apache.org//DTD SQL Map 2.0//EN" "http://ibatis.apache.org/dtd/sql-map-2.dtd" >
<sqlMap namespace="POSTAL_AAB_DETAILS" >
  <resultMap id="abatorgenerated_PostalAabDetailsResult" class="com.tcs.postal.common.data.mail.PostalAabDetails" >
    <!--
      WARNING - This element is automatically generated by Abator for iBATIS, do not modify.
      This element was generated on Mon Sep 23 18:55:05 IST 2013.
    -->
    <result column="ARTICLE_NO" property="articleNo" jdbcType="VARCHAR" />
    <result column="INVOICE_NO" property="invoiceNo" jdbcType="VARCHAR" />
    <result column="DESTINATION_CITY" property="destinationCity" jdbcType="VARCHAR" />
    <result column="DESTINATION_ZIP" property="destinationZip" jdbcType="INTEGER" />
    <result column="WEIGHT" property="weight" jdbcType="DOUBLE" />
    <result column="VOLUME" property="volume" jdbcType="DOUBLE" />
    <result column="PARCEL_VALUE" property="parcelValue" jdbcType="DOUBLE" />
    <result column="VP_AMOUNT" property="vpAmount" jdbcType="DOUBLE" />
    <result column="SENDER_NAME" property="senderName" jdbcType="VARCHAR" />
    <result column="SENDER_ADDRESS1" property="senderAddress1" jdbcType="VARCHAR" />
    <result column="SENDER_STATE" property="senderState" jdbcType="VARCHAR" />
    <result column="SENDER_ZIP" property="senderZip" jdbcType="INTEGER" />
    <result column="SENDER_MOBILE" property="senderMobile" jdbcType="VARCHAR" />
    <result column="SENDER_EMAIL" property="senderEmail" jdbcType="VARCHAR" />
    <result column="RECIPIENT_NAME" property="recipientName" jdbcType="VARCHAR" />
    <result column="RECIPIENT_ADDRESS1" property="recipientAddress1" jdbcType="VARCHAR" />
    <result column="RECIPIENT_STATE" property="recipientState" jdbcType="VARCHAR" />
    <result column="RECIPIENT_ZIP" property="recipientZip" jdbcType="INTEGER" />
    <result column="RECIPIENT_MOBILE" property="recipientMobile" jdbcType="VARCHAR" />
    <result column="RECIPIENT_EMAIL" property="recipientEmail" jdbcType="VARCHAR" />
    <result column="SERVICE_ID" property="serviceId" jdbcType="VARCHAR" />
    <result column="TARIFF_AMOUNT" property="tariffAmount" jdbcType="DOUBLE" />
    <result column="TAX_AMOUNT" property="taxAmount" jdbcType="DOUBLE" />
    <result column="POD_AMOUNT" property="podAmount" jdbcType="DOUBLE" />
    <result column="INSURACNE_AMOUNT" property="insuracneAmount" jdbcType="DOUBLE" />
    <result column="CUSTOMER_ID" property="customerId" jdbcType="VARCHAR" />
    <result column="CREATED_BY" property="createdBy" jdbcType="VARCHAR" />
    <result column="MODIFIED_ON" property="modifiedOn" jdbcType="TIMESTAMP" />
    <result column="MODIFIED_BY" property="modifiedBy" jdbcType="VARCHAR" />
    <result column="CREATED_ON" property="createdOn" jdbcType="TIMESTAMP" />
    <result column="DESTINATION_COUNTRY" property="destinationCountry" jdbcType="VARCHAR" />
    <result column="PREPAID_TYPE" property="prepaidType" jdbcType="VARCHAR" />
    <result column="PREPAID_AMOUNT" property="prepaidAmount" jdbcType="DOUBLE" />
    <result column="INTERNATIONAL_TRANSPORT_MODE" property="internationalTransportMode" jdbcType="VARCHAR" />
    <result column="IS_INTERNATIONAL_CUSTOMER_DECLARATION" property="isInternationalCustomerDeclaration" jdbcType="BIT" />
    <result column="SENDER_ADDRESS2" property="senderAddress2" jdbcType="VARCHAR" />
    <result column="SENDER_ADDRESS3" property="senderAddress3" jdbcType="VARCHAR" />
    <result column="RECIPIENT_ADDRESS2" property="recipientAddress2" jdbcType="VARCHAR" />
    <result column="RECIPIENT_ADDRESS3" property="recipientAddress3" jdbcType="VARCHAR" />
    <result column="STORE_ID" property="storeId" jdbcType="VARCHAR" />
    <result column="TILL_NO" property="tillNo" jdbcType="INTEGER" />
    <result column="PRIORITY" property="priority" jdbcType="CHAR" />
  </resultMap>
  <select id="abatorgenerated_selectByPrimaryKey" resultMap="abatorgenerated_PostalAabDetailsResult" parameterClass="com.tcs.postal.common.data.mail.PostalAabDetails" >
    <!--
      WARNING - This element is automatically generated by Abator for iBATIS, do not modify.
      This element was generated on Mon Sep 23 18:55:05 IST 2013.
    -->
    select ARTICLE_NO, INVOICE_NO, DESTINATION_CITY, DESTINATION_ZIP, WEIGHT, VOLUME, PARCEL_VALUE,
      VP_AMOUNT, SENDER_NAME, SENDER_ADDRESS1, SENDER_STATE, SENDER_ZIP, SENDER_MOBILE,
      SENDER_EMAIL, RECIPIENT_NAME, RECIPIENT_ADDRESS1, RECIPIENT_STATE, RECIPIENT_ZIP,
      RECIPIENT_MOBILE, RECIPIENT_EMAIL, SERVICE_ID, TARIFF_AMOUNT, TAX_AMOUNT, POD_AMOUNT,
      INSURACNE_AMOUNT, CUSTOMER_ID, CREATED_BY, MODIFIED_ON, MODIFIED_BY, CREATED_ON,
      DESTINATION_COUNTRY, PREPAID_TYPE, PREPAID_AMOUNT, INTERNATIONAL_TRANSPORT_MODE,
      IS_INTERNATIONAL_CUSTOMER_DECLARATION, SENDER_ADDRESS2, SENDER_ADDRESS3, RECIPIENT_ADDRESS2,
      RECIPIENT_ADDRESS3, STORE_ID, TILL_NO, PRIORITY
    from POSTAL_AAB_DETAILS
    where ARTICLE_NO = #articleNo:VARCHAR# FOR READ ONLY
  </select>
  <delete id="abatorgenerated_deleteByPrimaryKey" parameterClass="com.tcs.postal.common.data.mail.PostalAabDetails" >
    <!--
      WARNING - This element is automatically generated by Abator for iBATIS, do not modify.
      This element was generated on Mon Sep 23 18:55:05 IST 2013.
    -->
    delete from POSTAL_AAB_DETAILS
    where ARTICLE_NO = #articleNo:VARCHAR#
  </delete>
  <insert id="abatorgenerated_insert" parameterClass="com.tcs.postal.common.data.mail.PostalAabDetails" >
    <!--
      WARNING - This element is automatically generated by Abator for iBATIS, do not modify.
      This element was generated on Mon Sep 23 18:55:05 IST 2013.
    -->
    insert into POSTAL_AAB_DETAILS (ARTICLE_NO, INVOICE_NO, DESTINATION_CITY, DESTINATION_ZIP,
      WEIGHT, VOLUME, PARCEL_VALUE, VP_AMOUNT, SENDER_NAME, SENDER_ADDRESS1, SENDER_STATE,
      SENDER_ZIP, SENDER_MOBILE, SENDER_EMAIL, RECIPIENT_NAME, RECIPIENT_ADDRESS1, RECIPIENT_STATE,
      RECIPIENT_ZIP, RECIPIENT_MOBILE, RECIPIENT_EMAIL, SERVICE_ID, TARIFF_AMOUNT, TAX_AMOUNT,
      POD_AMOUNT, INSURACNE_AMOUNT, CUSTOMER_ID, CREATED_BY, MODIFIED_ON, MODIFIED_BY, CREATED_ON,
      DESTINATION_COUNTRY, PREPAID_TYPE, PREPAID_AMOUNT, INTERNATIONAL_TRANSPORT_MODE,
      IS_INTERNATIONAL_CUSTOMER_DECLARATION, SENDER_ADDRESS2, SENDER_ADDRESS3, RECIPIENT_ADDRESS2,
      RECIPIENT_ADDRESS3, STORE_ID, TILL_NO, PRIORITY)
    values (#articleNo:VARCHAR#, #invoiceNo:VARCHAR#, #destinationCity:VARCHAR#,
      #destinationZip:INTEGER#, #weight:DOUBLE#, #volume:DOUBLE#, #parcelValue:DOUBLE#,
      #vpAmount:DOUBLE#, #senderName:VARCHAR#, #senderAddress1:VARCHAR#, #senderState:VARCHAR#,
      #senderZip:INTEGER#, #senderMobile:VARCHAR#, #senderEmail:VARCHAR#, #recipientName:VARCHAR#,
      #recipientAddress1:VARCHAR#, #recipientState:VARCHAR#, #recipientZip:INTEGER#,
      #recipientMobile:VARCHAR#, #recipientEmail:VARCHAR#, #serviceId:VARCHAR#,
      #tariffAmount:DOUBLE#, #taxAmount:DOUBLE#, #podAmount:DOUBLE#, #insuracneAmount:DOUBLE#,
      #customerId:VARCHAR#, #createdBy:VARCHAR#, getdate(), #modifiedBy:VARCHAR#,
      getdate(), #destinationCountry:VARCHAR#, #prepaidType:VARCHAR#,
      #prepaidAmount:DOUBLE#, #internationalTransportMode:VARCHAR#,
      #isInternationalCustomerDeclaration:BIT#, #senderAddress2:VARCHAR#, #senderAddress3:VARCHAR#,
      #recipientAddress2:VARCHAR#, #recipientAddress3:VARCHAR#, #storeId:VARCHAR#, #tillNo:INTEGER#,
      #priority:CHAR#)
  </insert>
  <update id="abatorgenerated_updateByPrimaryKey" parameterClass="com.tcs.postal.common.data.mail.PostalAabDetails" >
    <!--
      WARNING - This element is automatically generated by Abator for iBATIS, do not modify.
      This element was generated on Mon Sep 23 18:55:05 IST 2013.
    -->
    update POSTAL_AAB_DETAILS
    set INVOICE_NO = #invoiceNo:VARCHAR#,
      DESTINATION_CITY = #destinationCity:VARCHAR#,
      DESTINATION_ZIP = #destinationZip:INTEGER#,
      WEIGHT = #weight:DOUBLE#,
      VOLUME = #volume:DOUBLE#,
      PARCEL_VALUE = #parcelValue:DOUBLE#,
      VP_AMOUNT = #vpAmount:DOUBLE#,
      SENDER_NAME = #senderName:VARCHAR#,
      SENDER_ADDRESS1 = #senderAddress1:VARCHAR#,
      SENDER_STATE = #senderState:VARCHAR#,
      SENDER_ZIP = #senderZip:INTEGER#,
      SENDER_MOBILE = #senderMobile:VARCHAR#,
      SENDER_EMAIL = #senderEmail:VARCHAR#,
      RECIPIENT_NAME = #recipientName:VARCHAR#,
      RECIPIENT_ADDRESS1 = #recipientAddress1:VARCHAR#,
      RECIPIENT_STATE = #recipientState:VARCHAR#,
      RECIPIENT_ZIP = #recipientZip:INTEGER#,
      RECIPIENT_MOBILE = #recipientMobile:VARCHAR#,
      RECIPIENT_EMAIL = #recipientEmail:VARCHAR#,
      SERVICE_ID = #serviceId:VARCHAR#,
      TARIFF_AMOUNT = #tariffAmount:DOUBLE#,
      TAX_AMOUNT = #taxAmount:DOUBLE#,
      POD_AMOUNT = #podAmount:DOUBLE#,
      INSURACNE_AMOUNT = #insuracneAmount:DOUBLE#,
      CUSTOMER_ID = #customerId:VARCHAR#,
      CREATED_BY = #createdBy:VARCHAR#,
      MODIFIED_ON = getdate(),
      MODIFIED_BY = #modifiedBy:VARCHAR#,
      CREATED_ON = getdate(),
      DESTINATION_COUNTRY = #destinationCountry:VARCHAR#,
      PREPAID_TYPE = #prepaidType:VARCHAR#,
      PREPAID_AMOUNT = #prepaidAmount:DOUBLE#,
      INTERNATIONAL_TRANSPORT_MODE = #internationalTransportMode:VARCHAR#,
      IS_INTERNATIONAL_CUSTOMER_DECLARATION = #isInternationalCustomerDeclaration:BIT#,
      SENDER_ADDRESS2 = #senderAddress2:VARCHAR#,
      SENDER_ADDRESS3 = #senderAddress3:VARCHAR#,
      RECIPIENT_ADDRESS2 = #recipientAddress2:VARCHAR#,
      RECIPIENT_ADDRESS3 = #recipientAddress3:VARCHAR#,
      STORE_ID = #storeId:VARCHAR#,
      TILL_NO = #tillNo:INTEGER#,
      PRIORITY = #priority:CHAR#
    where ARTICLE_NO = #articleNo:VARCHAR#
  </update>
  <update id="abatorgenerated_updateByPrimaryKeySelective" parameterClass="com.tcs.postal.common.data.mail.PostalAabDetails" >
    <!--
      WARNING - This element is automatically generated by Abator for iBATIS, do not modify.
      This element was generated on Mon Sep 23 18:55:05 IST 2013.
    -->
    update POSTAL_AAB_DETAILS
    <dynamic prepend="set" >
      <isNotNull prepend="," property="invoiceNo" >
        INVOICE_NO = #invoiceNo:VARCHAR#
      </isNotNull>
      <isNotNull prepend="," property="destinationCity" >
        DESTINATION_CITY = #destinationCity:VARCHAR#
      </isNotNull>
      <isNotNull prepend="," property="destinationZip" >
        DESTINATION_ZIP = #destinationZip:INTEGER#
      </isNotNull>
      <isNotNull prepend="," property="weight" >
        WEIGHT = #weight:DOUBLE#
      </isNotNull>
      <isNotNull prepend="," property="volume" >
        VOLUME = #volume:DOUBLE#
      </isNotNull>
      <isNotNull prepend="," property="parcelValue" >
        PARCEL_VALUE = #parcelValue:DOUBLE#
      </isNotNull>
      <isNotNull prepend="," property="vpAmount" >
        VP_AMOUNT = #vpAmount:DOUBLE#
      </isNotNull>
      <isNotNull prepend="," property="senderName" >
        SENDER_NAME = #senderName:VARCHAR#
      </isNotNull>
      <isNotNull prepend="," property="senderAddress1" >
        SENDER_ADDRESS1 = #senderAddress1:VARCHAR#
      </isNotNull>
      <isNotNull prepend="," property="senderState" >
        SENDER_STATE = #senderState:VARCHAR#
      </isNotNull>
      <isNotNull prepend="," property="senderZip" >
        SENDER_ZIP = #senderZip:INTEGER#
      </isNotNull>
      <isNotNull prepend="," property="senderMobile" >
        SENDER_MOBILE = #senderMobile:VARCHAR#
      </isNotNull>
      <isNotNull prepend="," property="senderEmail" >
        SENDER_EMAIL = #senderEmail:VARCHAR#
      </isNotNull>
      <isNotNull prepend="," property="recipientName" >
        RECIPIENT_NAME = #recipientName:VARCHAR#
      </isNotNull>
      <isNotNull prepend="," property="recipientAddress1" >
        RECIPIENT_ADDRESS1 = #recipientAddress1:VARCHAR#
      </isNotNull>
      <isNotNull prepend="," property="recipientState" >
        RECIPIENT_STATE = #recipientState:VARCHAR#
      </isNotNull>
      <isNotNull prepend="," property="recipientZip" >
        RECIPIENT_ZIP = #recipientZip:INTEGER#
      </isNotNull>
      <isNotNull prepend="," property="recipientMobile" >
        RECIPIENT_MOBILE = #recipientMobile:VARCHAR#
      </isNotNull>
      <isNotNull prepend="," property="recipientEmail" >
        RECIPIENT_EMAIL = #recipientEmail:VARCHAR#
      </isNotNull>
      <isNotNull prepend="," property="serviceId" >
        SERVICE_ID = #serviceId:VARCHAR#
      </isNotNull>
      <isNotNull prepend="," property="tariffAmount" >
        TARIFF_AMOUNT = #tariffAmount:DOUBLE#
      </isNotNull>
      <isNotNull prepend="," property="taxAmount" >
        TAX_AMOUNT = #taxAmount:DOUBLE#
      </isNotNull>
      <isNotNull prepend="," property="podAmount" >
        POD_AMOUNT = #podAmount:DOUBLE#
      </isNotNull>
      <isNotNull prepend="," property="insuracneAmount" >
        INSURACNE_AMOUNT = #insuracneAmount:DOUBLE#
      </isNotNull>
      <isNotNull prepend="," property="customerId" >
        CUSTOMER_ID = #customerId:VARCHAR#
      </isNotNull>
      <isNotNull prepend="," property="createdBy" >
        CREATED_BY = #createdBy:VARCHAR#
      </isNotNull>
      <isNotNull prepend="," property="modifiedOn" >
        MODIFIED_ON = getdate()
      </isNotNull>
      <isNotNull prepend="," property="modifiedBy" >
        MODIFIED_BY = #modifiedBy:VARCHAR#
      </isNotNull>
      <isNotNull prepend="," property="createdOn" >
        CREATED_ON = getdate()
      </isNotNull>
      <isNotNull prepend="," property="destinationCountry" >
        DESTINATION_COUNTRY = #destinationCountry:VARCHAR#
      </isNotNull>
      <isNotNull prepend="," property="prepaidType" >
        PREPAID_TYPE = #prepaidType:VARCHAR#
      </isNotNull>
      <isNotNull prepend="," property="prepaidAmount" >
        PREPAID_AMOUNT = #prepaidAmount:DOUBLE#
      </isNotNull>
      <isNotNull prepend="," property="internationalTransportMode" >
        INTERNATIONAL_TRANSPORT_MODE = #internationalTransportMode:VARCHAR#
      </isNotNull>
      <isNotNull prepend="," property="isInternationalCustomerDeclaration" >
        IS_INTERNATIONAL_CUSTOMER_DECLARATION = #isInternationalCustomerDeclaration:BIT#
      </isNotNull>
      <isNotNull prepend="," property="senderAddress2" >
        SENDER_ADDRESS2 = #senderAddress2:VARCHAR#
      </isNotNull>
      <isNotNull prepend="," property="senderAddress3" >
        SENDER_ADDRESS3 = #senderAddress3:VARCHAR#
      </isNotNull>
      <isNotNull prepend="," property="recipientAddress2" >
        RECIPIENT_ADDRESS2 = #recipientAddress2:VARCHAR#
      </isNotNull>
      <isNotNull prepend="," property="recipientAddress3" >
        RECIPIENT_ADDRESS3 = #recipientAddress3:VARCHAR#
      </isNotNull>
      <isNotNull prepend="," property="storeId" >
        STORE_ID = #storeId:VARCHAR#
      </isNotNull>
      <isNotNull prepend="," property="tillNo" >
        TILL_NO = #tillNo:INTEGER#
      </isNotNull>
      <isNotNull prepend="," property="priority" >
        PRIORITY = #priority:CHAR#
      </isNotNull>
    </dynamic>
    where ARTICLE_NO = #articleNo:VARCHAR#
  </update>
</sqlMap>