<?xml version="1.0" encoding="UTF-8" ?>
<!DOCTYPE sqlMap PUBLIC "-//ibatis.apache.org//DTD SQL Map 2.0//EN" "http://ibatis.apache.org/dtd/sql-map-2.dtd" >
<sqlMap namespace="DOP_ASSOCIATED_TRANSPORT_SERVICES" >
  <resultMap id="abatorgenerated_DopAssociatedTransportServicesResult" class="com.tcs.postal.common.data.associateservice.DopAssociatedTransportServices" >
    <!--
      WARNING - This element is automatically generated by Abator for iBATIS, do not modify.
      This element was generated on Thu May 08 18:30:27 GMT+05:30 2014.
    -->
    <result column="ASSOCIATED_SERVICE_ID" property="associatedServiceId" jdbcType="VARCHAR" />
    <result column="PRIMARY_SERVICE_ID" property="primaryServiceId" jdbcType="VARCHAR" />
    <result column="CREATED_BY" property="createdBy" jdbcType="VARCHAR" />
    <result column="CREATED_ON" property="createdOn" jdbcType="TIMESTAMP" />
    <result column="MODIFIED_BY" property="modifiedBy" jdbcType="VARCHAR" />
    <result column="MODIFIED_ON" property="modifiedOn" jdbcType="TIMESTAMP" />
  </resultMap>
  
   <resultMap id="abatorgenerated_DopAssociatedTransportSelectiveSvc" class="com.tcs.pos.common.data.invoice.ItemMaster" >
    <!--
      WARNING - This element is automatically generated by Abator for iBATIS, do not modify.
      This element was generated on Thu May 08 18:30:27 GMT+05:30 2014.
    -->
   	<result column="ITEM_CODE" property="itemCode" jdbcType="VARCHAR" />
    <result column="SHORT_DESC" property="shortDesc" jdbcType="VARCHAR" />
   
  </resultMap>
  <select id="abatorgenerated_selectByPrimaryKey" resultMap="abatorgenerated_DopAssociatedTransportServicesResult" parameterClass="com.tcs.postal.common.data.associateservice.DopAssociatedTransportServicesKey" >
    <!--
      WARNING - This element is automatically generated by Abator for iBATIS, do not modify.
      This element was generated on Thu May 08 18:30:27 GMT+05:30 2014.
    -->
    select ASSOCIATED_SERVICE_ID, PRIMARY_SERVICE_ID, CREATED_BY, CREATED_ON, MODIFIED_BY,
      MODIFIED_ON
    from DOP_ASSOCIATED_TRANSPORT_SERVICES
    where ASSOCIATED_SERVICE_ID = #associatedServiceId:VARCHAR#
      and PRIMARY_SERVICE_ID = #primaryServiceId:VARCHAR# FOR READ ONLY
  </select>
  <delete id="abatorgenerated_deleteByPrimaryKey" parameterClass="com.tcs.postal.common.data.associateservice.DopAssociatedTransportServicesKey" >
    <!--
      WARNING - This element is automatically generated by Abator for iBATIS, do not modify.
      This element was generated on Thu May 08 18:30:27 GMT+05:30 2014.
    -->
    delete from DOP_ASSOCIATED_TRANSPORT_SERVICES
    where ASSOCIATED_SERVICE_ID = #associatedServiceId:VARCHAR#
      and PRIMARY_SERVICE_ID = #primaryServiceId:VARCHAR#
  </delete>
  <insert id="abatorgenerated_insert" parameterClass="com.tcs.postal.common.data.associateservice.DopAssociatedTransportServices" >
    <!--
      WARNING - This element is automatically generated by Abator for iBATIS, do not modify.
      This element was generated on Thu May 08 18:30:27 GMT+05:30 2014.
    -->
    insert into DOP_ASSOCIATED_TRANSPORT_SERVICES (ASSOCIATED_SERVICE_ID, PRIMARY_SERVICE_ID,
      CREATED_BY, CREATED_ON, MODIFIED_BY, MODIFIED_ON)
    values (#associatedServiceId:VARCHAR#, #primaryServiceId:VARCHAR#, #createdBy:VARCHAR#,
      getdate(), #modifiedBy:VARCHAR#, getdate())
  </insert>
  <update id="abatorgenerated_updateByPrimaryKey" parameterClass="com.tcs.postal.common.data.associateservice.DopAssociatedTransportServices" >
    <!--
      WARNING - This element is automatically generated by Abator for iBATIS, do not modify.
      This element was generated on Thu May 08 18:30:27 GMT+05:30 2014.
    -->
    update DOP_ASSOCIATED_TRANSPORT_SERVICES
    set CREATED_BY = #createdBy:VARCHAR#,
      CREATED_ON = getdate(),
      MODIFIED_BY = #modifiedBy:VARCHAR#,
      MODIFIED_ON = getdate()
    where ASSOCIATED_SERVICE_ID = #associatedServiceId:VARCHAR#
      and PRIMARY_SERVICE_ID = #primaryServiceId:VARCHAR#
  </update>
  <update id="abatorgenerated_updateByPrimaryKeySelective" parameterClass="com.tcs.postal.common.data.associateservice.DopAssociatedTransportServices" >
    <!--
      WARNING - This element is automatically generated by Abator for iBATIS, do not modify.
      This element was generated on Thu May 08 18:30:27 GMT+05:30 2014.
    -->
    update DOP_ASSOCIATED_TRANSPORT_SERVICES
    <dynamic prepend="set" >
      <isNotNull prepend="," property="createdBy" >
        CREATED_BY = #createdBy:VARCHAR#
      </isNotNull>
      <isNotNull prepend="," property="createdOn" >
        CREATED_ON = getdate()
      </isNotNull>
      <isNotNull prepend="," property="modifiedBy" >
        MODIFIED_BY = #modifiedBy:VARCHAR#
      </isNotNull>
      <isNotNull prepend="," property="modifiedOn" >
        MODIFIED_ON = getdate()
      </isNotNull>
    </dynamic>
    where ASSOCIATED_SERVICE_ID = #associatedServiceId:VARCHAR#
      and PRIMARY_SERVICE_ID = #primaryServiceId:VARCHAR#
  </update>
  
  <resultMap id="abatorgenerated_DopAssociateMailTransportServicesResult" class="com.tcs.postal.common.data.mail.PostalServiceMaster" >
    <!--
      WARNING - This element is automatically generated by Abator for iBATIS, do not modify.
      This element was generated on Tue Feb 25 20:10:36 GMT+05:30 2014.
    -->
    <result column="SERVICE_NAME" property="serviceName" jdbcType="VARCHAR" />
    <result column="SERVICE_ID" property="serviceId" jdbcType="VARCHAR" />
  </resultMap>
  
  <select id="abatorgenerated_selectServiceName" resultMap="abatorgenerated_DopAssociateMailTransportServicesResult" parameterClass="com.tcs.postal.common.data.associateservice.DopAssociatedTransportServices">
    <!--
      WARNING - This element is automatically generated by Abator for iBATIS, do not modify.
      This element was generated on Tue Feb 25 20:10:36 GMT+05:30 2014.
    -->
	Select psm.SERVICE_NAME,psm.SERVICE_ID
	FROM POSTAL_SERVICE_MASTER psm
	where psm.SERVICE_ID IN
		(Select dast.ASSOCIATED_SERVICE_ID FROM 
		DOP_ASSOCIATED_TRANSPORT_SERVICES dast
		where dast.PRIMARY_SERVICE_ID=#primaryServiceId:VARCHAR#) FOR READ ONLY
  </select>
   <select id="abatorgenerated_selectSvcName" resultMap="abatorgenerated_DopAssociatedTransportSelectiveSvc" parameterClass="com.tcs.postal.common.data.associateservice.DopAssociatedTransportServices">
    <!--
      WARNING - This element is automatically generated by Abator for iBATIS, do not modify.
      This element was generated on Tue Feb 25 20:10:36 GMT+05:30 2014.
    -->
    
    Select psm.SHORT_DESC,psm.ITEM_CODE
	FROM ITEM_MASTER psm
	where psm.ITEM_CODE IN
		(Select dast.ASSOCIATED_SERVICE_ID FROM 
		DOP_ASSOCIATED_TRANSPORT_SERVICES dast
		where dast.PRIMARY_SERVICE_ID=#primaryServiceId:VARCHAR#) FOR READ ONLY
	
  </select>
</sqlMap>