<?xml version="1.0" encoding="UTF-8" ?>
<!DOCTYPE sqlMap PUBLIC "-//ibatis.apache.org//DTD SQL Map 2.0//EN" "http://ibatis.apache.org/dtd/sql-map-2.dtd" >
<sqlMap namespace="DOP_BUSINESS_POST_ASSOCIATED_SERVICES" >
  <resultMap id="abatorgenerated_DopBusinessPostAssociatedServicesResult" class="com.tcs.dop.common.data.bpost.DopBusinessPostAssociatedServices" >
    <!--
      WARNING - This element is automatically generated by Abator for iBATIS, do not modify.
      This element was generated on Fri Nov 15 17:38:08 IST 2013.
    -->
    <result column="INVOICE_NO" property="invoiceNo" jdbcType="VARCHAR" />
    <result column="BUSINESS_POST_ID" property="businessPostId" jdbcType="INTEGER" />
    <result column="BUSINESS_POST_SERVICE_ID" property="businessPostServiceId" jdbcType="VARCHAR" />
    
    <result column="CREATED_BY" property="createdBy" jdbcType="VARCHAR" />
    <result column="CREATED_ON" property="createdOn" jdbcType="TIMESTAMP" />
    <result column="MODIFIED_BY" property="modifiedBy" jdbcType="VARCHAR" />
    <result column="MODIFIED_ON" property="modifiedOn" jdbcType="TIMESTAMP" />
  </resultMap>
    <resultMap id="abatorgenerated_DopBusinessPostAssociatedServicesResult1" class="com.tcs.dop.common.data.bpost.DopBusinessPostAssociatedServices" >
    <!--
      WARNING - This element is automatically generated by Abator for iBATIS, do not modify.
      This element was generated on Fri Nov 15 17:38:08 IST 2013.
    -->
    <result column="BUSINESS_POST_ASSOCIATED_SERVICE_ID" property="businessPostAssociatedServiceId" jdbcType="INTEGER" />
   </resultMap>
  <select id="abatorgenerated_selectByPrimaryKey" resultMap="abatorgenerated_DopBusinessPostAssociatedServicesResult" parameterClass="com.tcs.dop.common.data.bpost.DopBusinessPostAssociatedServicesKey" >
    <!--
      WARNING - This element is automatically generated by Abator for iBATIS, do not modify.
      This element was generated on Fri Nov 15 17:38:08 IST 2013.
    -->
    select INVOICE_NO, BUSINESS_POST_ID,
      BUSINESS_POST_SERVICE_ID,CREATED_BY, CREATED_ON, MODIFIED_BY, MODIFIED_ON
    from DOP_BUSINESS_POST_ASSOCIATED_SERVICES
    where BUSINESS_POST_ASSOCIATED_SERVICE_ID = #businessPostAssociatedServiceId:INTEGER#
      and INVOICE_NO = #invoiceNo:VARCHAR# FOR READ ONLY
  </select>
  <select id="abatorgenerated_selectByPrimaryKey1" resultMap="abatorgenerated_DopBusinessPostAssociatedServicesResult" parameterClass="com.tcs.dop.common.data.bpost.DopBusinessPostAssociatedServicesKey" >
    <!--
      WARNING - This element is automatically generated by Abator for iBATIS, do not modify.
      This element was generated on Fri Nov 15 17:38:08 IST 2013.
    -->
    select INVOICE_NO, BUSINESS_POST_ID,
      BUSINESS_POST_SERVICE_ID,CREATED_BY, CREATED_ON, MODIFIED_BY, MODIFIED_ON
    from DOP_BUSINESS_POST_ASSOCIATED_SERVICES
    where  INVOICE_NO = #invoiceNo:VARCHAR# FOR READ ONLY
  </select>
  <delete id="abatorgenerated_deleteByPrimaryKey" parameterClass="com.tcs.dop.common.data.bpost.DopBusinessPostAssociatedServicesKey" >
    <!--
      WARNING - This element is automatically generated by Abator for iBATIS, do not modify.
      This element was generated on Fri Nov 15 17:38:08 IST 2013.
    -->
    delete from DOP_BUSINESS_POST_ASSOCIATED_SERVICES
    where INVOICE_NO = #invoiceNo:VARCHAR#
  </delete>
  <insert id="abatorgenerated_insert" parameterClass="com.tcs.dop.common.data.bpost.DopBusinessPostAssociatedServices" >
    <!--
      WARNING - This element is automatically generated by Abator for iBATIS, do not modify.
      This element was generated on Fri Nov 15 17:38:08 IST 2013.
    -->
    insert into DOP_BUSINESS_POST_ASSOCIATED_SERVICES (INVOICE_NO, BUSINESS_POST_ID, BUSINESS_POST_SERVICE_ID, 
    <!--IS_ARTICLE_VOID,--> CREATED_BY, CREATED_ON, MODIFIED_BY,
      MODIFIED_ON)
    values (#invoiceNo:VARCHAR#, #businessPostId:INTEGER#,
      #businessPostServiceId:VARCHAR#,<!--#isArticleVoid:BIT#,--> #createdBy:VARCHAR#, getdate(),
      #modifiedBy:VARCHAR#, getdate())
  </insert>
  <update id="abatorgenerated_updateByPrimaryKey" parameterClass="com.tcs.dop.common.data.bpost.DopBusinessPostAssociatedServices" >
    <!--
      WARNING - This element is automatically generated by Abator for iBATIS, do not modify.
      This element was generated on Fri Nov 15 17:38:08 IST 2013.
    -->
    update DOP_BUSINESS_POST_ASSOCIATED_SERVICES
    set BUSINESS_POST_ID = #businessPostId:INTEGER#,
      BUSINESS_POST_SERVICE_ID = #businessPostServiceId:VARCHAR#,
      CREATED_BY = #createdBy:VARCHAR#,
      CREATED_ON = getdate(),
      MODIFIED_BY = #modifiedBy:VARCHAR#,
      MODIFIED_ON = getdate()
    where INVOICE_NO = #invoiceNo:VARCHAR#
  </update>
  <update id="abatorgenerated_updateByPrimaryKeySelective" parameterClass="com.tcs.dop.common.data.bpost.DopBusinessPostAssociatedServices" >
    <!--
      WARNING - This element is automatically generated by Abator for iBATIS, do not modify.
      This element was generated on Fri Nov 15 17:38:08 IST 2013.
    -->
    update DOP_BUSINESS_POST_ASSOCIATED_SERVICES
    <dynamic prepend="set" >
      <isNotNull prepend="," property="businessPostId" >
        BUSINESS_POST_ID = #businessPostId:INTEGER#
      </isNotNull>
      <isNotNull prepend="," property="businessPostServiceId" >
        BUSINESS_POST_SERVICE_ID = #businessPostServiceId:VARCHAR#
      </isNotNull>
      <isNotNull prepend="," property="createdBy" >
        CREATED_BY = #createdBy:VARCHAR#
      </isNotNull>
      <isNotNull prepend="," property="createdOn" >
        CREATED_ON = getdate()
      </isNotNull>
      <isNotNull prepend="," property="modifiedBy" >
        MODIFIED_BY = #modifiedBy:VARCHAR#
      </isNotNull>
      <isNotNull prepend="," property="modifiedOn" >
        MODIFIED_ON = getdate()
      </isNotNull>
    </dynamic>
    where INVOICE_NO = #invoiceNo:VARCHAR#
  </update>
</sqlMap>