<?xml version="1.0" encoding="UTF-8" ?>
<!DOCTYPE sqlMap PUBLIC "-//ibatis.apache.org//DTD SQL Map 2.0//EN" "http://ibatis.apache.org/dtd/sql-map-2.dtd" >
<sqlMap namespace="POSTAL_DISTANCE_MASTER" >
  <resultMap id="abatorgenerated_PostalDistanceMasterResult" class="com.tcs.postal.common.data.mail.PostalDistanceMaster" >
    <!--
      WARNING - This element is automatically generated by Abator for iBATIS, do not modify.
      This element was generated on Tue Nov 26 15:45:11 GMT+05:30 2013.
    -->
    <result column="DISTANCE_ID" property="distanceId" jdbcType="INTEGER" />
    <result column="MIN_DISTANCE" property="minDistance" jdbcType="REAL" />
    <result column="MAX_DISTANCE" property="maxDistance" jdbcType="REAL" />
    <result column="CREATED_BY" property="createdBy" jdbcType="VARCHAR" />
    <result column="CREATED_ON" property="createdOn" jdbcType="TIMESTAMP" />
    <result column="MODIFIED_BY" property="modifiedBy" jdbcType="VARCHAR" />
    <result column="MODIFIED_ON" property="modifiedOn" jdbcType="TIMESTAMP" />
  </resultMap>
  <!-- Added by 591494 for distance -->
  <resultMap id="abatorgenerated_PostalDistanceMasterResult_new" class="com.tcs.postal.common.data.mail.PostalDistanceMaster" >
    <!--
      WARNING - This element is automatically generated by Abator for iBATIS, do not modify.
      This element was generated on Tue Nov 26 15:45:11 GMT+05:30 2013.
    -->
    <result column="DISTANCE_ID" property="distanceId" jdbcType="INTEGER" />
    <result column="MIN_DISTANCE" property="minDistance" jdbcType="REAL" />
    <result column="MAX_DISTANCE" property="maxDistance" jdbcType="REAL" />
  </resultMap>
  <resultMap id="abatorgenerated_PostalDistanceMasterResult1" class="com.tcs.postal.common.data.mail.PostalDistanceMaster" >
    <!--
      WARNING - This element is automatically generated by Abator for iBATIS, do not modify.
      This element was generated on Tue Nov 26 15:45:11 GMT+05:30 2013.
    -->
    <result column="DISTANCE_ID" property="distanceId" jdbcType="VARCHAR" />
  </resultMap>
  <select id="abatorgenerated_selectByPrimaryKey" resultMap="abatorgenerated_PostalDistanceMasterResult" parameterClass="com.tcs.postal.common.data.mail.PostalDistanceMaster" >
    <!--
      WARNING - This element is automatically generated by Abator for iBATIS, do not modify.
      This element was generated on Tue Nov 26 15:45:11 GMT+05:30 2013.
    -->
    select DISTANCE_ID, MIN_DISTANCE, MAX_DISTANCE, CREATED_BY, CREATED_ON, MODIFIED_BY, MODIFIED_ON
    from POSTAL_DISTANCE_MASTER
    where DISTANCE_ID = #distanceId:INTEGER# FOR READ ONLY
  </select>
  <!-- Added by 591494 for Distance -->
  <select id="abatorgenerated_selectDistances" resultMap="abatorgenerated_PostalDistanceMasterResult_new" parameterClass="com.tcs.postal.common.data.mail.PostalDistanceMaster" >
    <!--
      WARNING - This element is automatically generated by Abator for iBATIS, do not modify.
      This element was generated on Tue Nov 26 15:45:11 GMT+05:30 2013.
    -->
    select DISTANCE_ID, MIN_DISTANCE, MAX_DISTANCE
    from POSTAL_DISTANCE_MASTER where SERVICE_ID = #serviceId:VARCHAR# FOR READ ONLY
  </select>
  <delete id="abatorgenerated_deleteByPrimaryKey" parameterClass="com.tcs.postal.common.data.mail.PostalDistanceMaster" >
    <!--
      WARNING - This element is automatically generated by Abator for iBATIS, do not modify.
      This element was generated on Tue Nov 26 15:45:11 GMT+05:30 2013.
    -->
    delete from POSTAL_DISTANCE_MASTER
    where DISTANCE_ID = #distanceId:INTEGER#
  </delete>
  <insert id="abatorgenerated_insert" parameterClass="com.tcs.postal.common.data.mail.PostalDistanceMaster" >
    <!--
      WARNING - This element is automatically generated by Abator for iBATIS, do not modify.
      This element was generated on Tue Nov 26 15:45:11 GMT+05:30 2013.
    -->
    insert into POSTAL_DISTANCE_MASTER (DISTANCE_ID, MIN_DISTANCE, MAX_DISTANCE, CREATED_BY,
      CREATED_ON, MODIFIED_BY, MODIFIED_ON)
    values (#distanceId:INTEGER#, #minDistance:REAL#, #maxDistance:REAL#, #createdBy:VARCHAR#,
      getdate(), #modifiedBy:VARCHAR#, getdate())
  </insert>
  <update id="abatorgenerated_updateByPrimaryKey" parameterClass="com.tcs.postal.common.data.mail.PostalDistanceMaster" >
    <!--
      WARNING - This element is automatically generated by Abator for iBATIS, do not modify.
      This element was generated on Tue Nov 26 15:45:11 GMT+05:30 2013.
    -->
    update POSTAL_DISTANCE_MASTER
    set MIN_DISTANCE = #minDistance:REAL#,
      MAX_DISTANCE = #maxDistance:REAL#,
      CREATED_BY = #createdBy:VARCHAR#,
      CREATED_ON = getdate(),
      MODIFIED_BY = #modifiedBy:VARCHAR#,
      MODIFIED_ON = getdate()
    where DISTANCE_ID = #distanceId:INTEGER#
  </update>
  <update id="abatorgenerated_updateByPrimaryKeySelective" parameterClass="com.tcs.postal.common.data.mail.PostalDistanceMaster" >
    <!--
      WARNING - This element is automatically generated by Abator for iBATIS, do not modify.
      This element was generated on Tue Nov 26 15:45:11 GMT+05:30 2013.
    -->
    update POSTAL_DISTANCE_MASTER
    <dynamic prepend="set" >
      <isNotNull prepend="," property="minDistance" >
        MIN_DISTANCE = #minDistance:REAL#
      </isNotNull>
      <isNotNull prepend="," property="maxDistance" >
        MAX_DISTANCE = #maxDistance:REAL#
      </isNotNull>
      <isNotNull prepend="," property="createdBy" >
        CREATED_BY = #createdBy:VARCHAR#
      </isNotNull>
      <isNotNull prepend="," property="createdOn" >
        CREATED_ON = getdate()
      </isNotNull>
      <isNotNull prepend="," property="modifiedBy" >
        MODIFIED_BY = #modifiedBy:VARCHAR#
      </isNotNull>
      <isNotNull prepend="," property="modifiedOn" >
        MODIFIED_ON = getdate()
      </isNotNull>
    </dynamic>
    where DISTANCE_ID = #distanceId:INTEGER#
  </update>
  <select id="getDistanceID" resultClass="java.lang.String" parameterClass="com.tcs.postal.common.data.mail.PostalDistanceMaster" >
    <!--
      WARNING - This element is automatically generated by Abator for iBATIS, do not modify.
      This element was generated on Tue Nov 26 15:45:11 GMT+05:30 2013.
    -->
    select DISTANCE_ID from POSTAL_DISTANCE_MASTER where #minDistance:REAL# &lt; distance and #maxDistance:REAL# &gt; distance FOR READ ONLY
  </select>
  
  <select id="getSpeedPostDistanceID" resultMap="abatorgenerated_PostalDistanceMasterResult" parameterClass="com.tcs.postal.common.data.mail.PostalDistanceMaster" >
    <!--
      WARNING - This element is automatically generated by Abator for iBATIS, do not modify.
      This element was generated on Tue Nov 26 15:45:11 GMT+05:30 2013.
    -->
   select * from POSTAL_DISTANCE_MASTER where SERVICE_ID=#serviceId:VARCHAR# and #distance:REAL# BETWEEN MIN_DISTANCE and MAX_DISTANCE FOR READ ONLY
  </select>
  
</sqlMap>