<?xml version="1.0" encoding="UTF-8" ?>
<!DOCTYPE sqlMap PUBLIC "-//ibatis.apache.org//DTD SQL Map 2.0//EN" "http://ibatis.apache.org/dtd/sql-map-2.dtd" >
<sqlMap namespace="POSTAL_FREQUENTLY_USED_ADDRESS_MASTER" >
  <resultMap id="abatorgenerated_PostalFrequentlyUsedAddressMasterResult" class="com.tcs.pos.common.data.frqntlyusedaddress.PostalFrequentlyUsedAddressMaster" >
    <!--
      WARNING - This element is automatically generated by Abator for iBATIS, do not modify.
      This element was generated on Wed Nov 20 12:10:30 IST 2013.
    -->
    <result column="FREQUENTLY_USED_ADDRESS_ID" property="frequentlyUsedAddressId" jdbcType="INTEGER" />
    <result column="NAME" property="name" jdbcType="VARCHAR" />
    <result column="ADDRESS1" property="address1" jdbcType="VARCHAR" />
    <result column="ADDRESS2" property="address2" jdbcType="VARCHAR" />
    <result column="ADDRESS3" property="address3" jdbcType="VARCHAR" />
    <result column="CITY" property="city" jdbcType="VARCHAR" />
    <result column="STATE" property="state" jdbcType="VARCHAR" />
    <result column="ZIP" property="zip" jdbcType="INTEGER" />
    <result column="CREATED_BY" property="createdBy" jdbcType="VARCHAR" />
    <result column="CREATED_ON" property="createdOn" jdbcType="TIMESTAMP" />
    <result column="MODIFIED_BY" property="modifiedBy" jdbcType="VARCHAR" />
    <result column="MODIFIED_ON" property="modifiedOn" jdbcType="TIMESTAMP" />
  </resultMap>
  <select id="abatorgenerated_selectByPrimaryKey" resultMap="abatorgenerated_PostalFrequentlyUsedAddressMasterResult" parameterClass="com.tcs.pos.common.data.frqntlyusedaddress.PostalFrequentlyUsedAddressMaster" >
    <!--
      WARNING - This element is automatically generated by Abator for iBATIS, do not modify.
      This element was generated on Wed Nov 20 12:10:30 IST 2013.
    -->
    select FREQUENTLY_USED_ADDRESS_ID, NAME, ADDRESS1, ADDRESS2, ADDRESS3, CITY, STATE, ZIP,
      CREATED_BY, CREATED_ON, MODIFIED_BY, MODIFIED_ON
    from POSTAL_FREQUENTLY_USED_ADDRESS_MASTER
    where FREQUENTLY_USED_ADDRESS_ID = #frequentlyUsedAddressId:INTEGER# FOR READ ONLY
  </select>
  <delete id="abatorgenerated_deleteByPrimaryKey" parameterClass="com.tcs.pos.common.data.frqntlyusedaddress.PostalFrequentlyUsedAddressMaster" >
    <!--
      WARNING - This element is automatically generated by Abator for iBATIS, do not modify.
      This element was generated on Wed Nov 20 12:10:30 IST 2013.
    -->
    delete from POSTAL_FREQUENTLY_USED_ADDRESS_MASTER
    where FREQUENTLY_USED_ADDRESS_ID = #frequentlyUsedAddressId:INTEGER#
  </delete>
  
  
  
  
  <!-- Added by Aniruddha to get the max value -->
  <select id="abatorgenerated_selectId" resultClass="java.lang.Integer" >
    select count(*)
    from POSTAL_FREQUENTLY_USED_ADDRESS_MASTER FOR READ ONLY
  </select>
  
  
  
  
  
  
  <insert id="abatorgenerated_insert" parameterClass="com.tcs.pos.common.data.frqntlyusedaddress.PostalFrequentlyUsedAddressMaster" >
    <!--
      WARNING - This element is automatically generated by Abator for iBATIS, do not modify.
      This element was generated on Wed Nov 20 12:10:30 IST 2013.
    -->
    insert into POSTAL_FREQUENTLY_USED_ADDRESS_MASTER ( NAME, ADDRESS1,
      ADDRESS2, ADDRESS3, CITY, STATE, ZIP, CREATED_BY, CREATED_ON, MODIFIED_BY, MODIFIED_ON, MOBILE, EMAIL, ADDRESS_TYPE)
    values (#name:VARCHAR#, #address1:VARCHAR#,
      #address2:VARCHAR#, #address3:VARCHAR#, #city:VARCHAR#, #state:VARCHAR#, #zip:INTEGER#,
      #createdBy:VARCHAR#, getdate(), #modifiedBy:VARCHAR#, getdate(), #mobileNo:VARCHAR#, #emailID:VARCHAR#,
      #addressType:VARCHAR#)
  </insert>
  <update id="abatorgenerated_updateByPrimaryKey" parameterClass="com.tcs.pos.common.data.frqntlyusedaddress.PostalFrequentlyUsedAddressMaster" >
    <!--
      WARNING - This element is automatically generated by Abator for iBATIS, do not modify.
      This element was generated on Wed Nov 20 12:10:30 IST 2013.
    -->
    update POSTAL_FREQUENTLY_USED_ADDRESS_MASTER
    set NAME = #name:VARCHAR#,
      ADDRESS1 = #address1:VARCHAR#,
      ADDRESS2 = #address2:VARCHAR#,
      ADDRESS3 = #address3:VARCHAR#,
      CITY = #city:VARCHAR#,
      STATE = #state:VARCHAR#,
      ZIP = #zip:INTEGER#,
      CREATED_BY = #createdBy:VARCHAR#,
      CREATED_ON = getdate(),
      MODIFIED_BY = #modifiedBy:VARCHAR#,
      MODIFIED_ON = getdate()
    where FREQUENTLY_USED_ADDRESS_ID = #frequentlyUsedAddressId:INTEGER#
  </update>
  <update id="abatorgenerated_updateByPrimaryKeySelective" parameterClass="com.tcs.pos.common.data.frqntlyusedaddress.PostalFrequentlyUsedAddressMaster" >
    <!--
      WARNING - This element is automatically generated by Abator for iBATIS, do not modify.
      This element was generated on Wed Nov 20 12:10:30 IST 2013.
    -->
    update POSTAL_FREQUENTLY_USED_ADDRESS_MASTER
    <dynamic prepend="set" >
      <isNotNull prepend="," property="name" >
        NAME = #name:VARCHAR#
      </isNotNull>
      <isNotNull prepend="," property="address1" >
        ADDRESS1 = #address1:VARCHAR#
      </isNotNull>
      <isNotNull prepend="," property="address2" >
        ADDRESS2 = #address2:VARCHAR#
      </isNotNull>
      <isNotNull prepend="," property="address3" >
        ADDRESS3 = #address3:VARCHAR#
      </isNotNull>
      <isNotNull prepend="," property="city" >
        CITY = #city:VARCHAR#
      </isNotNull>
      <isNotNull prepend="," property="state" >
        STATE = #state:VARCHAR#
      </isNotNull>
      <isNotNull prepend="," property="zip" >
        ZIP = #zip:INTEGER#
      </isNotNull>
      <isNotNull prepend="," property="createdBy" >
        CREATED_BY = #createdBy:VARCHAR#
      </isNotNull>
      <isNotNull prepend="," property="createdOn" >
        CREATED_ON = getdate()
      </isNotNull>
      <isNotNull prepend="," property="modifiedBy" >
        MODIFIED_BY = #modifiedBy:VARCHAR#
      </isNotNull>
      <isNotNull prepend="," property="modifiedOn" >
        MODIFIED_ON = getdate()
      </isNotNull>
    </dynamic>
    where FREQUENTLY_USED_ADDRESS_ID = #frequentlyUsedAddressId:INTEGER#
  </update>
  
  <resultMap id="abatorgenerated_PostalFrequentlyUsedAddressMasterResultSearch" class="com.tcs.pos.common.data.frqntlyusedaddress.PostalFrequentlyUsedAddressMaster" >
    <!--
      WARNING - This element is automatically generated by Abator for iBATIS, do not modify.
      This element was generated on Wed Nov 20 12:10:30 IST 2013.
    -->
    <result column="FREQUENTLY_USED_ADDRESS_ID" property="frequentlyUsedAddressId" jdbcType="INTEGER" />
    <result column="NAME" property="name" jdbcType="VARCHAR" />
    <result column="ADDRESS1" property="address1" jdbcType="VARCHAR" />
    <result column="ADDRESS2" property="address2" jdbcType="VARCHAR" />
    <result column="ADDRESS3" property="address3" jdbcType="VARCHAR" />
    <result column="CITY" property="city" jdbcType="VARCHAR" />
    <result column="STATE" property="state" jdbcType="VARCHAR" />
    <result column="ZIP" property="zip" jdbcType="INTEGER" />
    <result column="CREATED_BY" property="createdBy" jdbcType="VARCHAR" />
    <result column="CREATED_ON" property="createdOn" jdbcType="TIMESTAMP" />
    <result column="MODIFIED_BY" property="modifiedBy" jdbcType="VARCHAR" />
    <result column="MODIFIED_ON" property="modifiedOn" jdbcType="TIMESTAMP" />
    <result column="MOBILE" property="mobileNo" jdbcType="VARCHAR" />
    <result column="EMAIL" property="emailID" jdbcType="VARCHAR" />
    <result column="STATE_NAME" property="stateName" jdbcType="VARCHAR" />
    <result column="CUSTOMER_ID" property="customerId" jdbcType="VARCHAR" />
    <result column="ADDRESS_TYPE" property="addressType" jdbcType="VARCHAR" />
  </resultMap>
  
  <select id="getFreqAddressList" resultMap="abatorgenerated_PostalFrequentlyUsedAddressMasterResultSearch" parameterClass="com.tcs.pos.common.data.frqntlyusedaddress.PostalFrequentlyUsedAddressMaster" >
    <!-- 
    WARNING - This element is automatically generated by Abator for iBATIS, do not modify.
    This element was generated on Wed Nov 20 12:10:30 IST 2013.
    -->
    select psuam.FREQUENTLY_USED_ADDRESS_ID, psuam.NAME, psuam.ADDRESS1, psuam.ADDRESS2, psuam.ADDRESS3, psuam.CITY, psuam.STATE, psuam.ZIP,
      psuam.CREATED_BY, psuam.CREATED_ON, psuam.MODIFIED_BY, psuam.MODIFIED_ON, psuam.MOBILE, psuam.EMAIL, dscm.STATE_NAME as STATE_NAME,
      psuam.CUSTOMER_ID, psuam.ADDRESS_TYPE
    from POSTAL_FREQUENTLY_USED_ADDRESS_MASTER psuam inner join DOP_STATE_CUSTOMER_MASTER dscm on psuam.STATE=dscm.STATE_CODE
    where psuam.NAME like #name#||'%' FOR READ ONLY 
  </select>
  
  <select id="getFreqAddressListByMobileNo" resultMap="abatorgenerated_PostalFrequentlyUsedAddressMasterResultSearch" parameterClass="com.tcs.pos.common.data.frqntlyusedaddress.PostalFrequentlyUsedAddressMaster" >
    select psuam.FREQUENTLY_USED_ADDRESS_ID, psuam.NAME, psuam.ADDRESS1, psuam.ADDRESS2, psuam.ADDRESS3, psuam.CITY, psuam.STATE, psuam.ZIP,
      psuam.CREATED_BY, psuam.CREATED_ON, psuam.MODIFIED_BY, psuam.MODIFIED_ON, psuam.MOBILE, psuam.EMAIL, dscm.STATE_NAME as STATE_NAME,
      psuam.CUSTOMER_ID, psuam.ADDRESS_TYPE
    from POSTAL_FREQUENTLY_USED_ADDRESS_MASTER psuam inner join DOP_STATE_CUSTOMER_MASTER dscm on psuam.STATE=dscm.STATE_CODE
    where psuam.MOBILE like #mobileNo#||'%' FOR READ ONLY 
  </select>
  
  
    <resultMap id="abatorgenerated_getprepaidModeSelection" class="com.tcs.pos.common.data.frqntlyusedaddress.PostalPrepaidTypeMaster" >
    <!--
      WARNING - This element is automatically generated by Abator for iBATIS, do not modify.
      This element was generated on Wed Nov 20 12:10:30 IST 2013.
    -->
    <result column="PREPAID_ID" property="prepaidID" jdbcType="VARCHAR" />
    <result column="PREPAID_DESCRIPTION" property="prepaidDescribtion" jdbcType="VARCHAR" />
    <result column="CREATED_BY" property="createdBy" jdbcType="VARCHAR" />
    <result column="CREATED_ON" property="createdOn" jdbcType="TIMESTAMP" />
    <result column="MODIFIED_BY" property="modifiedBy" jdbcType="VARCHAR" />
    <result column="MODIFIED_ON" property="modifiedOn" jdbcType="TIMESTAMP" />
   
  </resultMap>
  
  <select id="getprepaidModeSelection" resultMap="abatorgenerated_getprepaidModeSelection">
   SELECT * FROM POSTAL_PREPAID_TYPE_MASTER ORDER BY PREPAID_ID DESC
   FOR READ ONLY 
  </select>
</sqlMap>