<?xml version="1.0" encoding="UTF-8" ?>
<!DOCTYPE sqlMap PUBLIC "-//ibatis.apache.org//DTD SQL Map 2.0//EN" "http://ibatis.apache.org/dtd/sql-map-2.dtd" >
<sqlMap namespace="POSTAL_BILLER_RECEIPT_GENERATOR_MASTER" >
  <resultMap id="abatorgenerated_PostalBillerReceiptGeneratorResult" class="com.tcs.postal.common.data.tps.PostalBillerReceiptGenerator" >
    <!--
      WARNING - This element is automatically generated by Abator for iBATIS, do not modify.
      This element was generated on Wed Nov 06 12:36:18 IST 2013.
    -->
    <result column="BILLER_ID" property="billerId" jdbcType="INTEGER" />
    <result column="BILLER_RECEIPT_FLAG" property="billerReceiptFlag" jdbcType="CHAR" />
    <result column="CREATED_BY" property="createdBy" jdbcType="VARCHAR" />
    <result column="CREATED_ON" property="createdOn" jdbcType="TIMESTAMP" />
    <result column="MODIFIED_BY" property="modifiedBy" jdbcType="VARCHAR" />
    <result column="MODIFIED_ON" property="modifiedOn" jdbcType="TIMESTAMP" />
    <result column="PREFIX_BILLER_RECEIPT_NO" property="prefixBillerReceiptNo" jdbcType="VARCHAR" />
    <result column="MIDDLE_BILLER_RECEIPT_NO" property="middleBillerReceiptNo" jdbcType="VARCHAR" />
    <result column="SUFFIX_BILLER_RECEIPT_NO" property="suffixBillerReceiptNo" jdbcType="VARCHAR" />
  </resultMap>
  <resultMap id="billerReceiptNoResult" class="com.tcs.postal.common.data.tps.PostalBillerReceiptGenerator" >
   <result column="BILLER_RECEIPT_FLAG" property="billerReceiptFlag" jdbcType="CHAR" />
   <result column="PREFIX_BILLER_RECEIPT_NO" property="prefixBillerReceiptNo" jdbcType="VARCHAR" />
    <result column="MIDDLE_BILLER_RECEIPT_NO" property="middleBillerReceiptNo" jdbcType="VARCHAR" />
    <result column="SUFFIX_BILLER_RECEIPT_NO" property="suffixBillerReceiptNo" jdbcType="VARCHAR" />
  </resultMap>
  <select id="abatorgenerated_selectByPrimaryKey" resultMap="abatorgenerated_PostalBillerReceiptGeneratorResult" parameterClass="com.tcs.postal.common.data.tps.PostalBillerReceiptGenerator" >
    <!--
      WARNING - This element is automatically generated by Abator for iBATIS, do not modify.
      This element was generated on Wed Nov 06 12:36:18 IST 2013.
    -->
    select BILLER_ID, BILLER_RECEIPT_FLAG, CREATED_BY, CREATED_ON,
      MODIFIED_BY, MODIFIED_ON, PREFIX_BILLER_RECEIPT_NO,
	MIDDLE_BILLER_RECEIPT_NO, SUFFIX_BILLER_RECEIPT_NO
    from POSTAL_BILLER_RECEIPT_GENERATOR
    where BILLER_ID = #billerId:INTEGER# FOR READ ONLY
  </select>
  <delete id="abatorgenerated_deleteByPrimaryKey" parameterClass="com.tcs.postal.common.data.tps.PostalBillerReceiptGenerator" >
    <!--
      WARNING - This element is automatically generated by Abator for iBATIS, do not modify.
      This element was generated on Wed Nov 06 12:36:18 IST 2013.
    -->
    delete from POSTAL_BILLER_RECEIPT_GENERATOR_MASTER
    where BILLER_ID = #billerId:INTEGER#
  </delete>
  <insert id="abatorgenerated_insert" parameterClass="com.tcs.postal.common.data.tps.PostalBillerReceiptGenerator" >
    <!--
      WARNING - This element is automatically generated by Abator for iBATIS, do not modify.
      This element was generated on Wed Nov 06 12:36:18 IST 2013.
    -->
    insert into POSTAL_BILLER_RECEIPT_GENERATOR_MASTER (BILLER_ID, BILLER_RECEIPT_FLAG,
      CREATED_BY, CREATED_ON, MODIFIED_BY, MODIFIED_ON, PREFIX_BILLER_RECEIPT_NO,
	MIDDLE_BILLER_RECEIPT_NO, SUFFIX_BILLER_RECEIPT_NO)
    values (#billerId:INTEGER#, #billerReceiptFlag:CHAR#,#createdBy:VARCHAR#, getdate(), 
    #modifiedBy:VARCHAR#, getdate(), #prefixBillerReceiptNo:VARCHAR#, #middleBillerReceiptNo:VARCHAR#,
    #suffixBillerReceiptNo:VARCHAR#)
  </insert>
  <update id="abatorgenerated_updateByPrimaryKey" parameterClass="com.tcs.postal.common.data.tps.PostalBillerReceiptGenerator" >
    <!--
      WARNING - This element is automatically generated by Abator for iBATIS, do not modify.
      This element was generated on Wed Nov 06 12:36:18 IST 2013.
    -->
    update POSTAL_BILLER_RECEIPT_GENERATOR_MASTER
    set BILLER_RECEIPT_FLAG = #billerReceiptFlag:CHAR#,
      LAST_USED_BILLER_RECEIPT_NO = #lastUsedBillerReceiptNo:VARCHAR#,
      CREATED_BY = #createdBy:VARCHAR#,
      CREATED_ON = getdate(),
      MODIFIED_BY = #modifiedBy:VARCHAR#,
      MODIFIED_ON = getdate()
    where BILLER_ID = #billerId:INTEGER#
  </update>
  <update id="abatorgenerated_updateByPrimaryKeySelective" parameterClass="com.tcs.postal.common.data.tps.PostalBillerReceiptGenerator" >
    <!--
      WARNING - This element is automatically generated by Abator for iBATIS, do not modify.
      This element was generated on Wed Nov 06 12:36:18 IST 2013.
    -->
    update POSTAL_BILLER_RECEIPT_GENERATOR_MASTER
    <dynamic prepend="set" >
      <isNotNull prepend="," property="billerReceiptFlag" >
        BILLER_RECEIPT_FLAG = #billerReceiptFlag:CHAR#
      </isNotNull>
      <isNotNull prepend="," property="createdBy" >
        CREATED_BY = #createdBy:VARCHAR#
      </isNotNull>
      <isNotNull prepend="," property="createdOn" >
        CREATED_ON = getdate()
      </isNotNull>
      <isNotNull prepend="," property="modifiedBy" >
        MODIFIED_BY = #modifiedBy:VARCHAR#
      </isNotNull>
      <isNotNull prepend="," property="modifiedOn" >
        MODIFIED_ON = getdate()
      </isNotNull>
      <isNotNull prepend="," property="prefixBillerReceiptNo" >
        PREFIX_BILLER_RECEIPT_NO = #prefixBillerReceiptNo:VARCHAR#
      </isNotNull>
      <isNotNull prepend="," property="middleBillerReceiptNo" >
        MIDDLE_BILLER_RECEIPT_NO = #middleBillerReceiptNo:VARCHAR#
      </isNotNull>
      <isNotNull prepend="," property="suffixBillerReceiptNo" >
        SUFFIX_BILLER_RECEIPT_NO = #suffixBillerReceiptNo:VARCHAR#
      </isNotNull>
      
    </dynamic>
    where BILLER_ID = #billerId:INTEGER#
  </update>
  <select id="getBillerReceiptNo" resultMap="billerReceiptNoResult" parameterClass="com.tcs.postal.common.data.tps.PostalBillerReceiptGenerator" >
    
    select BILLER_RECEIPT_FLAG, PREFIX_BILLER_RECEIPT_NO,
	MIDDLE_BILLER_RECEIPT_NO, SUFFIX_BILLER_RECEIPT_NO
    from POSTAL_BILLER_RECEIPT_GENERATOR_MASTER
    where BILLER_ID = #billerId:INTEGER# FOR READ ONLY
  </select>
  <update id="updateBillerReceiptNo" parameterClass="com.tcs.postal.common.data.tps.PostalBillerReceiptGenerator" >
  
    update POSTAL_BILLER_RECEIPT_GENERATOR_MASTER
    set MIDDLE_BILLER_RECEIPT_NO = #middleBillerReceiptNo:VARCHAR#,
      MODIFIED_BY = #modifiedBy:VARCHAR#,
      MODIFIED_ON = getdate()
    where BILLER_ID = #billerId:INTEGER#
  </update>
</sqlMap>