<?xml version="1.0" encoding="UTF-8" ?>
<!DOCTYPE sqlMap PUBLIC "-//ibatis.apache.org//DTD SQL Map 2.0//EN" "http://ibatis.apache.org/dtd/sql-map-2.dtd" >
<sqlMap namespace="dop_postal_life_insurance" >
  <resultMap id="abatorgenerated_DopPostalLifeInsuranceResult" class="com.tcs.dop.pos.common.data.pli.DopPostalLifeInsurance" >
    <!--
      WARNING - This element is automatically generated by Abator for iBATIS, do not modify.
      This element was generated on Sun May 12 11:31:01 IST 2013.
    -->
    <result column="policy_number" property="policyNumber" jdbcType="VARCHAR" />
    <result column="reference_number" property="referenceNumber" jdbcType="VARCHAR" />
    <result column="new_renew" property="newRenew" jdbcType="VARCHAR" />
    <result column="policy_holder_name" property="policyHolderName" jdbcType="VARCHAR" />
    <result column="policy_holder_address" property="policyHolderAddress" jdbcType="VARCHAR" />
    <result column="policy_type" property="policyType" jdbcType="VARCHAR" />
    <result column="sum_assured" property="sumAssured" jdbcType="DOUBLE" />
    <result column="age_at_maturity" property="ageAtMaturity" jdbcType="INTEGER" />
    <result column="policy_holder_dob" property="policyHolderDob" jdbcType="TIMESTAMP" />
    <result column="payment_mode" property="paymentMode" jdbcType="VARCHAR" />
    <result column="premium_amount" property="premiumAmount" jdbcType="DOUBLE" />
    <result column="late_fee" property="lateFee" jdbcType="DOUBLE" />
    <result column="nominee_name" property="nomineeName" jdbcType="VARCHAR" />
    <result column="nominee_address" property="nomineeAddress" jdbcType="VARCHAR" />
    <result column="nominee_dob" property="nomineeDob" jdbcType="TIMESTAMP" />
    <result column="agent_code" property="agentCode" jdbcType="VARCHAR" />
    <result column="transaction_date" property="transactionDate" jdbcType="TIMESTAMP" />
    <result column="transaction_total" property="transactionTotal" jdbcType="DOUBLE" />
    <result column="next_premium" property="nextPremium" jdbcType="TIMESTAMP" />
    <result column="created_by" property="createdBy" jdbcType="VARCHAR" />
    <result column="created_on" property="createdOn" jdbcType="TIMESTAMP" />
    <result column="modified_by" property="modifiedBy" jdbcType="VARCHAR" />
    <result column="modified_on" property="modifiedOn" jdbcType="TIMESTAMP" />
  </resultMap>
  <resultMap id="abatorgenerated_retrieveLastTxnRecord" class="com.tcs.dop.pos.common.data.pli.DopPostalLifeInsurance" >
    <!--
      WARNING - This element is automatically generated by Abator for iBATIS, do not modify.
      This element was generated on Sun May 12 11:31:01 IST 2013.
    -->
    <result column="policy_number" property="policyNumber" jdbcType="VARCHAR" />
    <result column="new_renew" property="newRenew" jdbcType="VARCHAR" />
    <result column="policy_holder_name" property="policyHolderName" jdbcType="VARCHAR" />
    <result column="policy_holder_address" property="policyHolderAddress" jdbcType="VARCHAR" />
    <result column="policy_type" property="policyType" jdbcType="VARCHAR" />
    <result column="sum_assured" property="sumAssured" jdbcType="DOUBLE" />
    <result column="age_at_maturity" property="ageAtMaturity" jdbcType="INTEGER" />
    <result column="policy_holder_dob" property="policyHolderDob" jdbcType="TIMESTAMP" />
    <result column="payment_mode" property="paymentMode" jdbcType="VARCHAR" />
    <result column="premium_amount" property="premiumAmount" jdbcType="DOUBLE" />
    <result column="late_fee" property="lateFee" jdbcType="DOUBLE" />
    <result column="agent_code" property="agentCode" jdbcType="VARCHAR" />
    <result column="transaction_date" property="transactionDate" jdbcType="TIMESTAMP" />
    <result column="transaction_total" property="transactionTotal" jdbcType="DOUBLE" />
    <result column="next_premium" property="nextPremium" jdbcType="TIMESTAMP" />
    <result column="nominee_name" property="nomineeName" jdbcType="VARCHAR" />
    <result column="nominee_address" property="nomineeAddress" jdbcType="VARCHAR" />
    <result column="nominee_dob" property="nomineeDob" jdbcType="TIMESTAMP" />
  </resultMap>
  <select id="abatorgenerated_selectByPrimaryKey" resultMap="abatorgenerated_DopPostalLifeInsuranceResult" parameterClass="com.tcs.dop.pos.common.data.pli.DopPostalLifeInsuranceKey" >
    <!--
      WARNING - This element is automatically generated by Abator for iBATIS, do not modify.
      This element was generated on Sun May 12 11:31:01 IST 2013.
    -->
    select policy_number, reference_number, new_renew, policy_holder_name, policy_holder_address,
      policy_type, sum_assured, age_at_maturity, policy_holder_dob, payment_mode, premium_amount,
      late_fee, nominee_name, nominee_address, nominee_dob, agent_code, transaction_date,
      transaction_total, next_premium, created_by, created_on, modified_by, modified_on
    from dop_postal_life_insurance
    where policy_number = #policyNumber:VARCHAR#
      and reference_number = #referenceNumber:VARCHAR# FOR READ ONLY
  </select>
  <delete id="abatorgenerated_deleteByPrimaryKey" parameterClass="com.tcs.dop.pos.common.data.pli.DopPostalLifeInsuranceKey" >
    <!--
      WARNING - This element is automatically generated by Abator for iBATIS, do not modify.
      This element was generated on Sun May 12 11:31:01 IST 2013.
    -->
    delete from dop_postal_life_insurance
    where policy_number = #policyNumber:VARCHAR#
      and reference_number = #referenceNumber:VARCHAR#
  </delete>
  <insert id="abatorgenerated_insert" parameterClass="com.tcs.dop.pos.common.data.pli.DopPostalLifeInsurance" >
    <!--
      WARNING - This element is automatically generated by Abator for iBATIS, do not modify.
      This element was generated on Sun May 12 11:31:01 IST 2013.
    -->
    insert into dop_postal_life_insurance (policy_number, reference_number, new_renew,
      policy_holder_name, policy_holder_address, policy_type, sum_assured, age_at_maturity,
      policy_holder_dob, payment_mode, premium_amount, late_fee, nominee_name, nominee_address,
      nominee_dob, agent_code, transaction_date, transaction_total, next_premium, created_by,
      created_on, modified_by, modified_on)
    values (#policyNumber:VARCHAR#, #referenceNumber:VARCHAR#, #newRenew:VARCHAR#,
      #policyHolderName:VARCHAR#, #policyHolderAddress:VARCHAR#, #policyType:VARCHAR#,
      #sumAssured:DOUBLE#, #ageAtMaturity:INTEGER#, #policyHolderDob:TIMESTAMP#,
      #paymentMode:VARCHAR#, #premiumAmount:DOUBLE#, #lateFee:DOUBLE#, #nomineeName:VARCHAR#,
      #nomineeAddress:VARCHAR#, #nomineeDob:TIMESTAMP#, #agentCode:VARCHAR#,
      #transactionDate:TIMESTAMP#, #transactionTotal:DOUBLE#, #nextPremium:TIMESTAMP#,
      #createdBy:VARCHAR#, getdate(), #modifiedBy:VARCHAR#, getdate())
  </insert>
  <update id="abatorgenerated_updateByPrimaryKey" parameterClass="com.tcs.dop.pos.common.data.pli.DopPostalLifeInsurance" >
    <!--
      WARNING - This element is automatically generated by Abator for iBATIS, do not modify.
      This element was generated on Sun May 12 11:31:01 IST 2013.
    -->
    update dop_postal_life_insurance
    set new_renew = #newRenew:VARCHAR#,
      policy_holder_name = #policyHolderName:VARCHAR#,
      policy_holder_address = #policyHolderAddress:VARCHAR#,
      policy_type = #policyType:VARCHAR#,
      sum_assured = #sumAssured:DOUBLE#,
      age_at_maturity = #ageAtMaturity:INTEGER#,
      policy_holder_dob = #policyHolderDob:TIMESTAMP#,
      payment_mode = #paymentMode:VARCHAR#,
      premium_amount = #premiumAmount:DOUBLE#,
      late_fee = #lateFee:DOUBLE#,
      nominee_name = #nomineeName:VARCHAR#,
      nominee_address = #nomineeAddress:VARCHAR#,
      nominee_dob = #nomineeDob:TIMESTAMP#,
      agent_code = #agentCode:VARCHAR#,
      transaction_date = #transactionDate:TIMESTAMP#,
      transaction_total = #transactionTotal:DOUBLE#,
      next_premium = #nextPremium:TIMESTAMP#,
      created_by = #createdBy:VARCHAR#,
      created_on = getdate(),
      modified_by = #modifiedBy:VARCHAR#,
      modified_on = getdate()
    where policy_number = #policyNumber:VARCHAR#
      and reference_number = #referenceNumber:VARCHAR#
  </update>
  <update id="abatorgenerated_updateByPrimaryKeySelective" parameterClass="com.tcs.dop.pos.common.data.pli.DopPostalLifeInsurance" >
    <!--
      WARNING - This element is automatically generated by Abator for iBATIS, do not modify.
      This element was generated on Sun May 12 11:31:01 IST 2013.
    -->
    update dop_postal_life_insurance
    <dynamic prepend="set" >
      <isNotNull prepend="," property="newRenew" >
        new_renew = #newRenew:VARCHAR#
      </isNotNull>
      <isNotNull prepend="," property="policyHolderName" >
        policy_holder_name = #policyHolderName:VARCHAR#
      </isNotNull>
      <isNotNull prepend="," property="policyHolderAddress" >
        policy_holder_address = #policyHolderAddress:VARCHAR#
      </isNotNull>
      <isNotNull prepend="," property="policyType" >
        policy_type = #policyType:VARCHAR#
      </isNotNull>
      <isNotNull prepend="," property="sumAssured" >
        sum_assured = #sumAssured:DOUBLE#
      </isNotNull>
      <isNotNull prepend="," property="ageAtMaturity" >
        age_at_maturity = #ageAtMaturity:INTEGER#
      </isNotNull>
      <isNotNull prepend="," property="policyHolderDob" >
        policy_holder_dob = #policyHolderDob:TIMESTAMP#
      </isNotNull>
      <isNotNull prepend="," property="paymentMode" >
        payment_mode = #paymentMode:VARCHAR#
      </isNotNull>
      <isNotNull prepend="," property="premiumAmount" >
        premium_amount = #premiumAmount:DOUBLE#
      </isNotNull>
      <isNotNull prepend="," property="lateFee" >
        late_fee = #lateFee:DOUBLE#
      </isNotNull>
      <isNotNull prepend="," property="nomineeName" >
        nominee_name = #nomineeName:VARCHAR#
      </isNotNull>
      <isNotNull prepend="," property="nomineeAddress" >
        nominee_address = #nomineeAddress:VARCHAR#
      </isNotNull>
      <isNotNull prepend="," property="nomineeDob" >
        nominee_dob = #nomineeDob:TIMESTAMP#
      </isNotNull>
      <isNotNull prepend="," property="agentCode" >
        agent_code = #agentCode:VARCHAR#
      </isNotNull>
      <isNotNull prepend="," property="transactionDate" >
        transaction_date = #transactionDate:TIMESTAMP#
      </isNotNull>
      <isNotNull prepend="," property="transactionTotal" >
        transaction_total = #transactionTotal:DOUBLE#
      </isNotNull>
      <isNotNull prepend="," property="nextPremium" >
        next_premium = #nextPremium:TIMESTAMP#
      </isNotNull>
      <isNotNull prepend="," property="createdBy" >
        created_by = #createdBy:VARCHAR#
      </isNotNull>
      <isNotNull prepend="," property="createdOn" >
        created_on = getdate()
      </isNotNull>
      <isNotNull prepend="," property="modifiedBy" >
        modified_by = #modifiedBy:VARCHAR#
      </isNotNull>
      <isNotNull prepend="," property="modifiedOn" >
        modified_on = getdate()
      </isNotNull>
    </dynamic>
    where policy_number = #policyNumber:VARCHAR#
      and reference_number = #referenceNumber:VARCHAR#
  </update>
  <!--<select id="abatorgenerated_retrieveRenemPolicyValues" resultMap="abatorgenerated_retrieveRenemPolicyValues" parameterClass="com.tcs.dop.pos.common.data.pli.DopPostalLifeInsuranceKey" >
    
      WARNING - This element is automatically generated by Abator for iBATIS, do not modify.
      This element was generated on Sun May 12 11:31:01 IST 2013.
    
    select policy_number, reference_number, new_renew, policy_holder_name, policy_holder_address,
      policy_type, sum_assured, age_at_maturity, policy_holder_dob, payment_mode, premium_amount,
      late_fee, agent_code, transaction_total, next_premium
    from dop_postal_life_insurance
    where policy_number = #policyNumber:VARCHAR#
  </select>
  
  -->
  <select id="abatorgenerated_retrieveLastTxnRecord" resultMap="abatorgenerated_retrieveLastTxnRecord" parameterClass="com.tcs.dop.pos.common.data.pli.DopPostalLifeInsuranceKey" >
    <!--
      WARNING - This element is automatically generated by Abator for iBATIS, do not modify.
      This element was generated on Sun May 12 11:31:01 IST 2013.
    -->
     select policy_number, new_renew, policy_holder_name, policy_holder_address,
      policy_type, sum_assured, age_at_maturity, policy_holder_dob, payment_mode, premium_amount,
      late_fee, nominee_name, nominee_address, nominee_dob, agent_code, transaction_date,
      transaction_total, next_premium
    from dop_postal_life_insurance a
    where a.policy_number = #policyNumber:VARCHAR# and a.transaction_date = (select MAX(transaction_date) from dop_postal_life_insurance b where b.policy_number = #policyNumber:VARCHAR#) FOR READ ONLY
  </select>
</sqlMap>