<?xml version="1.0" encoding="UTF-8" ?>
<!DOCTYPE sqlMap PUBLIC "-//ibatis.apache.org//DTD SQL Map 2.0//EN" "http://ibatis.apache.org/dtd/sql-map-2.dtd" >
<sqlMap namespace="DOP_DIRECT_POST" >
  <resultMap id="abatorgenerated_DopDirectPostResult" class="com.tcs.pos.common.data.invoice.DopDirectPost" >
    <!--
      WARNING - This element is automatically generated by Abator for iBATIS, do not modify.
      This element was generated on Fri Nov 08 18:50:40 IST 2013.
    -->
    <result column="DIRECT_POST_ID" property="directPostId" jdbcType="INTEGER" />
    <result column="INVOICE_NO" property="invoiceNo" jdbcType="VARCHAR" />
    <result column="DESTINATION" property="destination" jdbcType="VARCHAR" />
    <result column="CUSTOMER_ID" property="customerId" jdbcType="VARCHAR" />
    <result column="WEIGHT" property="weight" jdbcType="REAL" />
    <result column="RATE" property="rate" jdbcType="REAL" />
    <result column="QUANTITY" property="quantity" jdbcType="REAL" />
    <result column="TOTAL_AMOUNT" property="totalAmount" jdbcType="INTEGER" />
    <result column="USER_GROUP_ID" property="userGroupId" jdbcType="INTEGER" />
    <result column="TARGET_GROUP_ID" property="targetGroupId" jdbcType="INTEGER" />
    <result column="PURPOSE_ID" property="purposeId" jdbcType="INTEGER" />
    <result column="CREATED_BY" property="createdBy" jdbcType="VARCHAR" />
    <result column="CREATED_ON" property="createdOn" jdbcType="TIMESTAMP" />
    <result column="MODIFIED_BY" property="modifiedBy" jdbcType="VARCHAR" />
    <result column="MODIFIED_ON" property="modifiedOn" jdbcType="TIMESTAMP" />
    <result column="PREPAID_AMOUNT" property="prepaidAmt" jdbcType="REAL" />
  </resultMap>
   <resultMap id="abatorgenerated_DopDirectPostResult1" class="com.tcs.pos.common.data.invoice.DopDirectPost" >
    <!--
      WARNING - This element is automatically generated by Abator for iBATIS, do not modify.
      This element was generated on Fri Nov 08 18:50:40 IST 2013.
    -->
    <result column="DIRECT_POST_ID" property="directPostId" jdbcType="INTEGER" />
   
  </resultMap>
  <select id="abatorgenerated_selectByPrimaryKey" resultMap="abatorgenerated_DopDirectPostResult" parameterClass="com.tcs.pos.common.data.invoice.DopDirectPostKey" >
    <!--
      WARNING - This element is automatically generated by Abator for iBATIS, do not modify.
      This element was generated on Fri Nov 08 18:50:40 IST 2013.
    -->
    select DIRECT_POST_ID, INVOICE_NO, DESTINATION, CUSTOMER_ID, WEIGHT, RATE, QUANTITY,
      TOTAL_AMOUNT, USER_GROUP_ID, TARGET_GROUP_ID, PURPOSE_ID, CREATED_BY, CREATED_ON, MODIFIED_BY,
      MODIFIED_ON
    from DOP_DIRECT_POST
    where DIRECT_POST_ID = #directPostId:INTEGER#
      and INVOICE_NO = #invoiceNo:VARCHAR# FOR READ ONLY
  </select>
   <select id="abatorgenerated_selectDirectPostID" resultMap="abatorgenerated_DopDirectPostResult1" parameterClass="com.tcs.pos.common.data.invoice.DopDirectPostKey" >
		<!-- WARNING - This element is automatically generated by Abator for iBATIS, 
			do not modify. This element was generated on Thu Sep 19 11:58:34 GMT+05:30 
			2013. -->
		
        select max(DIRECT_POST_ID) as DIRECT_POST_ID from DOP_DIRECT_POST FOR READ ONLY
	</select>
  <delete id="abatorgenerated_deleteByPrimaryKey" parameterClass="com.tcs.pos.common.data.invoice.DopDirectPostKey" >
    <!--
      WARNING - This element is automatically generated by Abator for iBATIS, do not modify.
      This element was generated on Fri Nov 08 18:50:40 IST 2013.
    -->
    delete from DOP_DIRECT_POST
    where DIRECT_POST_ID = #directPostId:INTEGER#
      and INVOICE_NO = #invoiceNo:VARCHAR#
  </delete>
  <insert id="abatorgenerated_insert" parameterClass="com.tcs.pos.common.data.invoice.DopDirectPost" >
    <!--
      WARNING - This element is automatically generated by Abator for iBATIS, do not modify.
      This element was generated on Fri Nov 08 18:50:40 IST 2013.
    -->
    insert into DOP_DIRECT_POST (DIRECT_POST_ID,INVOICE_NO, DESTINATION, CUSTOMER_ID, WEIGHT, RATE,
      QUANTITY, TOTAL_AMOUNT, USER_GROUP_ID, TARGET_GROUP_ID, PURPOSE_ID, CREATED_BY, CREATED_ON,
      MODIFIED_BY, MODIFIED_ON,IS_ARTICLE_VOID,PREPAID_AMOUNT,PREPAID_TYPE,IS_REVERSED)
    values (#directPostId:INTEGER#, #invoiceNo:VARCHAR#, #destination:VARCHAR#,
      #customerId:VARCHAR#, #weight:REAL#, #rate:REAL#, #quantity:REAL#, #totalAmntValue:REAL#,
      #userGroupId:INTEGER#, #targetGroupId:INTEGER#, #purposeId:INTEGER#, #createdBy:VARCHAR#,
      getdate(), #modifiedBy:VARCHAR#, getdate(),#isItemVoid:BIT#,
      #prepaidAmt:REAL#,#prepaidType:VARCHAR#,#isReversed:BIT#)
  </insert>
  <update id="abatorgenerated_updateByPrimaryKey" parameterClass="com.tcs.pos.common.data.invoice.DopDirectPost" >
    <!--
      WARNING - This element is automatically generated by Abator for iBATIS, do not modify.
      This element was generated on Fri Nov 08 18:50:40 IST 2013.
    -->
    update DOP_DIRECT_POST
    set DESTINATION = #destination:VARCHAR#,
      CUSTOMER_ID = #customerId:VARCHAR#,
      WEIGHT = #weight:REAL#,
      RATE = #rate:REAL#,
      QUANTITY = #quantity:REAL#,
      TOTAL_AMOUNT = #totalAmntValue:REAL#,
      USER_GROUP_ID = #userGroupId:INTEGER#,
      TARGET_GROUP_ID = #targetGroupId:INTEGER#,
      PREPAID_AMOUNT=#prepaidAmt:REAL#,
      PREPAID_TYPE=#prepaidType:VARCHAR#,
      PURPOSE_ID = #purposeId:INTEGER#,
      CREATED_BY = #createdBy:VARCHAR#,
      CREATED_ON = getdate(),
      MODIFIED_BY = #modifiedBy:VARCHAR#,
      MODIFIED_ON = getdate()
    where DIRECT_POST_ID = #directPostId:INTEGER#
      and INVOICE_NO = #invoiceNo:VARCHAR#
  </update>
  <update id="abatorgenerated_updateByPrimaryKeySelective" parameterClass="com.tcs.pos.common.data.invoice.DopDirectPost" >
    <!--
      WARNING - This element is automatically generated by Abator for iBATIS, do not modify.
      This element was generated on Fri Nov 08 18:50:40 IST 2013.
    -->
    update DOP_DIRECT_POST
    <dynamic prepend="set" >
      <isNotNull prepend="," property="destination" >
        DESTINATION = #destination:VARCHAR#
      </isNotNull>
      <isNotNull prepend="," property="customerId" >
        CUSTOMER_ID = #customerId:VARCHAR#
      </isNotNull>
      <isNotNull prepend="," property="weight" >
        WEIGHT = #weight:REAL#
      </isNotNull>
      <isNotNull prepend="," property="rate" >
        RATE = #rate:REAL#
      </isNotNull>
      <isNotNull prepend="," property="quantity" >
        QUANTITY = #quantity:REAL#
      </isNotNull>
      <isNotNull prepend="," property="totalAmount" >
        TOTAL_AMOUNT = #totalAmount:INTEGER#
      </isNotNull>
      <isNotNull prepend="," property="userGroupId" >
        USER_GROUP_ID = #userGroupId:INTEGER#
      </isNotNull>
      <isNotNull prepend="," property="targetGroupId" >
        TARGET_GROUP_ID = #targetGroupId:INTEGER#
      </isNotNull>
      <isNotNull prepend="," property="purposeId" >
        PURPOSE_ID = #purposeId:INTEGER#
      </isNotNull>
      <isNotNull prepend="," property="createdBy" >
        CREATED_BY = #createdBy:VARCHAR#
      </isNotNull>
      <isNotNull prepend="," property="createdOn" >
        CREATED_ON = getdate()
      </isNotNull>
      <isNotNull prepend="," property="modifiedBy" >
        MODIFIED_BY = #modifiedBy:VARCHAR#
      </isNotNull>
      <isNotNull prepend="," property="modifiedOn" >
        MODIFIED_ON = getdate()
      </isNotNull>
    </dynamic>
    where DIRECT_POST_ID = #directPostId:INTEGER#
      and INVOICE_NO = #invoiceNo:VARCHAR#
  </update>
  
   <resultMap id="abatorgenerated_RateResult" class="com.tcs.postal.common.data.mail.PostalServiceChargeMaster" >
    <!--
      WARNING - This element is automatically generated by Abator for iBATIS, do not modify.
      This element was generated on Fri Nov 08 18:50:40 IST 2013.
    -->
    <result column="BASE_PRICE" jdbcType="FLOAT" property="basePrice" />
   
  </resultMap>
   <select id="abatorgenerated_selectRate" resultMap="abatorgenerated_RateResult" parameterClass="com.tcs.pos.common.data.invoice.DopDirectPost" >
		<!-- WARNING - This element is automatically generated by Abator for iBATIS, 
			do not modify. This element was generated on Thu Sep 19 11:58:34 GMT+05:30 
			2013. -->
SELECT POSTAL_SERVICE_CHARGE_MASTER.BASE_PRICE
FROM POSTAL_SERVICE_CHARGE_MASTER
WHERE POSTAL_SERVICE_CHARGE_MASTER.WEIGHT_ID LIKE 
(SELECT WEIGHT_ID
FROM POSTAL_WEIGHT_MASTER
WHERE #weight:REAL#  BETWEEN MIN_WEIGHT AND MAX_WEIGHT  AND SERVICE_ID=#serviceID:VARCHAR#)
AND POSTAL_SERVICE_CHARGE_MASTER.DISTANCE_ID=#destination:VARCHAR# AND POSTAL_SERVICE_CHARGE_MASTER.SERVICE_ID=#serviceID:VARCHAR#
AND POSTAL_SERVICE_CHARGE_MASTER.CUSTOMER_ID=#customerId:VARCHAR# FOR READ ONLY
	</select>
	
	 <update id="abatorgenerated_updateInvoice" parameterClass="com.tcs.pos.common.data.invoice.DopDirectPost" >
    <!--
      WARNING - This element is automatically generated by Abator for iBATIS, do not modify.
      This element was generated on Fri Nov 08 18:50:40 IST 2013.
    -->
    update INVOICE
    set  BILL_VOID_FLG='Y'
    where SYS_INVOICE_NO = #invoiceNo:VARCHAR#
  </update>
	
  <resultMap id="abatorgenerated_initDataForTable" class="com.tcs.pos.common.data.invoice.DopDirectPost" >
  	<result column="TOTAL_AMOUNT" property="totalAmount" jdbcType="INTEGER" />
  	<result column="PREPAID_AMOUNT" property="prepaidAmt" jdbcType="REAL" />
    <result column="SERVICE_NAME" property="serviceName" jdbcType="VARCHAR" />
    <result column="CREATED_ON" property="createdOn" jdbcType="TIMESTAMP" />
  </resultMap>
  <select id="initDataForTable" resultMap="abatorgenerated_initDataForTable" parameterClass="com.tcs.pos.common.data.invoice.DopDirectPost" >
    select ddp.TOTAL_AMOUNT, ddp.PREPAID_AMOUNT, psm.SERVICE_NAME, ddp.CREATED_ON
    from DOP_DIRECT_POST AS ddp, POSTAL_SERVICE_MASTER AS psm, LOGIN_REGISTER AS lr, INVOICE iv
	where psm.SERVICE_ID=#serviceID:VARCHAR# and ddp.CREATED_BY=#createdBy:VARCHAR# 
	  and lr.USER_ID=ddp.CREATED_BY and lr.SHIFT_NO=#shiftNo:VARCHAR# and lr.LOGOUT_TIME is NULL and ddp.IS_ARTICLE_VOID=0
	  and ddp.INVOICE_NO=iv.SYS_INVOICE_NO and iv.STATUS='I' and (iv.BILL_ON_HOLD_FLG ='N' or iv.BILL_ON_HOLD_FLG is NULL) and (iv.BILL_VOID_FLG ='N' or iv.BILL_VOID_FLG is NULL) 
      and convert(date,iv.INVOICE_DATE)=#storeDate:DATE# FOR READ ONLY
  </select>
</sqlMap>