<?xml version="1.0" encoding="UTF-8" ?>
<!DOCTYPE sqlMap PUBLIC "-//ibatis.apache.org//DTD SQL Map 2.0//EN" "http://ibatis.apache.org/dtd/sql-map-2.dtd" >
<sqlMap namespace="POSTAL_FACILITY_TO_FACILITY_DELIVERY" >
  <resultMap id="abatorgenerated_PostalFacilityToFacilityDeliveryResult" class="com.tcs.postal.common.data.mail.PostalFacilityToFacilityDelivery" >
    <!--
      WARNING - This element is automatically generated by Abator for iBATIS, do not modify.
      This element was generated on Thu Apr 03 16:11:46 GMT+05:30 2014.
    -->
    <result column="FACILITY_TO_FACILITY_DELIVERY_ID" property="facilityToFacilityDeliveryId" jdbcType="INTEGER" />
    <result column="FROM_FACILITY_ID" property="fromFacilityId" jdbcType="VARCHAR" />
    <result column="TO_FACILITY_ID" property="toFacilityId" jdbcType="VARCHAR" />
    <result column="SERVICE_ID" property="serviceId" jdbcType="VARCHAR" />
    <result column="DELIVERY_TYPE_ID" property="deliveryTypeId" jdbcType="VARCHAR" />
    <result column="FROM_PIN_CODE" property="fromPinCode" jdbcType="INTEGER" />
    <result column="TO_PIN_CODE" property="toPinCode" jdbcType="INTEGER" />
    <result column="CREATED_BY" property="createdBy" jdbcType="VARCHAR" />
    <result column="CREATED_ON" property="createdOn" jdbcType="TIMESTAMP" />
    <result column="MODIFIED_BY" property="modifiedBy" jdbcType="VARCHAR" />
    <result column="MODIFIED_ON" property="modifiedOn" jdbcType="TIMESTAMP" />
  </resultMap>
  <select id="abatorgenerated_selectByPrimaryKey" resultMap="abatorgenerated_PostalFacilityToFacilityDeliveryResult" parameterClass="com.tcs.postal.common.data.mail.PostalFacilityToFacilityDelivery" >
    <!--
      WARNING - This element is automatically generated by Abator for iBATIS, do not modify.
      This element was generated on Thu Apr 03 16:11:46 GMT+05:30 2014.
    -->
    select FACILITY_TO_FACILITY_DELIVERY_ID, FROM_FACILITY_ID, TO_FACILITY_ID, SERVICE_ID,
      DELIVERY_TYPE_ID, FROM_PIN_CODE, TO_PIN_CODE, CREATED_BY, CREATED_ON, MODIFIED_BY, MODIFIED_ON
    from POSTAL_FACILITY_TO_FACILITY_DELIVERY
    where FACILITY_TO_FACILITY_DELIVERY_ID = #facilityToFacilityDeliveryId:INTEGER# FOR READ ONLY
  </select>
  <delete id="abatorgenerated_deleteByPrimaryKey" parameterClass="com.tcs.postal.common.data.mail.PostalFacilityToFacilityDelivery" >
    <!--
      WARNING - This element is automatically generated by Abator for iBATIS, do not modify.
      This element was generated on Thu Apr 03 16:11:46 GMT+05:30 2014.
    -->
    delete from POSTAL_FACILITY_TO_FACILITY_DELIVERY
    where FACILITY_TO_FACILITY_DELIVERY_ID = #facilityToFacilityDeliveryId:INTEGER#
  </delete>
  <insert id="abatorgenerated_insert" parameterClass="com.tcs.postal.common.data.mail.PostalFacilityToFacilityDelivery" >
    <!--
      WARNING - This element is automatically generated by Abator for iBATIS, do not modify.
      This element was generated on Thu Apr 03 16:11:46 GMT+05:30 2014.
    -->
    insert into POSTAL_FACILITY_TO_FACILITY_DELIVERY (FACILITY_TO_FACILITY_DELIVERY_ID,
      FROM_FACILITY_ID, TO_FACILITY_ID, SERVICE_ID, DELIVERY_TYPE_ID, FROM_PIN_CODE, TO_PIN_CODE,
      CREATED_BY, CREATED_ON, MODIFIED_BY, MODIFIED_ON)
    values (#facilityToFacilityDeliveryId:INTEGER#, #fromFacilityId:VARCHAR#,
      #toFacilityId:VARCHAR#, #serviceId:VARCHAR#, #deliveryTypeId:VARCHAR#, #fromPinCode:INTEGER#,
      #toPinCode:INTEGER#, #createdBy:VARCHAR#, getdate(), #modifiedBy:VARCHAR#,
      getdate())
  </insert>
  <update id="abatorgenerated_updateByPrimaryKey" parameterClass="com.tcs.postal.common.data.mail.PostalFacilityToFacilityDelivery" >
    <!--
      WARNING - This element is automatically generated by Abator for iBATIS, do not modify.
      This element was generated on Thu Apr 03 16:11:46 GMT+05:30 2014.
    -->
    update POSTAL_FACILITY_TO_FACILITY_DELIVERY
    set FROM_FACILITY_ID = #fromFacilityId:VARCHAR#,
      TO_FACILITY_ID = #toFacilityId:VARCHAR#,
      SERVICE_ID = #serviceId:VARCHAR#,
      DELIVERY_TYPE_ID = #deliveryTypeId:VARCHAR#,
      FROM_PIN_CODE = #fromPinCode:INTEGER#,
      TO_PIN_CODE = #toPinCode:INTEGER#,
      CREATED_BY = #createdBy:VARCHAR#,
      CREATED_ON = getdate(),
      MODIFIED_BY = #modifiedBy:VARCHAR#,
      MODIFIED_ON = getdate()
    where FACILITY_TO_FACILITY_DELIVERY_ID = #facilityToFacilityDeliveryId:INTEGER#
  </update>
  <update id="abatorgenerated_updateByPrimaryKeySelective" parameterClass="com.tcs.postal.common.data.mail.PostalFacilityToFacilityDelivery" >
    <!--
      WARNING - This element is automatically generated by Abator for iBATIS, do not modify.
      This element was generated on Thu Apr 03 16:11:46 GMT+05:30 2014.
    -->
    update POSTAL_FACILITY_TO_FACILITY_DELIVERY
    <dynamic prepend="set" >
      <isNotNull prepend="," property="fromFacilityId" >
        FROM_FACILITY_ID = #fromFacilityId:VARCHAR#
      </isNotNull>
      <isNotNull prepend="," property="toFacilityId" >
        TO_FACILITY_ID = #toFacilityId:VARCHAR#
      </isNotNull>
      <isNotNull prepend="," property="serviceId" >
        SERVICE_ID = #serviceId:VARCHAR#
      </isNotNull>
      <isNotNull prepend="," property="deliveryTypeId" >
        DELIVERY_TYPE_ID = #deliveryTypeId:VARCHAR#
      </isNotNull>
      <isNotNull prepend="," property="fromPinCode" >
        FROM_PIN_CODE = #fromPinCode:INTEGER#
      </isNotNull>
      <isNotNull prepend="," property="toPinCode" >
        TO_PIN_CODE = #toPinCode:INTEGER#
      </isNotNull>
      <isNotNull prepend="," property="createdBy" >
        CREATED_BY = #createdBy:VARCHAR#
      </isNotNull>
      <isNotNull prepend="," property="createdOn" >
        CREATED_ON = getdate()
      </isNotNull>
      <isNotNull prepend="," property="modifiedBy" >
        MODIFIED_BY = #modifiedBy:VARCHAR#
      </isNotNull>
      <isNotNull prepend="," property="modifiedOn" >
        MODIFIED_ON = getdate()
      </isNotNull>
    </dynamic>
    where FACILITY_TO_FACILITY_DELIVERY_ID = #facilityToFacilityDeliveryId:INTEGER#
  </update>
  
  <resultMap id="abatorgenerated_getDeliveryTypeID" class="com.tcs.postal.common.data.mail.PostalFacilityToFacilityDelivery" >
    <!--
      WARNING - This element is automatically generated by Abator for iBATIS, do not modify.
      This element was generated on Thu Apr 03 16:11:46 GMT+05:30 2014.
    -->
    <result column="DELIVERY_TYPE_ID" property="deliveryTypeId" jdbcType="VARCHAR" />    
  </resultMap>
   <select id="getDeliveryTypeID" resultMap="abatorgenerated_getDeliveryTypeID" parameterClass="com.tcs.postal.common.data.mail.PostalFacilityToFacilityDelivery" >
    <!--
      WARNING - This element is automatically generated by Abator for iBATIS, do not modify.
      This element was generated on Thu Apr 03 16:11:46 GMT+05:30 2014.
    -->
   SELECT DELIVERY_TYPE_ID FROM POSTAL_FACILITY_TO_FACILITY_DELIVERY WHERE FROM_FACILITY_ID=#fromFacilityId:VARCHAR# and TO_FACILITY_ID=#toFacilityId:VARCHAR# and SERVICE_ID=#serviceId:VARCHAR# FOR READ ONLY
  </select>
  
</sqlMap>