<?xml version="1.0" encoding="UTF-8" ?>
<!DOCTYPE sqlMap PUBLIC "-//ibatis.apache.org//DTD SQL Map 2.0//EN" "http://ibatis.apache.org/dtd/sql-map-2.dtd" >
<sqlMap namespace="POSTAL_CONTRACT_SERVICE_ORDER_TYPE_MASTER" >
  <resultMap id="abatorgenerated_PostalContractServiceOrderTypeMasterResult" class="com.tcs.pos.common.data.common.PostalContractServiceOrderTypeMaster" >
    <!--
      WARNING - This element is automatically generated by Abator for iBATIS, do not modify.
      This element was generated on Thu May 15 11:31:38 GMT+05:30 2014.
    -->
    <result column="SERVICE_ID" property="serviceId" jdbcType="VARCHAR" />
    <result column="ORDER_TYPE" property="orderType" jdbcType="VARCHAR" />
    <result column="CREATED_BY" property="createdBy" jdbcType="VARCHAR" />
    <result column="CREATED_ON" property="createdOn" jdbcType="TIMESTAMP" />
    <result column="MODIFIED_BY" property="modifiedBy" jdbcType="VARCHAR" />
    <result column="MODIFIED_ON" property="modifiedOn" jdbcType="TIMESTAMP" />
    <result column="CONTRACT_TYPE" property="contractType" jdbcType="VARCHAR" />
  </resultMap>
  <select id="abatorgenerated_selectByPrimaryKey" resultMap="abatorgenerated_PostalContractServiceOrderTypeMasterResult" parameterClass="com.tcs.pos.common.data.common.PostalContractServiceOrderTypeMaster" >
    <!--
      WARNING - This element is automatically generated by Abator for iBATIS, do not modify.
      This element was generated on Thu May 15 11:31:38 GMT+05:30 2014.
    -->
    select SERVICE_ID, ORDER_TYPE, CREATED_BY, CREATED_ON, MODIFIED_BY, MODIFIED_ON,CONTRACT_TYPE
    from POSTAL_CONTRACT_SERVICE_ORDER_TYPE_MASTER
    where SERVICE_ID = #serviceId:VARCHAR# FOR READ ONLY
  </select>
  <delete id="abatorgenerated_deleteByPrimaryKey" parameterClass="com.tcs.pos.common.data.common.PostalContractServiceOrderTypeMaster" >
    <!--
      WARNING - This element is automatically generated by Abator for iBATIS, do not modify.
      This element was generated on Thu May 15 11:31:38 GMT+05:30 2014.
    -->
    delete from POSTAL_CONTRACT_SERVICE_ORDER_TYPE_MASTER
    where SERVICE_ID = #serviceId:VARCHAR#
  </delete>
  <insert id="abatorgenerated_insert" parameterClass="com.tcs.pos.common.data.common.PostalContractServiceOrderTypeMaster" >
    <!--
      WARNING - This element is automatically generated by Abator for iBATIS, do not modify.
      This element was generated on Thu May 15 11:31:38 GMT+05:30 2014.
    -->
    insert into POSTAL_CONTRACT_SERVICE_ORDER_TYPE_MASTER (SERVICE_ID, ORDER_TYPE, CREATED_BY,
      CREATED_ON, MODIFIED_BY, MODIFIED_ON,CONTRACT_TYPE)
    values (#serviceId:VARCHAR#, #orderType:VARCHAR#, #createdBy:VARCHAR#, getdate(),
      #modifiedBy:VARCHAR#, getdate(),#contractType:VARCHAR#)
  </insert>
  <update id="abatorgenerated_updateByPrimaryKey" parameterClass="com.tcs.pos.common.data.common.PostalContractServiceOrderTypeMaster" >
    <!--
      WARNING - This element is automatically generated by Abator for iBATIS, do not modify.
      This element was generated on Thu May 15 11:31:38 GMT+05:30 2014.
    -->
    update POSTAL_CONTRACT_SERVICE_ORDER_TYPE_MASTER
    set ORDER_TYPE = #orderType:VARCHAR#,
      CREATED_BY = #createdBy:VARCHAR#,
      CREATED_ON = getdate(),
      MODIFIED_BY = #modifiedBy:VARCHAR#,
      MODIFIED_ON = getdate()
    where SERVICE_ID = #serviceId:VARCHAR#
  </update>
  <update id="abatorgenerated_updateByPrimaryKeySelective" parameterClass="com.tcs.pos.common.data.common.PostalContractServiceOrderTypeMaster" >
    <!--
      WARNING - This element is automatically generated by Abator for iBATIS, do not modify.
      This element was generated on Thu May 15 11:31:38 GMT+05:30 2014.
    -->
    update POSTAL_CONTRACT_SERVICE_ORDER_TYPE_MASTER
    <dynamic prepend="set" >
      <isNotNull prepend="," property="orderType" >
        ORDER_TYPE = #orderType:VARCHAR#
      </isNotNull>
      <isNotNull prepend="," property="createdBy" >
        CREATED_BY = #createdBy:VARCHAR#
      </isNotNull>
      <isNotNull prepend="," property="createdOn" >
        CREATED_ON = getdate()
      </isNotNull>
      <isNotNull prepend="," property="modifiedBy" >
        MODIFIED_BY = #modifiedBy:VARCHAR#
      </isNotNull>
      <isNotNull prepend="," property="modifiedOn" >
        MODIFIED_ON = getdate()
      </isNotNull>
    </dynamic>
    where SERVICE_ID = #serviceId:VARCHAR#
  </update>
  
  <select id="getContractServiceOrderType" resultMap="abatorgenerated_PostalContractServiceOrderTypeMasterResult" parameterClass="com.tcs.pos.common.data.common.PostalContractServiceOrderTypeMaster" >
	select TOP 1 SERVICE_ID, ORDER_TYPE, CREATED_BY, CREATED_ON, MODIFIED_BY, MODIFIED_ON,CONTRACT_TYPE
    from POSTAL_CONTRACT_SERVICE_ORDER_TYPE_MASTER
    where SERVICE_ID = #serviceId:VARCHAR# 
    <dynamic>
      <isNotNull prepend="AND" property="contractType" >
        CONTRACT_TYPE = #contractType:VARCHAR#
      </isNotNull>
    </dynamic>
    FOR READ ONLY
  </select>
</sqlMap>