<?xml version="1.0" encoding="UTF-8" ?>
<!DOCTYPE sqlMap PUBLIC "-//ibatis.apache.org//DTD SQL Map 2.0//EN" "http://ibatis.apache.org/dtd/sql-map-2.dtd" >
<sqlMap namespace="POSTAL_IDENTITY_TYPE_MASTER" >
  <resultMap id="abatorgenerated_PostalIdentityTypeMasterResult" class="com.tcs.dop.pos.common.moneyremittance.internationalmoneyorder.data.PostalIdentityTypeMaster" >
    <!--
      WARNING - This element is automatically generated by Abator for iBATIS, do not modify.
      This element was generated on Thu May 15 11:29:48 GMT+05:30 2014.
    -->
    <result column="IDENTITY_TYPE_CODE" property="identityTypeCode" jdbcType="VARCHAR" />
    <result column="IDENTITY_TYPE_DESCRIPTION" property="identityTypeDescription" jdbcType="VARCHAR" />
    <result column="CREATED_BY" property="createdBy" jdbcType="VARCHAR" />
    <result column="CREATED_ON" property="createdOn" jdbcType="TIMESTAMP" />
    <result column="MODIFIED_BY" property="modifiedBy" jdbcType="VARCHAR" />
    <result column="MODIFIED_ON" property="modifiedOn" jdbcType="TIMESTAMP" />
  </resultMap>
  <select id="abatorgenerated_selectByPrimaryKey" resultMap="abatorgenerated_PostalIdentityTypeMasterResult" parameterClass="com.tcs.dop.pos.common.moneyremittance.internationalmoneyorder.data.PostalIdentityTypeMaster" >
    <!--
      WARNING - This element is automatically generated by Abator for iBATIS, do not modify.
      This element was generated on Thu May 15 11:29:48 GMT+05:30 2014.
    -->
    select IDENTITY_TYPE_CODE, IDENTITY_TYPE_DESCRIPTION, CREATED_BY, CREATED_ON, MODIFIED_BY,
      MODIFIED_ON
    from POSTAL_IDENTITY_TYPE_MASTER
    where IDENTITY_TYPE_CODE = #identityTypeCode:VARCHAR# FOR READ ONLY
  </select>
  <delete id="abatorgenerated_deleteByPrimaryKey" parameterClass="com.tcs.dop.pos.common.moneyremittance.internationalmoneyorder.data.PostalIdentityTypeMaster" >
    <!--
      WARNING - This element is automatically generated by Abator for iBATIS, do not modify.
      This element was generated on Thu May 15 11:29:48 GMT+05:30 2014.
    -->
    delete from POSTAL_IDENTITY_TYPE_MASTER
    where IDENTITY_TYPE_CODE = #identityTypeCode:VARCHAR#
  </delete>
  <insert id="abatorgenerated_insert" parameterClass="com.tcs.dop.pos.common.moneyremittance.internationalmoneyorder.data.PostalIdentityTypeMaster" >
    <!--
      WARNING - This element is automatically generated by Abator for iBATIS, do not modify.
      This element was generated on Thu May 15 11:29:48 GMT+05:30 2014.
    -->
    insert into POSTAL_IDENTITY_TYPE_MASTER (IDENTITY_TYPE_CODE, IDENTITY_TYPE_DESCRIPTION,
      CREATED_BY, CREATED_ON, MODIFIED_BY, MODIFIED_ON)
    values (#identityTypeCode:VARCHAR#, #identityTypeDescription:VARCHAR#, #createdBy:VARCHAR#,
      getdate(), #modifiedBy:VARCHAR#, getdate())
  </insert>
  <update id="abatorgenerated_updateByPrimaryKey" parameterClass="com.tcs.dop.pos.common.moneyremittance.internationalmoneyorder.data.PostalIdentityTypeMaster" >
    <!--
      WARNING - This element is automatically generated by Abator for iBATIS, do not modify.
      This element was generated on Thu May 15 11:29:48 GMT+05:30 2014.
    -->
    update POSTAL_IDENTITY_TYPE_MASTER
    set IDENTITY_TYPE_DESCRIPTION = #identityTypeDescription:VARCHAR#,
      CREATED_BY = #createdBy:VARCHAR#,
      CREATED_ON = getdate(),
      MODIFIED_BY = #modifiedBy:VARCHAR#,
      MODIFIED_ON = getdate()
    where IDENTITY_TYPE_CODE = #identityTypeCode:VARCHAR#
  </update>
  <update id="abatorgenerated_updateByPrimaryKeySelective" parameterClass="com.tcs.dop.pos.common.moneyremittance.internationalmoneyorder.data.PostalIdentityTypeMaster" >
    <!--
      WARNING - This element is automatically generated by Abator for iBATIS, do not modify.
      This element was generated on Thu May 15 11:29:48 GMT+05:30 2014.
    -->
    update POSTAL_IDENTITY_TYPE_MASTER
    <dynamic prepend="set" >
      <isNotNull prepend="," property="identityTypeDescription" >
        IDENTITY_TYPE_DESCRIPTION = #identityTypeDescription:VARCHAR#
      </isNotNull>
      <isNotNull prepend="," property="createdBy" >
        CREATED_BY = #createdBy:VARCHAR#
      </isNotNull>
      <isNotNull prepend="," property="createdOn" >
        CREATED_ON = getdate()
      </isNotNull>
      <isNotNull prepend="," property="modifiedBy" >
        MODIFIED_BY = #modifiedBy:VARCHAR#
      </isNotNull>
      <isNotNull prepend="," property="modifiedOn" >
        MODIFIED_ON = getdate()
      </isNotNull>
    </dynamic>
    where IDENTITY_TYPE_CODE = #identityTypeCode:VARCHAR#
  </update>
  
  <select id="getIdentityTypeList" resultMap="abatorgenerated_PostalIdentityTypeMasterResult" parameterClass="com.tcs.dop.pos.common.moneyremittance.internationalmoneyorder.data.PostalIdentityTypeMaster" >
    
    select IDENTITY_TYPE_CODE, IDENTITY_TYPE_DESCRIPTION, CREATED_BY, CREATED_ON, MODIFIED_BY,
      MODIFIED_ON
    from POSTAL_IDENTITY_TYPE_MASTER FOR READ ONLY    
  </select>
</sqlMap>