<?xml version="1.0" encoding="UTF-8" ?>
<!DOCTYPE sqlMap PUBLIC "-//ibatis.apache.org//DTD SQL Map 2.0//EN" "http://ibatis.apache.org/dtd/sql-map-2.dtd" >
<sqlMap namespace="DOP_BILL_MAIL_TRANSPORT_SERVICES" >
  <resultMap id="abatorgenerated_DopBillMailTransportServicesResult" class="com.tcs.pos.common.data.billmail.DopBillMailTransportServices" >
    <!--
      WARNING - This element is automatically generated by Abator for iBATIS, do not modify.
      This element was generated on Tue Feb 25 20:10:36 GMT+05:30 2014.
    -->
    <result column="SERVICE_ID" property="serviceId" jdbcType="VARCHAR" />
    <result column="CREATED_BY" property="createdBy" jdbcType="VARCHAR" />
    <result column="CREATED_ON" property="createdOn" jdbcType="TIMESTAMP" />
    <result column="MODIFIED_BY" property="modifiedBy" jdbcType="VARCHAR" />
    <result column="MODIFIED_ON" property="modifiedOn" jdbcType="TIMESTAMP" />
  </resultMap>
  <select id="abatorgenerated_selectByPrimaryKey" resultMap="abatorgenerated_DopBillMailTransportServicesResult" parameterClass="com.tcs.pos.common.data.billmail.DopBillMailTransportServices" >
    <!--
      WARNING - This element is automatically generated by Abator for iBATIS, do not modify.
      This element was generated on Tue Feb 25 20:10:36 GMT+05:30 2014.
    -->
    select SERVICE_ID, CREATED_BY, CREATED_ON, MODIFIED_BY, MODIFIED_ON
    from DOP_BILL_MAIL_TRANSPORT_SERVICES
    where SERVICE_ID = #serviceId:VARCHAR# FOR READ ONLY
  </select>
  <delete id="abatorgenerated_deleteByPrimaryKey" parameterClass="com.tcs.pos.common.data.billmail.DopBillMailTransportServices" >
    <!--
      WARNING - This element is automatically generated by Abator for iBATIS, do not modify.
      This element was generated on Tue Feb 25 20:10:36 GMT+05:30 2014.
    -->
    delete from DOP_BILL_MAIL_TRANSPORT_SERVICES
    where SERVICE_ID = #serviceId:VARCHAR#
  </delete>
  <insert id="abatorgenerated_insert" parameterClass="com.tcs.pos.common.data.billmail.DopBillMailTransportServices" >
    <!--
      WARNING - This element is automatically generated by Abator for iBATIS, do not modify.
      This element was generated on Tue Feb 25 20:10:36 GMT+05:30 2014.
    -->
    insert into DOP_BILL_MAIL_TRANSPORT_SERVICES (SERVICE_ID, CREATED_BY, CREATED_ON, MODIFIED_BY,
      MODIFIED_ON)
    values (#serviceId:VARCHAR#, #createdBy:VARCHAR#, getdate(), #modifiedBy:VARCHAR#,
      getdate())
  </insert>
  <update id="abatorgenerated_updateByPrimaryKey" parameterClass="com.tcs.pos.common.data.billmail.DopBillMailTransportServices" >
    <!--
      WARNING - This element is automatically generated by Abator for iBATIS, do not modify.
      This element was generated on Tue Feb 25 20:10:36 GMT+05:30 2014.
    -->
    update DOP_BILL_MAIL_TRANSPORT_SERVICES
    set CREATED_BY = #createdBy:VARCHAR#,
      CREATED_ON = getdate(),
      MODIFIED_BY = #modifiedBy:VARCHAR#,
      MODIFIED_ON = getdate()
    where SERVICE_ID = #serviceId:VARCHAR#
  </update>
  <update id="abatorgenerated_updateByPrimaryKeySelective" parameterClass="com.tcs.pos.common.data.billmail.DopBillMailTransportServices" >
    <!--
      WARNING - This element is automatically generated by Abator for iBATIS, do not modify.
      This element was generated on Tue Feb 25 20:10:36 GMT+05:30 2014.
    -->
    update DOP_BILL_MAIL_TRANSPORT_SERVICES
    <dynamic prepend="set" >
      <isNotNull prepend="," property="createdBy" >
        CREATED_BY = #createdBy:VARCHAR#
      </isNotNull>
      <isNotNull prepend="," property="createdOn" >
        CREATED_ON = getdate()
      </isNotNull>
      <isNotNull prepend="," property="modifiedBy" >
        MODIFIED_BY = #modifiedBy:VARCHAR#
      </isNotNull>
      <isNotNull prepend="," property="modifiedOn" >
        MODIFIED_ON = getdate()
      </isNotNull>
    </dynamic>
    where SERVICE_ID = #serviceId:VARCHAR#
  </update>
  
  
   <resultMap id="abatorgenerated_DopBillMailTransportServicesResult1" class="com.tcs.postal.common.data.mail.PostalServiceMaster" >
    <!--
      WARNING - This element is automatically generated by Abator for iBATIS, do not modify.
      This element was generated on Tue Feb 25 20:10:36 GMT+05:30 2014.
    -->
    <result column="SERVICE_NAME" property="serviceName" jdbcType="VARCHAR" />
     <result column="SERVICE_ID" property="serviceId" jdbcType="VARCHAR" />
    
  </resultMap>
  <select id="abatorgenerated_selectServiceName" resultMap="abatorgenerated_DopBillMailTransportServicesResult1" parameterClass="com.tcs.pos.common.data.billmail.DopBillMailTransportServices" >
    <!--
      WARNING - This element is automatically generated by Abator for iBATIS, do not modify.
      This element was generated on Tue Feb 25 20:10:36 GMT+05:30 2014.
    -->
  SELECT SERVICE_NAME,dbmts.SERVICE_ID
  FROM "POSTAL"."DOP_BILL_MAIL_TRANSPORT_SERVICES" dbmts ,"POSTAL"."POSTAL_SERVICE_MASTER" psm
  WHERE dbmts.SERVICE_ID=psm.SERVICE_ID FOR READ ONLY
  </select>
  
  
</sqlMap>